finalist,cluster,cluster_descriptor,size,coverage_share,persistence,membership_mean,validation_n,specter_knn15_purity,specter_knn50_purity,specter_cosine_cohesion,text_npmi,text_term_exclusivity,best_current_cluster,best_current_jaccard,subsample_jaccard_mean,subsample_jaccard_median,subsample_jaccard_min,subsample_jaccard_ci_low,subsample_jaccard_ci_high,stability_band,nondegenerate_runs,subsample_jaccard_mean_nondegenerate,subsample_jaccard_median_nondegenerate,pca_refitted,paper_consistency_mean,paper_consistency_median,paper_consistency_p10,paper_consistency_below_half_pct,top_terms,representative_titles,knn50_lift_over_cluster_share,weak_resampling,weak_specter_locality,low_text_coherence,weak_semantic_boundary,unstable_papers,review_flag
current_30d_42,0,Neutrosophic Logic,218,0.00314121,0.58433032,0.98212730,20,0.95000000,0.93100000,0.91809915,0.19995323,0.61724085,0,1.00000000,0.96878291,0.97644124,0.92227979,0.92787821,0.99436818,at_least_0.85,17.00000000,0.96719723,0.97560976,,0.99537189,1.00000000,1.00000000,0.45871560,neutrosophic; set; sets; fuzzy; neutrosophic set,An Overview of Neutrosophic and Plithogenic Theories and Applications | Neutrosophic Triplet Structures. Volume I | Degrees of Membership > 1 and < 0 of the Elements with Respect to a Neutrosophic OffSet,0.92785879,False,False,False,False,False,False
current_30d_42,1,OCR/Font Artifacts,273,0.00393372,0.88527980,0.89520988,25,0.90133333,0.83440000,0.91378999,-0.24699407,0.12643710,1,1.00000000,0.93831216,0.93540088,0.90222222,0.91015315,0.96894483,at_least_0.85,17.00000000,0.94123820,0.94805195,,0.95551950,1.00000000,0.89777778,4.02930403,nietzsche; philosophy; human; moral; theory,"Our Toil Respite Only: Woolf, Diamond and the Difficulty of Reality | Gramsci’s ‘Non-contemporaneity’ | A Defense of Integrity as a Conservation Concept",0.83046628,False,False,True,True,False,True
current_30d_42,2,Biomedical Ontology,406,0.00585014,0.64740589,0.78010317,36,0.73333333,0.67666667,0.88963877,0.10086409,0.29831746,2,1.00000000,0.77012341,0.85144124,0.00580499,0.00588362,0.94144427,0.75_to_0.85,17.00000000,0.85529900,0.89693593,,0.84972399,0.88235294,0.70588235,3.94088670,ontology; ontologies; biomedical; data; information,Philosophy and Biomedical Information Systems | Ontological realism: A methodology for coordinated evolution of scientiﬁc ontologies | The Ontology of Tendencies and Medical Information Sciences,0.67081652,False,False,False,False,False,False
current_30d_42,3,Philosophy of Biology & Evolution,1843,0.02655620,0.27020611,0.83620265,163,0.77464213,0.71398773,0.89645968,0.14473023,0.28024539,3,1.00000000,0.72200531,0.84916522,0.02632152,0.02652477,0.87169788,0.60_to_0.75,17.00000000,0.84472209,0.85000000,,0.76595021,0.82352941,0.50000000,8.62723820,evolutionary; biology; evolution; biological; science,"Book Notice of Rosenberg & Arp (eds) Philosophy of Biology: An Anthology | Biological Individuals | Symbiosis, History of",0.68743153,False,False,False,False,False,False
current_30d_42,4,Machine Learning & Networks,346,0.00498559,0.20693216,0.86097329,26,0.69487179,0.52769231,0.78295585,0.13193899,0.44268140,4,1.00000000,0.71237480,0.84992379,0.00488168,0.00494111,0.93221326,0.60_to_0.75,17.00000000,0.83720311,0.85971223,,0.73822318,0.81250000,0.50000000,9.82658960,using; dataset; data; network; accuracy,Prediction of Heart Disease Using a Collection of Machine and Deep Learning Algorithms | Prediction of Heart Disease Using a Collection of Machine and Deep Learning Algorithms | Leveraging Artificial Neural Networks for Cancer Prediction: A Synthetic Dataset Approach,0.52270672,False,False,False,False,False,False
current_30d_42,5,Bioethics & Medicine,2823,0.04067723,0.14908820,0.91662776,244,0.77322404,0.70459016,0.84893046,0.11485420,0.36026201,5,1.00000000,0.53227809,0.43042852,0.04079819,0.04102072,0.92772851,below_0.60,17.00000000,0.61894790,0.79447323,,0.54258011,0.50000000,0.35294118,40.91392136,health; medical; ethics; care; abortion,"The Medical Ethics of Miracle Max | Toward a Critical Theory of Harm: Ableism, Normativity, and Transability (On Body Integrity Identity Disorder) | To be Real: Telling the Truth and Changing the Face of Feminism",0.66391293,True,False,False,False,True,True
current_30d_42,6,Research Ethics & Integrity,285,0.00410663,0.12654521,0.91468053,15,0.57777778,0.36666667,0.88715149,-0.09319242,0.45181939,6,1.00000000,0.48681865,0.54303557,0.00281690,0.00333692,0.82339744,below_0.60,17.00000000,0.57201104,0.62809917,,0.61064680,0.68750000,0.28907563,24.21052632,research; science; scientific; academic; publishing,For the Common Good: Philosophical Foundations of Research Ethics | Digital Literature Analysis for Empirical Philosophy of Science | Should editors with multiple retractions or a record of academic misconduct serve on journal editorial boards?,0.36256004,True,True,False,True,False,True
current_30d_42,7,Philosophy of Physics & Time,2790,0.04020173,0.24561006,0.85429975,224,0.83244048,0.77776786,0.88907861,0.15888290,0.35884902,7,1.00000000,0.70125630,0.88610640,0.03966368,0.03975450,0.90237016,0.60_to_0.75,17.00000000,0.81794826,0.88930818,,0.73550609,0.76470588,0.58823529,6.59498208,time; quantum; physics; mechanics; theory,"The Cosmic Void | The philosophical implications of the loophole-free violation of Bell’s inequality: Quantum entanglement, timelessness, triple-aspect monism, mathematical Platonism and scientific morality. | Privileged-Perspective Realism in the Quantum Multiverse",0.73756613,False,False,False,False,False,False
current_30d_42,8,Causation & Explanation,549,0.00791066,0.12534754,0.84190368,40,0.71166667,0.63200000,0.93132374,-0.13005166,0.35118183,8,1.00000000,0.51436484,0.59258443,0.00769454,0.00781650,0.74734748,below_0.60,17.00000000,0.60373671,0.63102410,,0.75828112,0.81250000,0.53333333,8.19672131,causation; causal; explanation; explanations; explanatory,Purposeful Explanation and Causal Gaps | Making Something Happen. Where Causation and Agency Meet. | Review of Making Things Happen,0.62408934,True,False,True,True,False,True
current_30d_42,9,Scientific Realism,380,0.00547550,0.19726735,0.87772229,27,0.80740741,0.69259259,0.93945412,0.09133594,0.42285895,9,1.00000000,0.49856177,0.54981327,0.00540796,0.00548733,0.77913863,below_0.60,17.00000000,0.58556854,0.59619450,,0.69481470,0.72222222,0.58333333,7.10526316,scientific; science; realism; scientific realism; theories,"Scientific Realism | A methodological argument against scientific realism | An empiricist regarding science, an empiricist regarding representation",0.68711709,True,False,False,False,False,True
current_30d_42,10,Philosophy of Mental Disorder,1166,0.01680115,0.19231080,0.65413031,96,0.65555556,0.53770833,0.88770779,0.09674557,0.55268651,10,1.00000000,0.64593756,0.75135895,0.01690703,0.01693595,0.81278514,0.60_to_0.75,17.00000000,0.75691675,0.75477387,,0.70137833,0.80000000,0.35294118,19.55403087,mental; disorder; psychiatric; self; addiction,"Philosophy for life and other dangerous situations | Commentary: Not in the drug, not in the brain: Causality in psychedelic experiences from an enactive perspective | Review of The Self",0.52090718,False,False,False,False,False,False
current_30d_42,11,Architecture & Urban Heritage,210,0.00302594,0.02381226,0.99772163,14,0.71428571,0.63857143,0.91724810,0.11282149,0.43209946,11,1.00000000,0.40007518,0.55070651,0.00000000,0.00041630,0.87488225,below_0.60,17.00000000,0.47013315,0.57281553,,0.46991973,0.51315789,0.21390977,36.19047619,urban; architecture; architectural; design; heritage,"The specifics of suburban architecture | Editorial: Projected interiorities or the production of subjectivity through spatial and performative means | Ugliness in architecture in the Australian, American, British and Italian milieus: Subtopia between the 1950s and the 1970s",0.63554549,True,False,False,False,True,True
current_30d_42,12,Climate Ethics & Justice,323,0.00465418,0.36306805,0.89308120,31,0.84301075,0.76838710,0.92455486,0.08686192,0.46275628,12,1.00000000,0.43391478,0.29230194,0.00458799,0.00459736,0.87002709,below_0.60,17.00000000,0.50966951,0.30450237,,0.31208953,0.33333333,0.16862745,99.38080495,climate; climate change; change; carbon; emissions,"Climate Injustice: A Critical Review of 'What Do Climate Change Winners Owe, and to Whom?' | Climate change and the duties of the disadvantaged: reply to Caney | Collapse, Social Tipping Dynamics, and Framing Climate Change",0.76373292,True,False,False,False,True,True
current_30d_42,13,Animal Ethics & Food,626,0.00902017,0.43323146,0.73281107,56,0.82380952,0.72714286,0.88756583,0.09968661,0.48660377,13,1.00000000,0.73151286,0.84889303,0.00901148,0.00910140,0.92223007,0.60_to_0.75,17.00000000,0.85898997,0.88014981,,0.77156348,0.82352941,0.53333333,7.82747604,animal; animals; food; moral; ethics,"Saving Animals, Saving Ourselves: Why Animals Matter for Pandemics, Climate Change, and Other Catastrophes; By Jeff Sebo | Vegetarianism | Veganism, (Almost) Harm-Free Animal Flesh, and Nonmaleficence: Navigating dietary ethics in an unjust world",0.71812268,False,False,False,False,False,False
current_30d_42,14,Environmental Philosophy,645,0.00929395,0.25620570,0.79766980,65,0.77230769,0.71784615,0.89904825,0.07936770,0.35611257,14,1.00000000,0.53641533,0.56004608,0.00920078,0.00925847,0.79712425,below_0.60,17.00000000,0.62942704,0.58267717,,0.75442861,0.81250000,0.52941176,8.21705426,environmental; ecological; nature; ecology; ethics,"The Philosophical Foundations of Ecological Civilization: A Manifesto for the Future | Is Naturalism Bleak? A Reply to Holland and Cottingham | King-Tak Ip, ed. _Environmental Ethics: Intercultural Perspectives_.",0.70855221,True,False,False,False,False,True
current_30d_42,15,Collective Intentionality,207,0.00298271,0.05250256,0.99675496,15,0.80000000,0.66666667,0.93203389,0.08062387,0.42882439,15,1.00000000,0.43465684,0.61917240,0.00144092,0.00150807,0.92220280,below_0.60,17.00000000,0.51082923,0.63829787,,0.53209308,0.53333333,0.42380952,18.35748792,collective; group; agency; groups; action,Why We Need a New Normativism about Collective Action | Goods and Groups: Thomistic Social Action and Metaphysics | Introduction,0.66368396,True,False,False,False,True,True
current_30d_42,16,"Games, Sport & Virtual Reality",414,0.00596542,0.28224351,0.79201431,36,0.85740741,0.81388889,0.89337859,-0.00537220,0.66625267,16,1.00000000,0.67913513,0.81925258,0.00598868,0.00609099,0.93753193,0.60_to_0.75,17.00000000,0.79789540,0.87818697,,0.75905813,0.80000000,0.61111111,2.17391304,games; sport; game; virtual; sports,The opacity of play: a reply to commentators | Too Much Playing Games – A Response to Kretchmar | What is a Metagame?,0.80792347,False,False,False,False,False,False
current_30d_42,17,Philosophy of Technology & Privacy,1224,0.01763689,0.13877106,0.91647664,98,0.68231293,0.56387755,0.86985237,0.04040095,0.39835075,17,1.00000000,0.64653112,0.82448451,0.01746939,0.01755868,0.85293139,0.60_to_0.75,17.00000000,0.75750174,0.82708934,,0.69496078,0.75000000,0.43750000,12.82679739,technology; digital; information; media; privacy,"Not Just A Tool: Why Social-Media Use Is Bad and Bad For Us, and The Duty to Quit | Can Humans Dream of Electric Sheep? | Why Cognitive Science of Religion Matters for Christian Theology and Philosophy : An Overview",0.54624066,False,False,False,False,False,False
current_30d_42,18,AI & Robot Ethics,1060,0.01527378,0.21961822,0.82322832,86,0.79922481,0.69790698,0.87199357,0.11200940,0.38583109,18,1.00000000,0.65029348,0.83037214,0.01546167,0.01548472,0.88236227,0.60_to_0.75,17.00000000,0.76230781,0.83762598,,0.68684936,0.73333333,0.50000000,9.90566038,ai; intelligence; artificial; artificial intelligence; human,Understanding Artificial Agency | Anthropomorphism in AI: Hype and Fallacy | Shortcuts to Artificial Intelligence,0.68263320,False,False,False,False,False,False
current_30d_42,19,Philosophy of Memory,262,0.00377522,0.27962183,0.93816109,32,0.78333333,0.67250000,0.92572550,0.00956112,0.67810392,19,1.00000000,0.56738193,0.64544127,0.00362812,0.00371498,0.92869955,below_0.60,17.00000000,0.66682863,0.70542636,,0.68846947,0.72727273,0.52980392,9.16030534,memory; episodic; remembering; episodic memory; memories,Extended and constructive remembering: two notes on Martin and Deutscher | Memory: A Self-Referential Account | Is external memory memory? Biological memory and extended mind,0.66872478,True,False,False,False,False,True
current_30d_42,20,Phenomenology (Husserl/Merleau-Ponty),217,0.00312680,0.01146070,0.99864638,24,0.74722222,0.57083333,0.94022821,0.15857462,0.40854111,20,1.00000000,0.23753144,0.02604598,0.00000000,0.00020000,0.72632867,below_0.60,17.00000000,0.27889026,0.04666854,,0.32016055,0.33333333,0.14945055,96.31336406,phenomenology; husserl; phenomenological; merleau ponty; ponty,"Searle, Derrida, and the ends of phenomenology | Merleau-ponty in dialogue with the cognitive sciences in light of recent imitation research | Review of Heinämaa, Sara, Mirja Hartimo, and Timo Miettinen : Phenomenology and the Transcendental: Routledge, New York , 2014, 330 pp. US-$145 , ISBN 978-0-415-86988-1",0.56770653,True,False,False,False,True,True
current_30d_42,21,Metaphilosophy & Worldview,477,0.00687320,0.14553101,0.83894612,46,0.68840580,0.52869565,0.90565935,0.18895640,0.06008908,21,1.00000000,0.56417574,0.64649326,0.00682346,0.00687297,0.78255132,below_0.60,17.00000000,0.66251218,0.66510539,,0.68305216,0.78571429,0.35294118,20.54507338,philosophy; world; nature; theory; book,Leibniz Reinterpreted | Religious Pluralism and its Discontents: Faith and the ‘Logic of Exclusion' | THE BALD BOY AND THE MOST BEAUTIFUL GIRL IN THE WORLD,0.52182245,True,False,False,False,False,True
current_30d_42,22,Cognitive Science & Computation,558,0.00804035,0.06063832,0.92080510,52,0.61410256,0.47884615,0.91432267,0.11797788,0.28290775,22,1.00000000,0.41760159,0.54366028,0.00805749,0.00806465,0.67970939,below_0.60,17.00000000,0.48986546,0.59200000,,0.47459344,0.50000000,0.17647059,46.95340502,cognitive; cognition; mind; computational; consciousness,Cognitive systems and the supersized mind | Editorial Introduction: Socializing the Extended Mind | How to situate cognition: Letting nature take its course,0.47080581,True,False,False,False,True,True
current_30d_42,23,Philosophy of Consciousness,1244,0.01792507,0.11688264,0.76017108,91,0.75018315,0.68351648,0.92300235,0.09216892,0.22315532,23,1.00000000,0.48549475,0.62407184,0.01728798,0.01760143,0.74468810,below_0.60,17.00000000,0.56799979,0.64149140,,0.53631472,0.60000000,0.25000000,33.84244373,consciousness; mind; conscious; problem; body,"""Purple Haze: The Puzzle of Consciousness"" by Joseph Levine, ""Phenomenal Consciousness: A Naturalistic Theory"" by Peter Carruthers, and ""The Nature of Consciousness"" by Mark Rowlands | The Transition to Self-consciousness in The Phenomenology of Spirit | Is Consciousness Everywhere? Essays on Panpsychism",0.66559141,True,False,False,False,True,True
current_30d_42,24,Perception & Colour,1860,0.02680115,0.19473265,0.67458732,171,0.83157895,0.78584795,0.91012692,0.06917513,0.33983329,24,1.00000000,0.55915222,0.69281967,0.02690249,0.02692460,0.80716061,below_0.60,17.00000000,0.65303804,0.71830986,,0.69804004,0.80000000,0.33333333,17.41935484,perception; perceptual; visual; experience; phenomenal,"Understanding How Experience ""seems"" | The Disunity of Perception: An Introduction | *Perception* (2021, preview)",0.75904680,True,False,False,False,False,True
current_30d_42,25,Mereology & Composition,226,0.00325648,0.06612319,0.98375194,21,0.68571429,0.58571429,0.92167161,0.04002475,0.63185304,25,1.00000000,0.69310992,0.84105488,0.00306693,0.00312089,0.88466708,0.60_to_0.75,17.00000000,0.81485425,0.84183673,,0.74741561,0.78571429,0.59411765,5.30973451,composition; identity; composition identity; mereological; parts,"Composition, Persistence, and Identity | Persistence, composition, and identity | Parts Ground the Whole and Are Identical to It",0.58245780,False,False,False,False,False,False
current_30d_42,26,Political & Social Philosophy,9877,0.14231988,0.06462953,0.97783880,893,0.84867488,0.80877940,0.85272370,0.04005161,0.17447008,26,1.00000000,0.29294939,0.22525793,0.14332880,0.14344833,0.86707971,below_0.60,17.00000000,0.31926551,0.23842239,,0.43112362,0.41176471,0.22222222,59.20826162,political; education; social; study; justice,The Wrong of Rudeness | Are You Entitled to Affirmative Action? | The Politics of Being Part of Nature,0.66645951,True,False,False,False,True,True
current_30d_42,27,Normative Ethics & Agency,4187,0.06033141,0.09721620,0.94012043,365,0.85004566,0.81013699,0.92165190,0.03289076,0.15971844,27,1.00000000,0.59318507,0.71469513,0.06053405,0.06069155,0.84655515,below_0.60,17.00000000,0.68713775,0.72958888,,0.61640169,0.66666667,0.28571429,29.13780750,moral; ethics; reasons; free; morality,A Counterexample to Parfit's Rule Consequentialism | From Valuing to Value: A Defense of Subjectivism By David Sobel | Non-Consequentialism Demystified,0.74980557,True,False,False,False,False,True
current_30d_42,28,Philosophy of Emotion,665,0.00958213,0.23663154,0.69972570,51,0.74379085,0.64235294,0.92204063,-0.03559956,0.39588106,28,1.00000000,0.66234968,0.81171962,0.00969077,0.00974145,0.86396301,0.60_to_0.75,17.00000000,0.77750911,0.82167832,,0.71151552,0.78571429,0.46358974,12.18045113,emotions; emotion; emotional; affective; anger,"Emotions: Philosophical Issues About | Arguments from the Priority of Feeling in Contemporary Emotion Theory and Max Scheler’s Phenomenology | Book ReviewsRobert C Roberts,. Emotions: An Essay in Aid of Moral Psychology.Cambridge: Cambridge University Press, 2003. Pp. 357. $29.99",0.63277081,False,False,False,False,False,False
current_30d_42,29,Meaning of Life & Death,547,0.00788184,0.11173354,0.90919038,64,0.66250000,0.52593750,0.91490738,0.03656800,0.44470587,29,1.00000000,0.57528402,0.70741445,0.00793303,0.00796484,0.83944539,below_0.60,17.00000000,0.67539139,0.72444444,,0.64303695,0.66666667,0.35176471,16.81901280,life; death; meaning life; meaning; pleasure,The Meaning of Life (Second Revised Edition) | The Good Cause Account of the Meaning of Life | Book Review of Meaning in Life: An Analytic Study,0.51805566,True,False,False,False,False,True
current_30d_42,30,Philosophy of Fiction,246,0.00354467,0.04066368,0.98652935,13,0.71794872,0.59846154,0.91775689,-0.12683920,0.53544658,30,1.00000000,0.50464174,0.75845501,0.00089246,0.00214020,0.84141978,below_0.60,17.00000000,0.59306168,0.76649746,,0.56213107,0.61324786,0.27222222,21.13821138,fiction; fictional; fictionalism; fictions; narrative,The Real Foundation of Fictional Worlds | Fictionalism | Fictional Entities,0.59491687,True,False,True,True,True,True
current_30d_42,31,Philosophy of Film & Cinema,252,0.00363112,0.09190497,0.97010355,22,0.62727273,0.49090909,0.91865502,0.02031158,0.44950759,31,1.00000000,0.56840839,0.75110846,0.00357506,0.00362611,0.79638728,below_0.60,17.00000000,0.66805874,0.75813953,,0.58683958,0.66666667,0.27857143,21.82539683,film; cinema; films; cinematic; review,"Seeing One Another Anew with Godfrey Reggio's Visitors | Ideology, Socratic elenchus, and Inglourious Basterds | American History X, Cinematic Manipulation, and Moral Conversion",0.48727797,True,False,False,False,True,True
current_30d_42,32,Philosophy of Music,327,0.00471182,0.38947951,0.86172087,18,0.86296296,0.83222222,0.91509931,-0.01440275,0.48934796,32,1.00000000,0.71706482,0.84920095,0.00468206,0.00474153,0.92750000,0.60_to_0.75,17.00000000,0.84276469,0.86379928,,0.77693386,0.82352941,0.56250000,7.33944954,music; musical; sound; musical works; sounds,"Music, Cage's Silence, and Art: An interview with Stephen Davies, PhD | The Varieties of Musical Experience | Nature, Fine Art, and _The Other One_: A Defense of the Artistic Sublime in Kant",0.82751041,False,False,False,False,False,False
current_30d_42,33,Aesthetics & Art,1273,0.01834294,0.26942316,0.77179870,101,0.85346535,0.82990099,0.92153719,0.06002110,0.33687714,33,1.00000000,0.72905790,0.84957306,0.01834713,0.01841274,0.88139857,0.60_to_0.75,17.00000000,0.85445614,0.85129118,,0.77074659,0.82352941,0.52941176,8.64100550,art; aesthetic; aesthetics; beauty; artworks,"Attuned, Transcendent & Transfigured: Nietzsche's Aesthetic Psychology | Peter Lamarque | Review of Jennifer Lena's ""Entitled: Discriminating Tastes and the Expansion of the Arts""",0.81155805,False,False,False,False,False,False
current_30d_42,34,Decision Theory & Utility,474,0.00682997,0.05046371,0.92031085,46,0.61304348,0.47782609,0.90643036,-0.01207435,0.44904780,34,1.00000000,0.49115963,0.57691495,0.00667574,0.00688383,0.75591078,below_0.60,17.00000000,0.57660007,0.58056266,,0.55686446,0.65686275,0.14615385,35.65400844,decision; decision theory; aggregation; theory; choice,Decision Theory | Normative Decision Theory | Taking Stock of Infinite Value: Pascal’s Wager and Relative Utilities,0.47099612,True,False,False,False,True,True
current_30d_42,35,History of Analytic Philosophy,336,0.00484150,0.03050526,0.98372063,20,0.70333333,0.59100000,0.95221924,-0.03115698,0.28402948,35,1.00000000,0.39562020,0.55946235,0.00482540,0.00486891,0.73710953,below_0.60,17.00000000,0.46456995,0.60182371,,0.44656615,0.50000000,0.18198529,47.02380952,analytic; philosophy; kant; metaphysics; analytic philosophy,Lotze and the Early Cambridge Analytic Philosophy | Editors' Introduction | Review of Science and Sensibilia,0.58615850,True,False,False,False,True,True
current_30d_42,36,Philosophy of Religion,2992,0.04311239,0.07244956,0.88850478,279,0.72592593,0.65949821,0.91815109,-0.01144486,0.27151570,36,1.00000000,0.58426713,0.68094945,0.04311847,0.04342949,0.74346413,below_0.60,17.00000000,0.67966729,0.68733459,,0.68811596,0.76470588,0.37500000,17.21256684,philosophy; god; religious; religion; philosophical,"Incarnation | Desmond M. Clarke and Catherine Wilson, eds., The Oxford Handbook of Philosophy in Early Modern Europe. Reviewed by | “Religion” and Its Other",0.61638582,True,False,False,False,False,True
current_30d_42,37,Ontology & Properties,300,0.00432277,0.03488123,0.97410543,20,0.48666667,0.39600000,0.93865564,-0.17223900,0.36167005,37,1.00000000,0.45218454,0.52823519,0.00435374,0.00436315,0.66014683,below_0.60,17.00000000,0.53120824,0.56140351,,0.65029846,0.75000000,0.18750000,21.00000000,ontology; ontological; kinds; natural kinds; natural,"Ontology and Metaontology: A Contemporary Guide | Blurring Boundaries: Carnap, Quine, and the Internal–External Distinction | Carnap's Metaontology",0.39167723,True,True,True,True,False,True
current_30d_42,38,Epistemology & Belief,1766,0.02544669,0.15203148,0.80156481,169,0.79605523,0.74437870,0.93111904,0.10684198,0.21223788,38,1.00000000,0.59338990,0.68743879,0.02548073,0.02558340,0.80050222,below_0.60,17.00000000,0.69356190,0.70256971,,0.79168241,0.82352941,0.63157895,4.58663647,belief; epistemic; knowledge; beliefs; justification,"Enkrasia or evidentialism? Learning to love mismatch | Reasons Fundamentalism and Rational Uncertainty – Comments on Lord, The Importance of Being Rational | Knowledge, Certainty, and Factivity: A Possible Rapprochement",0.71893201,True,False,False,False,False,True
current_30d_42,39,Philosophy of Language & Semantics,2306,0.03322767,0.05601159,0.91009463,178,0.71947566,0.64247191,0.89924142,0.09155995,0.23442458,39,1.00000000,0.54299169,0.67737645,0.03326984,0.03350317,0.74343523,below_0.60,17.00000000,0.63286065,0.68447955,,0.63052259,0.72222222,0.25000000,24.41457069,language; linguistic; meaning; semantics; semantic,"Confusion of Tongues: A Theory of Normative Language, by Stephen Finlay | Kripke's Wittgenstein: The Meaning Sceptic | What Is Meaning? By Scott Soames. Soochow University Lectures in Philosophy",0.60924424,True,False,False,False,False,True
current_30d_42,40,Philosophy of Mathematics & Logic,1490,0.02146974,0.07135573,0.96056001,128,0.72447917,0.66390625,0.90521731,0.09423756,0.32721990,40,1.00000000,0.57040726,0.68812700,0.02145035,0.02155849,0.78704393,below_0.60,17.00000000,0.66723583,0.69304403,,0.73869510,0.76923077,0.58823529,5.50335570,logic; mathematics; mathematical; logics; truth,"Hilbert's program then and now | Review of Logic, Logic and Logic, by George Boolos | Philosophical Logic: An Introduction to Advanced Topics, by George Englebretsen and Charles Sayward",0.64243651,True,False,False,False,False,True
current_30d_42,41,Modal Logic & Possible Worlds,449,0.00646974,0.16373308,0.87251213,34,0.73333333,0.67235294,0.93868662,0.09736948,0.39667106,41,1.00000000,0.53803446,0.69901866,0.00647072,0.00651759,0.80411008,below_0.60,17.00000000,0.63181876,0.70855615,,0.61577719,0.64705882,0.42857143,13.80846325,modal; modality; worlds; necessity; essence,"New Directions in the Epistemology of Modality: Introduction | What does nihilism tell us about modal logic? | Review: Brian Leftow, God and Necessity",0.66588320,True,False,False,False,False,True
typical_30d_49,0,neutrosophic / set / sets,217,0.00312680,0.55313208,0.98272098,19,0.99649123,0.97578947,0.92622258,0.19995323,0.60699469,0,0.99541284,0.97206487,0.97943391,0.92708333,0.93040007,1.00000000,at_least_0.85,17.00000000,0.97072973,0.97727273,,0.99938282,1.00000000,1.00000000,0.00000000,neutrosophic; set; sets; fuzzy; neutrosophic set,An Overview of Neutrosophic and Plithogenic Theories and Applications | Neutrosophic Triplet Structures. Volume I | Degrees of Membership > 1 and < 0 of the Elements with Respect to a Neutrosophic OffSet,0.97266267,False,False,False,False,False,False
typical_30d_49,1,nietzsche / philosophy / human,274,0.00394813,0.86633043,0.88506189,25,0.89600000,0.83440000,0.91381619,-0.24923916,0.10644697,1,0.98909091,0.94214830,0.94165913,0.90666667,0.91308920,0.96855828,at_least_0.85,17.00000000,0.94446963,0.94805195,,0.95576294,1.00000000,0.90222222,4.01459854,nietzsche; philosophy; human; moral; theory,"Our Toil Respite Only: Woolf, Diamond and the Difficulty of Reality | Gramsci’s ‘Non-contemporaneity’ | A Defense of Integrity as a Conservation Concept",0.83045187,False,False,True,True,False,True
typical_30d_49,2,ontology / ontologies / biomedical,401,0.00577810,0.76579144,0.84287672,36,0.73518519,0.68055556,0.88969189,0.10704640,0.28599015,2,0.95399516,0.77904864,0.86344140,0.00569615,0.00579200,0.96113707,0.75_to_0.85,17.00000000,0.86482910,0.88547486,,0.86061638,0.88235294,0.73333333,1.99501247,ontology; ontologies; biomedical; data; information,Philosophy and Biomedical Information Systems | Ontological realism: A methodology for coordinated evolution of scientiﬁc ontologies | The Ontology of Tendencies and Medical Information Sciences,0.67477746,False,False,False,False,False,False
typical_30d_49,3,using / dataset / data,348,0.00501441,0.18480744,0.83704021,27,0.66913580,0.50888889,0.78129741,0.13121287,0.42362049,4,0.98285714,0.71454051,0.85644581,0.00491797,0.00498602,0.94144194,0.60_to_0.75,17.00000000,0.83974353,0.86690647,,0.73717712,0.81250000,0.49000000,10.05747126,using; dataset; data; network; accuracy,Prediction of Heart Disease Using a Collection of Machine and Deep Learning Algorithms | Prediction of Heart Disease Using a Collection of Machine and Deep Learning Algorithms | Leveraging Artificial Neural Networks for Cancer Prediction: A Synthetic Dataset Approach,0.50387448,False,False,False,False,False,False
typical_30d_49,4,health / medical / ethics,2864,0.04126801,0.15872333,0.92113396,246,0.77560976,0.70487805,0.84882584,0.11686609,0.33472088,5,0.96782007,0.52812699,0.42472294,0.04134240,0.04157365,0.92316306,below_0.60,17.00000000,0.61395825,0.78179498,,0.53650676,0.50000000,0.33333333,41.79469274,health; medical; ethics; care; abortion,"The Medical Ethics of Miracle Max | Toward a Critical Theory of Harm: Ableism, Normativity, and Transability (On Body Integrity Identity Disorder) | To be Real: Telling the Truth and Changing the Face of Feminism",0.66361004,True,False,False,False,True,True
typical_30d_49,5,evolutionary / biology / evolution,1816,0.02616715,0.30529685,0.61809382,162,0.76995885,0.71160494,0.89635645,0.14434561,0.25119063,3,0.93802966,0.72916540,0.84724538,0.02584987,0.02605633,0.88878767,0.60_to_0.75,17.00000000,0.85321636,0.85482866,,0.77562195,0.82352941,0.53333333,7.21365639,evolutionary; biology; evolution; biological; science,"Book Notice of Rosenberg & Arp (eds) Philosophy of Biology: An Anthology | Biological Individuals | Symbiosis, History of",0.68543779,False,False,False,False,False,False
typical_30d_49,6,research / science / scientific,268,0.00386167,0.14179950,0.93438605,13,0.63076923,0.38153846,0.88430684,-0.07084922,0.50565904,6,0.88095238,0.48986764,0.54594310,0.00213220,0.00291667,0.83844709,below_0.60,17.00000000,0.57563656,0.63090129,,0.63227949,0.69230769,0.35588235,19.40298507,research; science; scientific; publishing; academic,Should editors with multiple retractions or a record of academic misconduct serve on journal editorial boards? | For the Common Good: Philosophical Foundations of Research Ethics | Digital Literature Analysis for Empirical Philosophy of Science,0.37767679,True,True,False,True,False,True
typical_30d_49,7,technology / digital / information,1288,0.01855908,0.11860566,0.94061785,109,0.66055046,0.54366972,0.86823444,0.04072746,0.37931132,17,0.92048930,0.63677242,0.80648281,0.01837642,0.01846900,0.85416705,0.60_to_0.75,17.00000000,0.74585936,0.81751152,,0.67274748,0.72222222,0.37302632,16.53726708,technology; digital; information; media; privacy,"Can Humans Dream of Electric Sheep? | Not Just A Tool: Why Social-Media Use Is Bad and Bad For Us, and The Duty to Quit | Why Cognitive Science of Religion Matters for Christian Theology and Philosophy : An Overview",0.52511065,False,False,False,False,False,False
typical_30d_49,8,games / sport / game,417,0.00600865,0.30235154,0.75718584,37,0.85225225,0.80702703,0.88829722,-0.00895119,0.65991813,16,0.96919431,0.67684324,0.82305762,0.00602497,0.00612728,0.92980480,0.60_to_0.75,17.00000000,0.79519265,0.85833333,,0.75553650,0.80000000,0.60000000,3.35731415,games; sport; game; virtual; sports,The opacity of play: a reply to commentators | Too Much Playing Games – A Response to Kretchmar | What is a Metagame?,0.80101838,False,False,False,False,False,False
typical_30d_49,9,time / quantum / physics,2741,0.03949568,0.21787501,0.86576784,221,0.83046757,0.77357466,0.88796879,0.15457640,0.34652391,7,0.95028209,0.70174228,0.88440901,0.03903855,0.03909239,0.90538745,0.60_to_0.75,17.00000000,0.81863229,0.88594618,,0.74215491,0.76470588,0.61111111,5.25355710,time; quantum; physics; mechanics; theory,"The Cosmic Void | The philosophical implications of the loophole-free violation of Bell’s inequality: Quantum entanglement, timelessness, triple-aspect monism, mathematical Platonism and scientific morality. | Privileged-Perspective Realism in the Quantum Multiverse",0.73407898,False,False,False,False,False,False
typical_30d_49,10,scientific / science / realism,397,0.00572046,0.19485580,0.87233443,29,0.78390805,0.66827586,0.93683857,0.09317780,0.38575017,9,0.89512195,0.50664646,0.56195331,0.00568017,0.00573443,0.77552485,below_0.60,17.00000000,0.59503501,0.59543568,,0.68476785,0.72222222,0.50000000,9.57178841,scientific; science; realism; scientific realism; theories,"Scientific Realism | An empiricist regarding science, an empiricist regarding representation | A methodological argument against scientific realism",0.66255540,True,False,False,False,False,True
typical_30d_49,11,causation / causal / explanation,634,0.00913545,0.11973241,0.78895908,43,0.75348837,0.66186047,0.92828481,-0.15448479,0.28394070,8,0.78431373,0.56455782,0.67017831,0.00887413,0.00906961,0.80338578,below_0.60,17.00000000,0.66256789,0.68081761,,0.74191626,0.80000000,0.53333333,6.78233438,causation; causal; explanation; induction; explanatory,Purposeful Explanation and Causal Gaps | Making Something Happen. Where Causation and Agency Meet. | Reflections on Metaphysical Explanation,0.65272502,True,False,True,True,False,True
typical_30d_49,12,urban / architecture / architectural,214,0.00308357,0.02376943,0.99577298,14,0.68571429,0.61000000,0.91379382,0.11474777,0.41607955,11,0.93607306,0.40316542,0.55022914,0.00000000,0.00041449,0.89008242,below_0.60,17.00000000,0.47375803,0.58687259,,0.46660373,0.50000000,0.22478632,37.38317757,urban; architecture; architectural; design; city,"The specifics of suburban architecture | Editorial: Projected interiorities or the production of subjectivity through spatial and performative means | Ugliness in architecture in the Australian, American, British and Italian milieus: Subtopia between the 1950s and the 1970s",0.60691643,True,False,False,False,True,True
typical_30d_49,13,animal / animals / food,680,0.00979827,0.44476169,0.66693082,61,0.79890710,0.70229508,0.87385726,0.11989435,0.40375778,13,0.88455988,0.70048478,0.82879896,0.00977919,0.00986469,0.89408171,0.60_to_0.75,17.00000000,0.82234833,0.84246575,,0.72484035,0.81818182,0.35672269,14.55882353,animal; animals; food; moral; ethics,"Saving Animals, Saving Ourselves: Why Animals Matter for Pandemics, Climate Change, and Other Catastrophes; By Jeff Sebo | Vegetarianism | Veganism, (Almost) Harm-Free Animal Flesh, and Nonmaleficence: Navigating dietary ethics in an unjust world",0.69249681,False,False,False,False,False,False
typical_30d_49,14,climate / environmental / climate change,1050,0.01512968,0.18614086,0.91571125,103,0.82330097,0.77961165,0.89540600,0.08759953,0.32316139,14,0.60663507,0.57714247,0.62886174,0.01513490,0.01516081,0.85797335,below_0.60,17.00000000,0.67630460,0.71155683,,0.63433489,0.64285714,0.37500000,26.28571429,climate; environmental; climate change; change; ecological,"Review of Bryan Norton, Sustainable Values, Sustainable Change | The Philosophical Foundations of Ecological Civilization: A Manifesto for the Future | Book Review: Anthony O’Hear, ed., Philosophy and the Environment",0.76448197,True,False,False,False,False,True
typical_30d_49,15,mental / disorder / psychiatric,1132,0.01631124,0.16385106,0.69177536,91,0.67545788,0.55120879,0.88854387,0.05019258,0.48482773,10,0.90074442,0.65112786,0.74702051,0.01645351,0.01649959,0.80484286,0.60_to_0.75,17.00000000,0.76310538,0.75510204,,0.71443443,0.80000000,0.37500000,17.57950530,mental; disorder; psychiatric; self; addiction,"Philosophy for life and other dangerous situations | Review of The Self | Commentary: Not in the drug, not in the brain: Causality in psychedelic experiences from an enactive perspective",0.53489755,False,False,False,False,False,False
typical_30d_49,16,phenomenology / husserl / phenomenological,269,0.00387608,0.05743201,0.96932587,30,0.70444444,0.56333333,0.93859292,0.19068698,0.39004818,20,0.78676471,0.24339917,0.03218160,0.00000000,0.00019620,0.73750209,below_0.60,17.00000000,0.28565437,0.05496354,,0.28869214,0.31250000,0.11111111,97.02602230,phenomenology; husserl; phenomenological; merleau ponty; ponty,"Searle, Derrida, and the ends of phenomenology | Merleau-ponty in dialogue with the cognitive sciences in light of recent imitation research | Review of Heinämaa, Sara, Mirja Hartimo, and Timo Miettinen : Phenomenology and the Transcendental: Routledge, New York , 2014, 330 pp. US-$145 , ISBN 978-0-415-86988-1",0.55945725,True,False,False,False,True,True
typical_30d_49,17,collective / group / agency,205,0.00295389,0.03396451,0.99782329,15,0.79111111,0.66000000,0.93197726,0.10690140,0.40446910,15,0.92523364,0.42814028,0.60728255,0.00136054,0.00146646,0.90107557,below_0.60,17.00000000,0.50316804,0.63090129,,0.53015754,0.53333333,0.42142857,18.53658537,collective; group; agency; groups; action,Why We Need a New Normativism about Collective Action | Goods and Groups: Thomistic Social Action and Metaphysics | Introduction,0.65704611,True,False,False,False,True,True
typical_30d_49,18,philosophy / science / book,531,0.00765130,0.11204109,0.82091349,51,0.66797386,0.55843137,0.90586591,0.17169288,0.04939865,21,0.70558376,0.56520871,0.64640596,0.00758566,0.00767251,0.73485312,below_0.60,17.00000000,0.66357979,0.64919355,,0.65142634,0.75000000,0.29411765,23.54048964,philosophy; science; book; theory; review,Leibniz Reinterpreted | The Oxford Handbook of David Hume | Religious Pluralism and its Discontents: Faith and the ‘Logic of Exclusion',0.55078008,True,False,False,False,False,True
typical_30d_49,19,memory / episodic / remembering,263,0.00378963,0.31785392,0.93046500,31,0.78924731,0.67741935,0.92640650,0.01150540,0.66178894,19,0.97368421,0.56601566,0.65140537,0.00364626,0.00373312,0.91600000,below_0.60,17.00000000,0.66521913,0.70930233,,0.68655695,0.72727273,0.52941176,9.12547529,memory; episodic; remembering; episodic memory; memories,Extended and constructive remembering: two notes on Martin and Deutscher | Memory: A Self-Referential Account | Is external memory memory? Biological memory and extended mind,0.67362973,True,False,False,False,False,True
typical_30d_49,20,ai / intelligence / artificial,1017,0.01465418,0.18714019,0.85143361,85,0.79294118,0.68988235,0.87263319,0.10831481,0.38051602,18,0.92671614,0.65898901,0.84937308,0.01478458,0.01479588,0.88046516,0.60_to_0.75,17.00000000,0.77266304,0.85193622,,0.70512533,0.73333333,0.54545455,6.78466077,ai; intelligence; artificial; artificial intelligence; human,Understanding Artificial Agency | Anthropomorphism in AI: Hype and Fallacy | Shortcuts to Artificial Intelligence,0.67522817,False,False,False,False,False,False
typical_30d_49,21,life / death / meaning life,576,0.00829971,0.11277094,0.89364286,66,0.66565657,0.53151515,0.91471258,0.02653152,0.39056209,29,0.91965812,0.57147387,0.69660495,0.00835344,0.00841821,0.84118996,below_0.60,17.00000000,0.67083077,0.71057514,,0.62582931,0.64705882,0.31250000,20.13888889,life; death; meaning life; pleasure; meaning,The Meaning of Life (Second Revised Edition) | The Good Cause Account of the Meaning of Life | Book Review of Meaning in Life: An Analytic Study,0.52321544,True,False,False,False,False,True
typical_30d_49,22,moral / ethics / reasons,4035,0.05814121,0.07932236,0.96074911,362,0.84309392,0.80342541,0.92258794,0.04035703,0.13123493,27,0.90809933,0.60335811,0.72719936,0.05846606,0.05853065,0.85541953,0.60_to_0.75,17.00000000,0.69949661,0.74940263,,0.78304583,0.83333333,0.47058824,10.83023544,moral; ethics; reasons; morality; free,A Counterexample to Parfit's Rule Consequentialism | From Valuing to Value: A Defense of Subjectivism By David Sobel | Knowing What Matters,0.74528420,False,False,False,False,False,False
typical_30d_49,23,emotions / emotion / emotional,680,0.00979827,0.23066918,0.68231690,52,0.73974359,0.63730769,0.92082963,-0.03267755,0.38685593,28,0.94645441,0.65712740,0.80799066,0.00985409,0.00994710,0.85015810,0.60_to_0.75,17.00000000,0.77132886,0.81141869,,0.70095601,0.77777778,0.41617647,14.11764706,emotions; emotion; emotional; affective; anger,"Emotions: Philosophical Issues About | Arguments from the Priority of Feeling in Contemporary Emotion Theory and Max Scheler’s Phenomenology | Book ReviewsRobert C Roberts,. Emotions: An Essay in Aid of Moral Psychology.Cambridge: Cambridge University Press, 2003. Pp. 357. $29.99",0.62750942,False,False,False,False,False,False
typical_30d_49,24,cognitive / mind / cognition,514,0.00740634,0.05412609,0.92431860,44,0.61666667,0.49545455,0.91379230,0.10813753,0.28309619,22,0.77190083,0.42120207,0.53949729,0.00742233,0.00742960,0.70878423,below_0.60,17.00000000,0.49420828,0.57450628,,0.49718281,0.50000000,0.23212670,44.16342412,cognitive; mind; cognition; computational; consciousness,"Cognitive systems and the supersized mind | Draft: Keeping the World in Mind, Intro & Chpt One | How to situate cognition: Letting nature take its course",0.48804821,True,False,False,False,True,True
typical_30d_49,25,perception / perceptual / visual,1568,0.02259366,0.18959859,0.72280172,154,0.81255411,0.77000000,0.91074380,0.05290329,0.33610997,24,0.81183932,0.56396366,0.73662604,0.02265760,0.02270480,0.82793548,below_0.60,17.00000000,0.65945615,0.74430566,,0.75143058,0.81250000,0.53333333,7.52551020,perception; perceptual; visual; experience; color,"Understanding How Experience ""seems"" | The Disunity of Perception: An Introduction | Hill on perceptual relativity and perceptual error",0.74740634,True,False,False,False,False,True
typical_30d_49,26,consciousness / mind / conscious,1313,0.01891931,0.08417045,0.78375775,95,0.73473684,0.67263158,0.92322067,0.07560768,0.18191129,23,0.73709239,0.46348760,0.58662998,0.01819501,0.01844829,0.70446028,below_0.60,17.00000000,0.54195600,0.59756098,,0.50695152,0.57894737,0.17647059,38.99466870,consciousness; mind; conscious; phenomenal; problem,"The Transition to Self-consciousness in The Phenomenology of Spirit | ""Purple Haze: The Puzzle of Consciousness"" by Joseph Levine, ""Phenomenal Consciousness: A Naturalistic Theory"" by Peter Carruthers, and ""The Nature of Consciousness"" by Mark Rowlands | Is Consciousness Everywhere? Essays on Panpsychism",0.65371227,True,False,False,False,True,True
typical_30d_49,27,conditionals / counterfactuals / conditional,201,0.00289625,0.00692909,0.99990078,12,0.83888889,0.69833333,0.93048715,0.05047123,0.57392567,-1,0.00000000,0.40556280,0.00299376,0.00000000,0.00000000,0.92115661,below_0.60,17.00000000,0.47661062,0.85326087,,0.44114011,0.44444444,0.35294118,69.65174129,conditionals; counterfactuals; conditional; indicative; indicative conditionals,New surprises for the Ramsey Test | Reasonable Inferences for Counterfactuals | The Inextricable Link Between Conditionals and Logical Consequence,0.69543708,True,False,False,False,True,True
typical_30d_49,28,history / historical / philosophy,210,0.00302594,0.00888898,0.99920844,21,0.63174603,0.52666667,0.94348680,-0.00693839,0.28035200,-1,0.00000000,0.07846123,0.00186195,0.00041288,0.00060563,0.71383399,below_0.60,17.00000000,0.09176376,0.00174216,,0.08552247,0.10526316,0.00000000,100.00000000,history; historical; philosophy; philosophy history; past,The history of philosophy and the puzzles of life. Windelband and Dilthey on the ahistorical core of philosophical thinking | Values and Worldviews. Windelband and Dilthey on the Historicity of Philosophy | Jaspers and Ortega on the Historicity of Being Human,0.52364073,True,False,False,False,True,True
typical_30d_49,29,fiction / fictional / fictions,229,0.00329971,0.00351702,0.99994474,11,0.74545455,0.64181818,0.92341654,-0.29676605,0.51455182,30,0.88492063,0.50172369,0.76023327,0.00090334,0.00185909,0.83149905,below_0.60,17.00000000,0.58967469,0.77202073,,0.58107000,0.62500000,0.35294118,17.03056769,fiction; fictional; fictions; fictionalism; narrative,The Real Foundation of Fictional Worlds | Fictionalism | Fictional Truth: In Defence of the Reality Principle,0.63851847,True,False,True,True,True,True
typical_30d_49,30,composition / identity / composition identity,221,0.00318444,0.05329619,0.98910375,21,0.67619048,0.57428571,0.92175469,-0.01811433,0.67182636,25,0.91845494,0.68115278,0.82745466,0.00301249,0.00305757,0.86770506,0.60_to_0.75,17.00000000,0.80079987,0.83157895,,0.74867857,0.78571429,0.61111111,4.97737557,composition; identity; composition identity; mereological; parts,"Composition, Persistence, and Identity | Persistence, composition, and identity | Parts Ground the Whole and Are Identical to It",0.57110128,False,False,False,False,False,False
typical_30d_49,31,film / films / cinema,227,0.00327089,0.04139409,0.99330205,20,0.63333333,0.50400000,0.92012872,-0.00891747,0.46582815,31,0.87843137,0.57900541,0.76135949,0.00326655,0.00330043,0.82310344,below_0.60,17.00000000,0.68058790,0.77880184,,0.62479850,0.66666667,0.43392857,14.53744493,film; films; cinema; cinematic; review,"Seeing One Another Anew with Godfrey Reggio's Visitors | Ideology, Socratic elenchus, and Inglourious Basterds | American History X, Cinematic Manipulation, and Moral Conversion",0.50072911,True,False,False,False,False,True
typical_30d_49,32,decision / decision theory / aggregation,484,0.00697406,0.06067085,0.88167984,47,0.62411348,0.49148936,0.90705210,-0.00166598,0.42112550,34,0.90457256,0.48930198,0.56421703,0.00676644,0.00700041,0.75114795,below_0.60,17.00000000,0.57438891,0.59743590,,0.55076602,0.64705882,0.14285714,36.36363636,decision; decision theory; aggregation; theory; choice,Decision Theory | Normative Decision Theory | Taking Stock of Infinite Value: Pascal’s Wager and Relative Utilities,0.48451530,True,False,False,False,True,True
typical_30d_49,33,art / aesthetic / aesthetics,1196,0.01723343,0.25526285,0.77811287,99,0.80942761,0.78747475,0.91967168,0.06071269,0.33608189,33,0.89340491,0.72580794,0.84449304,0.01711310,0.01721340,0.87658242,0.60_to_0.75,17.00000000,0.85083159,0.84615385,,0.79313884,0.82352941,0.63157895,5.35117057,art; aesthetic; aesthetics; beauty; artworks,"Attuned, Transcendent & Transfigured: Nietzsche's Aesthetic Psychology | Peter Lamarque | Review of Jennifer Lena's ""Entitled: Discriminating Tastes and the Expansion of the Arts""",0.77024132,False,False,False,False,False,False
typical_30d_49,34,music / musical / sound,295,0.00425072,0.29595953,0.92518918,18,0.83333333,0.80333333,0.91440367,-0.01905700,0.47327635,32,0.87915408,0.70537929,0.84078078,0.00424652,0.00427848,0.91643593,0.60_to_0.75,17.00000000,0.82909193,0.84701493,,0.80968826,0.82352941,0.73333333,2.71186441,music; musical; sound; musical works; sounds,"Music, Cage's Silence, and Art: An interview with Stephen Davies, PhD | The Varieties of Musical Experience | Review of Simon Høffding, _A Phenomenology of Musical Absorption_, Cham: Palgrave Macmillan 2019",0.79908261,False,False,False,False,False,False
typical_30d_49,35,gender / sexual / women,821,0.01182997,0.09616883,0.83195661,71,0.76525822,0.69352113,0.90269843,-0.05123556,0.50720239,26,0.08279352,0.48662397,0.57141489,0.01203179,0.01203823,0.84995487,below_0.60,17.00000000,0.57036101,0.58791209,,0.51572015,0.50000000,0.31578947,47.62484775,gender; sexual; women; sex; feminist,"Philosophy and the Non-Native Speaker Condition | Fichte on Sex, Marriage, and Gender | Feminism and Heterodoxy",0.68169116,True,False,False,False,True,True
typical_30d_49,36,analytic / philosophy / metaphysics,281,0.00404899,0.00222721,0.99991413,16,0.71666667,0.62500000,0.95532922,-0.12665404,0.24183898,35,0.78323699,0.39342739,0.57513661,0.00076923,0.00233474,0.75886010,below_0.60,17.00000000,0.46213354,0.58422939,,0.48795777,0.53333333,0.25000000,39.14590747,analytic; philosophy; metaphysics; kant; analytic philosophy,Lotze and the Early Cambridge Analytic Philosophy | Review of Science and Sensibilia | A Reconstruction of Russell's Gray's Elegy Argument,0.62095101,True,False,True,True,True,True
typical_30d_49,37,philosophy / god / religious,2717,0.03914986,0.06206358,0.92284386,256,0.71901042,0.65156250,0.91940587,-0.01846016,0.24837601,36,0.81008244,0.57000031,0.66875911,0.03918046,0.03949219,0.72665811,below_0.60,17.00000000,0.66358364,0.67153573,,0.71188109,0.77777778,0.43750000,13.13949209,philosophy; god; religious; religion; philosophical,"Incarnation | “Religion” and Its Other | Desmond M. Clarke and Catherine Wilson, eds., The Oxford Handbook of Philosophy in Early Modern Europe. Reviewed by",0.61241264,True,False,False,False,False,True
typical_30d_49,38,ontology / ontological / kinds,316,0.00455331,0.03698407,0.96477604,25,0.43733333,0.36320000,0.93645068,-0.25621151,0.34419248,37,0.76000000,0.46338540,0.54881315,0.00457143,0.00458950,0.67087142,below_0.60,17.00000000,0.54434398,0.56168831,,0.64434535,0.75000000,0.26491228,24.05063291,ontology; ontological; kinds; natural kinds; existence,"Ontology and Metaontology: A Contemporary Guide | Blurring Boundaries: Carnap, Quine, and the Internal–External Distinction | Carnap's Metaontology",0.35864669,True,True,True,True,False,True
typical_30d_49,39,law / legal / punishment,800,0.01152738,0.13910519,0.87746151,71,0.79718310,0.72929577,0.91699425,0.03608995,0.33280846,26,0.08044930,0.55614890,0.75033952,0.01139229,0.01150641,0.80136022,below_0.60,17.00000000,0.65224490,0.75917768,,0.63651690,0.69230769,0.35672269,14.87500000,law; legal; punishment; criminal; rights,"M. H. Kramer, C. Grant, B. Colburn, and A. Hatzistavrou, eds. _The Legacy of H. L. A. Hart: Legal, Political, and Moral Philosophy_. | Advocacy and Genuine Autonomy: The Lawyer's Role When the Client Has a Right to Do Wrong | The Right to Do Wrong: Morality and the Limits of Law, by Mark Osiel (Cambridge: Harvard University Press), 2019",0.71776840,True,False,False,False,False,True
typical_30d_49,40,economic / market / economics,751,0.01082133,0.06877206,0.95472643,56,0.64166667,0.53321429,0.86798983,0.07005801,0.36175391,26,0.07570850,0.37932806,0.46242533,0.01061224,0.01071761,0.70199161,below_0.60,17.00000000,0.44435625,0.49214027,,0.48286232,0.52631579,0.25000000,40.34620506,economic; market; economics; business; financial,"Review of Mark White, The Manipulation of Choice: Ethics and Libertarian Paternalism | Book review of: C. Dyble, Taming Leviathan: Waging a War of Ideas Around the World | Matthew Hale, Of the Law of Nature",0.52239296,True,False,False,False,True,True
typical_30d_49,41,war / military / just war,211,0.00304035,0.07318733,0.99591948,30,0.76666667,0.66400000,0.91323038,0.11022978,0.62293047,26,0.02125936,0.36921676,0.08222987,0.00306693,0.00309484,0.83418285,below_0.60,17.00000000,0.43381738,0.56363636,,0.43189591,0.44444444,0.33333333,75.35545024,war; military; just war; terrorism; just,"Preemption: Military Action and Moral Justification, edited by Henry Shue and David Rodin | Routledge Handbook of Ethics and War: Just War Theory in the Twenty‐first Century | National Defence, Self Defence, and the Problem of Political Aggression",0.66095965,True,False,False,False,True,True
typical_30d_49,42,political / democracy / democratic,1840,0.02651297,0.09469064,0.85047510,169,0.79289941,0.75005917,0.92348871,0.09962361,0.23588036,26,0.18569116,0.53654885,0.66411314,0.02699320,0.02704118,0.76406908,below_0.60,17.00000000,0.62642336,0.70050251,,0.71543435,0.75000000,0.53333333,7.11956522,political; democracy; democratic; politics; liberalism,"Review of Horcher 2020, A Political Philosophy of Conservatism | Review of 'The Political Is Political: Conformity and the Illusion of Dissent in Contemporary Political Philosophy' by Lorna Finlayson. | History and normativity in political theory: the case of Rawls",0.72354620,True,False,False,False,False,True
typical_30d_49,43,belief / epistemic / knowledge,2185,0.03148415,0.14024903,0.72456519,203,0.79802956,0.74561576,0.92847674,0.10743356,0.18606339,38,0.76778523,0.62215107,0.72427235,0.03172184,0.03174408,0.76063085,0.60_to_0.75,17.00000000,0.72631041,0.72635306,,0.72807762,0.81250000,0.41176471,14.50800915,belief; epistemic; knowledge; epistemology; beliefs,"Enkrasia or evidentialism? Learning to love mismatch | Reasons Fundamentalism and Rational Uncertainty – Comments on Lord, The Importance of Being Rational | The non-factive turn in epistemology: some hypotheses",0.71413161,False,False,False,False,False,False
typical_30d_49,44,language / linguistic / meaning,2337,0.03367435,0.05895312,0.95360234,192,0.70520833,0.63750000,0.89885886,0.08496710,0.23325123,39,0.80872614,0.57138500,0.71630100,0.03379592,0.03390091,0.77825355,below_0.60,17.00000000,0.66619293,0.72688069,,0.61352445,0.66666667,0.32631579,23.53444587,language; linguistic; meaning; semantics; semantic,"Confusion of Tongues: A Theory of Normative Language, by Stephen Finlay | Kripke's Wittgenstein: The Meaning Sceptic | Review Essay: Scott Soames, Philosophy of Language: Princeton University Press, 2010, Pp. ix, 189",0.60382565,True,False,False,False,False,True
typical_30d_49,45,study / employees / management,408,0.00587896,0.10128804,0.86341941,43,0.68682171,0.55069767,0.86027882,0.06627496,0.33558956,26,0.04109728,0.36003037,0.37262635,0.00591609,0.00596247,0.74534653,below_0.60,17.00000000,0.42250377,0.55524079,,0.37584508,0.43303571,0.14285714,64.21568627,study; employees; management; organizational; leadership,Exploring the vulnerability of practice-like activities: an ethnographic perspective | Between Management and Leadership—A Comparative Study with Reference to (Sheikh Zayed AL Nahyan and Nelson Mandela) | Job Satisfaction and Dissatisfaction as Outcomes of Psychological Contract: Evidence from the South African Workplace,0.54481871,True,False,False,False,True,True
typical_30d_49,46,education / students / learning,1779,0.02563401,0.13412929,0.94841454,152,0.82324561,0.78578947,0.87645684,0.15499444,0.36586484,26,0.17951832,0.58189670,0.76169590,0.02546939,0.02551819,0.86491182,below_0.60,17.00000000,0.68004577,0.76362655,,0.76826880,0.77777778,0.66666667,1.63012929,education; students; learning; study; teaching,China Confronts Kant When University Students Experience the Angst of Freedom | Rousseau’s lawgiver as teacher of peoples: Investigating the educational preconditions of the social contract | The Paralysis of Traditional Schools and the Future of Education,0.76015547,True,False,False,False,False,True
typical_30d_49,47,modal / modality / worlds,490,0.00706052,0.21334702,0.80149943,36,0.73703704,0.68666667,0.93682570,0.10295531,0.36011550,41,0.86309524,0.55138018,0.70426356,0.00711048,0.00718103,0.82436551,below_0.60,17.00000000,0.64740833,0.71341463,,0.59608641,0.64705882,0.35294118,18.57142857,modal; modality; worlds; necessity; essence,"New Directions in the Epistemology of Modality: Introduction | What does nihilism tell us about modal logic? | Review: Brian Leftow, God and Necessity",0.67960615,True,False,False,False,True,True
typical_30d_49,48,logic / mathematics / truth,1802,0.02596542,0.09334973,0.90313185,154,0.74155844,0.67883117,0.90511534,0.08467159,0.29527256,40,0.76514745,0.60144678,0.71687827,0.02598722,0.02611177,0.80324205,0.60_to_0.75,17.00000000,0.70294835,0.74021131,,0.73609636,0.81250000,0.46666667,11.15427303,logic; mathematics; truth; mathematical; logics,"Philosophical Logic: An Introduction to Advanced Topics, by George Englebretsen and Charles Sayward | Remarks on Wittgenstein, Gödel, Chaitin, Incompleteness, Impossiblity and the Psychological Basis of Science and Mathematics | Review of Logic, Logic and Logic, by George Boolos",0.65286575,False,False,False,False,False,False
robust_20d_49,0,neutrosophic / set / sets,218,0.00314121,0.87251767,0.87741891,19,0.99649123,0.97578947,0.92622398,0.20177237,0.59387887,0,0.99086758,0.96984982,0.97375993,0.93750000,0.93847871,0.99428926,at_least_0.85,13.00000000,0.96294829,0.96407186,,0.99805335,1.00000000,1.00000000,0.00000000,neutrosophic; set; sets; fuzzy; neutrosophic set,An Overview of Neutrosophic and Plithogenic Theories and Applications | Neutrosophic Triplet Structures. Volume I | Degrees of Membership > 1 and < 0 of the Elements with Respect to a Neutrosophic OffSet,0.97264826,False,False,False,False,False,False
robust_20d_49,1,nietzsche / philosophy / human,272,0.00391931,0.51291219,0.86757867,25,0.89600000,0.83280000,0.91374164,-0.24754637,0.12510969,1,0.99633700,0.93781795,0.93694588,0.90625000,0.90741168,0.96662182,at_least_0.85,13.00000000,0.94131704,0.94642857,,0.95770608,1.00000000,0.93375000,3.67647059,nietzsche; philosophy; human; moral; theory,"Our Toil Respite Only: Woolf, Diamond and the Difficulty of Reality | Gramsci’s ‘Non-contemporaneity’ | A Defense of Integrity as a Conservation Concept",0.82888069,False,False,True,True,False,True
robust_20d_49,2,ontology / ontologies / biomedical,400,0.00576369,0.37755084,0.77302713,38,0.70350877,0.64947368,0.88952521,0.10805400,0.30479822,2,0.96585366,0.60974432,0.84931373,0.00569615,0.00569713,0.94224638,0.60_to_0.75,13.00000000,0.87076305,0.88785047,,0.66158825,0.68750000,0.50000000,9.25000000,ontology; ontologies; biomedical; data; information,Philosophy and Biomedical Information Systems | Ontological realism: A methodology for coordinated evolution of scientiﬁc ontologies | The Ontology of Tendencies and Medical Information Sciences,0.64371000,False,False,False,False,False,False
robust_20d_49,3,ai / intelligence / artificial,1168,0.01682997,0.16408310,0.81737450,98,0.77414966,0.67755102,0.86826009,0.12306872,0.38566816,18,0.86756077,0.45352621,0.57845792,0.01678614,0.01685291,0.87419601,below_0.60,13.00000000,0.68854843,0.78406709,,0.45626626,0.50000000,0.20000000,42.12328767,ai; intelligence; artificial; artificial intelligence; human,Shortcuts to Artificial Intelligence | Anthropomorphism in AI: Hype and Fallacy | Understanding Artificial Agency,0.66072105,True,False,False,False,True,True
robust_20d_49,4,using / network / accuracy,314,0.00452450,0.11798646,0.84011601,22,0.76060606,0.58090909,0.78892882,0.11375338,0.41323999,4,0.89655172,0.55522861,0.74088784,0.00440984,0.00442682,0.93411807,below_0.60,13.00000000,0.85176725,0.89605735,,0.59668156,0.62500000,0.46153846,14.64968153,using; network; accuracy; data; dataset,Prediction of Heart Disease Using a Collection of Machine and Deep Learning Algorithms | Prediction of Heart Disease Using a Collection of Machine and Deep Learning Algorithms | Predicting Fire Alarms in Smoke Detection using Neural Networks,0.57638460,True,False,False,False,True,True
robust_20d_49,5,evolutionary / biology / evolution,1779,0.02563401,0.15404483,0.82454296,156,0.77521368,0.71641026,0.89655102,0.14017601,0.27002665,3,0.94417606,0.56168243,0.82825970,0.02530566,0.02540198,0.88622829,below_0.60,13.00000000,0.85025909,0.86450760,,0.59704250,0.62500000,0.43750000,13.49072513,evolutionary; biology; evolution; biological; life,"Book Notice of Rosenberg & Arp (eds) Philosophy of Biology: An Anthology | Biological Individuals | Symbiosis, History of",0.69077625,True,False,False,False,True,True
robust_20d_49,6,health / medical / covid,1593,0.02295389,0.06191400,0.91909181,124,0.75913978,0.70145161,0.85811451,0.06988717,0.36185232,5,0.56373938,0.33468651,0.45136944,0.02261138,0.02273792,0.57054706,below_0.60,13.00000000,0.50248359,0.54018547,,0.45716986,0.43750000,0.25000000,54.30006277,health; medical; covid; covid 19; 19,"The Medical Ethics of Miracle Max | Bioethics met its COVID‐19 Waterloo: The doctor knows best again | Conscientious objections, the nature of medicine, and the need for reformability",0.67849772,True,False,False,False,True,True
robust_20d_49,7,abortion / genetic / children,813,0.01171470,0.15906100,0.70188345,74,0.75045045,0.65594595,0.87292602,0.02502739,0.49008274,5,0.28799150,0.36888914,0.28613296,0.01161314,0.01163749,0.88050136,below_0.60,13.00000000,0.56116363,0.69770580,,0.29278541,0.31250000,0.13333333,99.38499385,abortion; genetic; children; human; child,"_Bioethics in Canada_ | _Bioethics in Canada_, second edition | In defence of genethical parity",0.64423125,True,False,False,False,True,True
robust_20d_49,8,intuitions / experimental philosophy / experimental,173,0.00249280,0.06387259,0.97779301,12,0.80000000,0.59166667,0.94052165,0.06386816,0.35523155,-1,0.00000000,0.43076890,0.41476813,0.00000000,0.00097137,0.89397887,below_0.60,13.00000000,0.66136984,0.85714286,,0.45951136,0.50000000,0.31929825,47.97687861,intuitions; experimental philosophy; experimental; thought experiments; experiments,"The myth of the intuitive: Experimental philosophy and philosophical method, by Max Deutsch (MIT Press, 2015). | Experimental philosophy without intuitions: an illustration of why it fails | The method(s) of cases",0.58917387,True,False,False,False,True,True
robust_20d_49,9,controllers / using / controller,173,0.00249280,0.06597233,0.97964037,17,0.89411765,0.73058824,0.82978703,0.36208711,0.46113658,-1,0.00000000,0.38719995,0.09438374,0.00000000,0.00106025,0.94657807,below_0.60,13.00000000,0.59433361,0.77419355,,0.42385035,0.44444444,0.29411765,78.03468208,controllers; using; controller; control; simulation,Speed Control of Ward Leonard Layout System using H infinity Optimal Control | Performance Investigation of Hydraulic Actuator Based Mass Lift System using MPC and LQR Controllers | Modeling and Simulation of a Horizontally Moving Suspended Mass Pendulum Base using H infinity Optimal Loop Shaping Controller with First and Second Order Desired Loop Shaping Functions,0.72809544,True,False,False,False,True,True
robust_20d_49,10,time / quantum / physics,2908,0.04190202,0.12602286,0.86955738,229,0.82590975,0.77755459,0.88907812,0.16126595,0.33748564,7,0.94803419,0.49372583,0.56382857,0.04156009,0.04169475,0.90593699,below_0.60,13.00000000,0.73685997,0.88930348,,0.49244307,0.53846154,0.26666667,45.11691884,time; quantum; physics; mechanics; theory,"The Cosmic Void | The philosophical implications of the loophole-free violation of Bell’s inequality: Quantum entanglement, timelessness, triple-aspect monism, mathematical Platonism and scientific morality. | Privileged-Perspective Realism in the Quantum Multiverse",0.73565257,True,False,False,False,True,True
robust_20d_49,11,urban / architecture / architectural,185,0.00266571,0.03478519,0.97532219,12,0.75555556,0.67166667,0.91729790,0.09772341,0.43442264,11,0.82870370,0.42434345,0.60627210,0.00090909,0.00098693,0.86945825,below_0.60,13.00000000,0.65139081,0.77272727,,0.49619049,0.52631579,0.33333333,32.43243243,urban; architecture; architectural; city; design,"The specifics of suburban architecture | Editorial: Projected interiorities or the production of subjectivity through spatial and performative means | Ugliness in architecture in the Australian, American, British and Italian milieus: Subtopia between the 1950s and the 1970s",0.66900096,True,False,False,False,True,True
robust_20d_49,12,climate / environmental / climate change,909,0.01309798,0.10006327,0.94672414,92,0.81666667,0.76847826,0.90227416,0.09103674,0.36709869,14,0.58248473,0.52536590,0.75607470,0.01293776,0.01296418,0.88839417,below_0.60,13.00000000,0.80117457,0.84633854,,0.60353632,0.61538462,0.50000000,7.70077008,climate; environmental; climate change; change; ecological,"Review of Bryan Norton, Sustainable Values, Sustainable Change | Book Review: Anthony O’Hear, ed., Philosophy and the Environment | The Philosophical Foundations of Ecological Civilization: A Manifesto for the Future",0.75538028,True,False,False,False,False,True
robust_20d_49,13,animal / animals / food,599,0.00863112,0.21416494,0.69034816,54,0.79876543,0.70370370,0.88827354,0.09537103,0.48693314,13,0.93829114,0.54036240,0.76113256,0.00839985,0.00857334,0.90049553,below_0.60,13.00000000,0.82660543,0.82549020,,0.56666955,0.61111111,0.31250000,23.03839733,animal; animals; food; moral; ethics,"Saving Animals, Saving Ourselves: Why Animals Matter for Pandemics, Climate Change, and Other Catastrophes; By Jeff Sebo | Vegetarianism | Why Do We Believe Humans Matter More than Other Animals?",0.69507258,True,False,False,False,True,True
robust_20d_49,14,science / research / wisdom,334,0.00481268,0.05122739,0.81300635,25,0.64000000,0.45520000,0.89616325,0.00201068,0.30277303,6,0.70054945,0.33936492,0.44362269,0.00453679,0.00463966,0.59750915,below_0.60,13.00000000,0.51949750,0.54502370,,0.43579094,0.50000000,0.12750000,49.70059880,science; research; wisdom; academic; scientific,Intellectual Virtues and Scientific Endeavor: A Reflection on the Commitments Inherent in Generating and Possessing Knowledge | For the Common Good: Philosophical Foundations of Research Ethics | The Urgent Need for an Academic Revolution: The Rational Pursuit of Wisdom,0.45038732,True,False,False,False,True,True
robust_20d_49,15,games / sport / game,415,0.00597983,0.23449562,0.64105038,37,0.83603604,0.79297297,0.88965645,-0.04212495,0.68855208,16,0.98325359,0.54420957,0.77449269,0.00590025,0.00591608,0.94898534,below_0.60,13.00000000,0.83400160,0.85094851,,0.60866749,0.61538462,0.51052632,6.74698795,games; sport; game; virtual; sports,The opacity of play: a reply to commentators | Too Much Playing Games – A Response to Kretchmar | What is a Metagame?,0.78699315,True,False,False,False,False,True
robust_20d_49,16,mental / disorder / psychiatric,1127,0.01623919,0.10487639,0.63030010,94,0.63758865,0.53489362,0.89036224,0.04929601,0.53514099,10,0.89817881,0.50630801,0.74984851,0.01609508,0.01620572,0.82226397,below_0.60,13.00000000,0.77007825,0.76583493,,0.55683669,0.61111111,0.28253968,21.65039929,mental; disorder; psychiatric; self; addiction,"Philosophy for life and other dangerous situations | Review of The Self | Commentary: Not in the drug, not in the brain: Causality in psychedelic experiences from an enactive perspective",0.51865442,True,False,False,False,True,True
robust_20d_49,17,technology / digital / information,1255,0.01808357,0.06648413,0.93276254,101,0.66666667,0.55742574,0.86937071,0.03857485,0.39621392,17,0.91133385,0.49593727,0.64430064,0.01781406,0.01783222,0.87203767,below_0.60,13.00000000,0.75318519,0.84200913,,0.52247341,0.53333333,0.33333333,33.06772908,technology; digital; information; media; privacy,"Not Just A Tool: Why Social-Media Use Is Bad and Bad For Us, and The Duty to Quit | Can Humans Dream of Electric Sheep? | What to Do When Privacy Is Gone",0.53934217,True,False,False,False,True,True
robust_20d_49,18,collective / group / agency,193,0.00278098,0.15723346,0.92301221,14,0.74761905,0.62142857,0.93257053,0.08603490,0.42013383,15,0.89573460,0.49255095,0.66821647,0.00266739,0.00268428,0.88898829,below_0.60,13.00000000,0.75626826,0.78680203,,0.59362669,0.62500000,0.41666667,16.06217617,collective; group; agency; groups; action,Why We Need a New Normativism about Collective Action | Goods and Groups: Thomistic Social Action and Metaphysics | Introduction,0.61864759,True,False,False,False,True,True
robust_20d_49,19,philosophy / nature / book,474,0.00682997,0.07346588,0.81999731,48,0.65694444,0.50458333,0.90503462,0.20218771,0.05683201,21,0.90963855,0.45520925,0.63673900,0.00671263,0.00671321,0.79401695,below_0.60,13.00000000,0.69661094,0.70663812,,0.51401553,0.58823529,0.23529412,34.38818565,philosophy; nature; book; world; theory,Leibniz Reinterpreted | Religious Pluralism and its Discontents: Faith and the ‘Logic of Exclusion' | THE BALD BOY AND THE MOST BEAUTIFUL GIRL IN THE WORLD,0.49775336,True,False,False,False,True,True
robust_20d_49,20,political / education / social,10140,0.14610951,0.04801814,0.96585723,930,0.85082437,0.81372043,0.85418156,0.04159618,0.17223394,26,0.91770454,0.33476190,0.17864256,0.14715646,0.14719907,0.88673859,below_0.60,13.00000000,0.43554484,0.18932340,,0.65238670,0.64285714,0.52941176,4.94082840,political; education; social; study; law,The Wrong of Rudeness | Are You Entitled to Affirmative Action? | The Politics of Being Part of Nature,0.66761092,True,False,False,False,False,True
robust_20d_49,21,aggregation / decision / choice,337,0.00485591,0.06938514,0.91906290,38,0.61052632,0.49473684,0.91489264,-0.04033219,0.44443384,34,0.64503043,0.47568922,0.68163963,0.00466255,0.00473129,0.79513638,below_0.60,13.00000000,0.72919497,0.71974522,,0.56434301,0.60000000,0.37500000,19.58456973,aggregation; decision; choice; judgment aggregation; utility,Taking Stock of Infinite Value: Pascal’s Wager and Relative Utilities | Normative Decision Theory | Decision Theory,0.48988093,True,False,False,False,True,True
robust_20d_49,22,moral / ethics / reasons,3960,0.05706052,0.04877025,0.95331744,353,0.84627007,0.81116147,0.92276698,0.02931409,0.15478252,27,0.89069390,0.51261351,0.73814316,0.05735950,0.05747084,0.84772442,below_0.60,13.00000000,0.75756198,0.80929975,,0.52778513,0.58333333,0.28571429,32.39898990,moral; ethics; reasons; morality; free,A Counterexample to Parfit's Rule Consequentialism | Knowing What Matters | Non-Consequentialism Demystified,0.75410095,True,False,False,False,True,True
robust_20d_49,23,emotions / emotion / emotional,534,0.00769452,0.15398596,0.69979929,42,0.72222222,0.63809524,0.92441107,-0.05163390,0.43979636,28,0.79222720,0.50455303,0.72221755,0.00751089,0.00755522,0.84551694,below_0.60,13.00000000,0.77205235,0.81262327,,0.60687208,0.63157895,0.47058824,11.04868914,emotions; emotion; emotional; affective; anger,"Emotions: Philosophical Issues About | Arguments from the Priority of Feeling in Contemporary Emotion Theory and Max Scheler’s Phenomenology | Review of Christine Tappolet, Emotions, Values and Agency (Oxford University Press, 2016)",0.63040071,True,False,False,False,False,True
robust_20d_49,24,conditionals / counterfactuals / conditional,205,0.00295389,0.12745649,0.95585012,12,0.84444444,0.70666667,0.93058271,0.05586746,0.55888468,-1,0.00000000,0.53446745,0.86545042,0.00281205,0.00283411,0.92793506,below_0.60,13.00000000,0.82066574,0.87790698,,0.56721474,0.58823529,0.44431818,12.68292683,conditionals; counterfactuals; conditional; indicative; indicative conditionals,New surprises for the Ramsey Test | Reasonable Inferences for Counterfactuals | The Inextricable Link Between Conditionals and Logical Consequence,0.70371278,True,False,False,False,True,True
robust_20d_49,25,induction / bayesian / inductive,170,0.00244957,0.00203241,0.99989175,13,0.53333333,0.40307692,0.91539228,-0.26714998,0.49571791,7,0.00033795,0.06243694,0.00782289,0.00185185,0.00206685,0.19933231,below_0.60,13.00000000,0.09474300,0.11496350,,0.00034602,0.00000000,0.00000000,100.00000000,induction; bayesian; inductive; problem induction; problem,"The Ineffability of Induction | The Principle of Indifference and Inductive Scepticism | The"" No Miracles"" Justification of Induction",0.40062736,True,False,True,True,True,True
robust_20d_49,26,life / death / meaning life,198,0.00285303,0.03955613,0.97598543,22,0.66969697,0.52727273,0.93669728,0.09074681,0.32369092,29,0.35948905,0.37102779,0.38759148,0.00281205,0.00282965,0.77933951,below_0.60,13.00000000,0.56925499,0.61594203,,0.40952701,0.42481203,0.29159664,80.30303030,life; death; meaning life; meaning; meaningful,"Death, Immortality, and Meaning in Life. By John Martin Fischer. Oxford: Oxford University Press, 2020. 216 pages. $29.99. (Paperback) | The Meaning of Life: What's the Point? | Does Death Give Meaning to Life?",0.52441970,True,False,False,False,True,True
robust_20d_49,27,pleasure / happiness / hedonism,202,0.00291066,0.01924793,0.98942090,21,0.66031746,0.51619048,0.92355237,0.08590778,0.42633414,29,0.36678832,0.38655741,0.39073877,0.00268578,0.00273738,0.84043048,below_0.60,13.00000000,0.59314387,0.68020305,,0.50748127,0.53333333,0.37596154,36.13861386,pleasure; happiness; hedonism; desire; life,Well-Being as Fitting Happiness | The Elements of Well-Being | The Folk Theory of Well-Being,0.51327981,True,False,False,False,True,True
robust_20d_49,28,causation / causal / explanation,511,0.00736311,0.10300684,0.72140083,34,0.73137255,0.65941176,0.93641471,0.06533437,0.29844895,8,0.81196581,0.45244385,0.62280481,0.00718641,0.00722851,0.80109608,below_0.60,13.00000000,0.69209088,0.67187500,,0.56540511,0.61111111,0.35294118,24.07045010,causation; causal; explanation; explanations; cause,Making Something Happen. Where Causation and Agency Meet. | Review of Making Things Happen | Purposeful Explanation and Causal Gaps,0.65204865,True,False,False,False,True,True
robust_20d_49,29,scientific / science / realism,400,0.00576369,0.14013648,0.81190294,27,0.80493827,0.69185185,0.93953331,0.08661441,0.37894413,9,0.86157518,0.49824681,0.76873254,0.00549809,0.00559246,0.81843229,below_0.60,13.00000000,0.76339295,0.79558011,,0.57012451,0.61111111,0.35294118,18.25000000,scientific; science; realism; scientific realism; theories,"Scientific Realism | An empiricist regarding science, an empiricist regarding representation | A methodological argument against scientific realism",0.68608816,True,False,False,False,True,True
robust_20d_49,30,composition / identity / composition identity,215,0.00309798,0.04169094,0.96465264,20,0.70333333,0.60100000,0.92126645,-0.02265079,0.64058781,25,0.92576419,0.50068535,0.80534670,0.00295804,0.00300974,0.87948077,below_0.60,13.00000000,0.76857162,0.82722513,,0.54247076,0.57142857,0.39333333,20.46511628,composition; identity; composition identity; mereological; parts,"Composition, Persistence, and Identity | Persistence, composition, and identity | Parts Ground the Whole and Are Identical to It",0.59790202,True,False,False,False,True,True
robust_20d_49,31,phenomenology / husserl / phenomenological,171,0.00246398,0.00553789,0.99764929,18,0.71481481,0.56222222,0.94448157,0.06980051,0.43528190,20,0.73991031,0.24803966,0.02070027,0.00089366,0.00090980,0.71347305,below_0.60,13.00000000,0.38025628,0.53296703,,0.30877750,0.33333333,0.16666667,97.07602339,phenomenology; husserl; phenomenological; merleau ponty; ponty,"Searle, Derrida, and the ends of phenomenology | Tom Sparrow: The end of phenomenology: Metaphysics and the new realism: Edinburgh University Press, Edinburgh, 2014, xvi + 197 pp, $34.95 , ISBN: 9780748684830 | Merleau-ponty in dialogue with the cognitive sciences in light of recent imitation research",0.55975825,True,False,False,False,True,True
robust_20d_49,32,music / musical / sound,314,0.00452450,0.20820468,0.84056504,17,0.86666667,0.83647059,0.91557314,0.00309944,0.48852322,32,0.91343284,0.56594935,0.85738499,0.00446429,0.00447618,0.90227273,below_0.60,13.00000000,0.86823007,0.86397059,,0.59659725,0.63157895,0.41948529,13.05732484,music; musical; sound; musical works; improvisation,"Music, Cage's Silence, and Art: An interview with Stephen Davies, PhD | The Varieties of Musical Experience | Review of Simon Høffding, _A Phenomenology of Musical Absorption_, Cham: Palgrave Macmillan 2019",0.83194609,True,False,False,False,True,True
robust_20d_49,33,memory / episodic / remembering,262,0.00377522,0.15237114,0.89114345,31,0.78494624,0.67290323,0.92639745,0.01075143,0.67674452,19,0.95522388,0.49360657,0.69215113,0.00364626,0.00366397,0.91168857,below_0.60,13.00000000,0.75734708,0.85024155,,0.55571693,0.58823529,0.42857143,16.03053435,memory; episodic; remembering; episodic memory; memories,Extended and constructive remembering: two notes on Martin and Deutscher | Memory: A Self-Referential Account | Is external memory memory? Biological memory and extended mind,0.66912801,True,False,False,False,True,True
robust_20d_49,34,film / films / cinema,215,0.00309798,0.04595862,0.96307786,19,0.65614035,0.50842105,0.91927216,0.02035909,0.45602289,31,0.83858268,0.47728557,0.70738440,0.00304790,0.00304829,0.80659976,below_0.60,13.00000000,0.73260967,0.72625698,,0.53686357,0.61111111,0.23257919,27.90697674,film; films; cinema; cinematic; review,"Seeing One Another Anew with Godfrey Reggio's Visitors | Ideology, Socratic elenchus, and Inglourious Basterds | American History X, Cinematic Manipulation, and Moral Conversion",0.50532307,True,False,False,False,True,True
robust_20d_49,35,art / aesthetic / aesthetics,1165,0.01678674,0.15559765,0.81191827,87,0.86896552,0.85149425,0.92421506,0.05559098,0.34045064,33,0.87827427,0.57691083,0.86967453,0.01652788,0.01659897,0.88950416,below_0.60,13.00000000,0.87846318,0.88047809,,0.61143819,0.64285714,0.46666667,10.72961373,art; aesthetic; aesthetics; beauty; artworks,"Attuned, Transcendent & Transfigured: Nietzsche's Aesthetic Psychology | Peter Lamarque | Review of Jennifer Lena's ""Entitled: Discriminating Tastes and the Expansion of the Arts""",0.83470751,True,False,False,False,False,True
robust_20d_49,36,ontology / ontological / existence,204,0.00293948,0.01372837,0.98885552,21,0.41904762,0.34380952,0.93775715,-0.04925470,0.22948009,37,0.56521739,0.34704611,0.49467301,0.00270368,0.00278101,0.65151995,below_0.60,13.00000000,0.53231941,0.56902357,,0.49628268,0.53333333,0.29819005,40.68627451,ontology; ontological; existence; metaphysics; properties,"Carnap's Metaontology | Blurring Boundaries: Carnap, Quine, and the Internal–External Distinction | Quantification in the Ontology Room",0.34087004,True,True,False,True,True,True
robust_20d_49,37,fiction / fictional / fictions,209,0.00301153,0.03603579,0.96312193,6,0.91111111,0.84666667,0.94647776,-0.12889030,0.55113453,30,0.81274900,0.50634557,0.73776779,0.00278521,0.00279796,0.83806442,below_0.60,13.00000000,0.77741672,0.79069767,,0.54841773,0.60000000,0.23438914,27.27272727,fiction; fictional; fictions; fictionalism; imagining,Fictionalism | The Real Foundation of Fictional Worlds | Fictional Truth: In Defence of the Reality Principle,0.84365514,True,False,True,True,True,True
robust_20d_49,38,cognitive / mind / cognition,506,0.00729107,0.03226461,0.90322392,46,0.61159420,0.47565217,0.91739473,0.14802798,0.25653863,22,0.72447326,0.30729046,0.40264645,0.00689593,0.00705883,0.67205017,below_0.60,13.00000000,0.46881168,0.47806005,,0.33071628,0.33333333,0.06666667,75.49407115,cognitive; mind; cognition; consciousness; cognitive science,Cognitive systems and the supersized mind | Editorial Introduction: Socializing the Extended Mind | How to situate cognition: Letting nature take its course,0.46836111,True,False,False,False,True,True
robust_20d_49,39,analytic / philosophy / analytic philosophy,250,0.00360231,0.03760272,0.92875767,17,0.70196078,0.62000000,0.95643795,-0.11678084,0.27663353,35,0.65070423,0.32664413,0.33058313,0.00353780,0.00353807,0.69138381,below_0.60,13.00000000,0.50057116,0.61132075,,0.38968275,0.43750000,0.16666667,68.00000000,analytic; philosophy; analytic philosophy; wittgenstein; kant,"Review of Science and Sensibilia | Cavell and the ""History of the Rejection of the Human"" | A Reconstruction of Russell's Gray's Elegy Argument",0.61639769,True,False,True,True,True,True
robust_20d_49,40,philosophy / god / religion,2641,0.03805476,0.04170474,0.90237145,250,0.70453333,0.65384000,0.92078334,0.00786503,0.26539028,36,0.76915829,0.45623100,0.64284216,0.03791727,0.03794836,0.75285675,below_0.60,13.00000000,0.68120954,0.68634553,,0.59237612,0.62500000,0.43750000,13.63120030,philosophy; god; religion; religious; philosophical,"Incarnation | The Metaphysics of the Incarnation | Philosophy in the Middle Ages: the Christian, Islamic, and Jewish Traditions (3rd ed.)",0.61578524,True,False,False,False,True,True
robust_20d_49,41,disagreement / epistemic / peer,164,0.00236311,0.01213131,0.99682043,20,0.64000000,0.53000000,0.93073846,0.05005280,0.47583005,38,0.00051840,0.23339402,0.04997086,0.00000000,0.00030985,0.73742378,below_0.60,13.00000000,0.35780295,0.47087379,,0.29679736,0.31250000,0.16666667,100.00000000,disagreement; epistemic; peer; peer disagreement; epistemology,"Dilemmas, Disagreement, and Dualism | Disagreement: Idealized and Everyday | ‘Peer Disagreement’ and Evidence of Evidence",0.52763689,True,False,False,False,True,True
robust_20d_49,42,modal / modality / worlds,455,0.00655620,0.11684448,0.78671263,33,0.75555556,0.69818182,0.93902536,0.10153608,0.37354550,41,0.84489796,0.43603971,0.66620847,0.00638723,0.00640391,0.79017816,below_0.60,13.00000000,0.66728309,0.70789474,,0.49011758,0.53333333,0.25000000,37.58241758,modal; modality; worlds; necessity; essence,"New Directions in the Epistemology of Modality: Introduction | What does nihilism tell us about modal logic? | Review: Brian Leftow, God and Necessity",0.69162562,True,False,False,False,True,True
robust_20d_49,43,logic / mathematics / truth,1757,0.02531700,0.04963185,0.90537167,146,0.72283105,0.66178082,0.90558426,0.03671370,0.33589554,40,0.71255274,0.44883912,0.61805258,0.02492743,0.02505155,0.81160229,below_0.60,13.00000000,0.67683597,0.75953458,,0.52329572,0.55555556,0.33333333,31.58793398,logic; mathematics; truth; mathematical; logics,"Philosophical Logic: An Introduction to Advanced Topics, by George Englebretsen and Charles Sayward | Remarks on Wittgenstein, Gödel, Chaitin, Incompleteness, Impossiblity and the Psychological Basis of Science and Mathematics | Paths to Triviality",0.63646382,True,False,False,False,True,True
robust_20d_49,44,belief / knowledge / epistemic,1834,0.02642651,0.08463970,0.75856786,170,0.80705882,0.74705882,0.93200643,0.10777652,0.17589867,38,0.80360721,0.46821827,0.66366109,0.02616110,0.02634573,0.76856508,below_0.60,13.00000000,0.70598576,0.71547421,,0.57831830,0.62500000,0.40000000,15.48527808,belief; knowledge; epistemic; evidence; justification,"Enkrasia or evidentialism? Learning to love mismatch | Reasons Fundamentalism and Rational Uncertainty – Comments on Lord, The Importance of Being Rational | The non-factive turn in epistemology: some hypotheses",0.72063231,True,False,False,False,True,True
robust_20d_49,45,perception / perceptual / visual,1404,0.02023055,0.09623621,0.74902893,133,0.83609023,0.79669173,0.91321019,0.05659542,0.39361081,24,0.72881356,0.44592054,0.53770325,0.01997460,0.02012285,0.82527148,below_0.60,13.00000000,0.67505980,0.78891606,,0.60198744,0.62500000,0.46666667,11.03988604,perception; perceptual; visual; experience; color,"Understanding How Experience ""seems"" | The Disunity of Perception: An Introduction | Hill on perceptual relativity and perceptual error",0.77646118,True,False,False,False,False,True
robust_20d_49,46,consciousness / mind / conscious,689,0.00992795,0.04861332,0.85818959,44,0.70000000,0.64681818,0.92709018,0.12573927,0.26963314,23,0.54763811,0.34121695,0.33880243,0.00941497,0.00967527,0.71642632,below_0.60,13.00000000,0.51953578,0.62281723,,0.45224325,0.47058824,0.31250000,57.91001451,consciousness; mind; conscious; problem; brain,"""Purple Haze: The Puzzle of Consciousness"" by Joseph Levine, ""Phenomenal Consciousness: A Naturalistic Theory"" by Peter Carruthers, and ""The Nature of Consciousness"" by Mark Rowlands | Triple definition or explanation of consciousness | A Framework for Studying Consciousness",0.63689023,True,False,False,False,True,True
robust_20d_49,47,speech / conversational / speaker,269,0.00387608,0.03065206,0.96876871,19,0.51929825,0.42421053,0.91927782,0.08178914,0.52409983,39,0.11231102,0.20832821,0.10411282,0.00375510,0.00378164,0.70047710,below_0.60,13.00000000,0.31840429,0.12430081,,0.19578744,0.20000000,0.07692308,100.00000000,speech; conversational; speaker; communication; linguistic,"A Rightness-Based Theory of Communicative Propriety | On stipulation | Exhaustiveness, normativity, and communicative responsibilities",0.42033445,True,False,False,False,True,True
robust_20d_49,48,language / semantics / meaning,1145,0.01649856,0.04074056,0.84349131,95,0.65122807,0.56800000,0.91263879,0.12253107,0.23630418,39,0.47164179,0.35462176,0.46640269,0.01608825,0.01627969,0.71259002,below_0.60,13.00000000,0.53663562,0.52836005,,0.54187138,0.56250000,0.40000000,22.35807860,language; semantics; meaning; semantic; linguistic,"Confusion of Tongues: A Theory of Normative Language, by Stephen Finlay | What Is Meaning? By Scott Soames. Soochow University Lectures in Philosophy | Reference and descriptions",0.55150144,True,False,False,False,True,True
robust_20d_29,0,ontology / ontologies / biomedical,400,0.00576369,0.63112503,0.89662297,38,0.70350877,0.64947368,0.88952521,0.10805400,0.38341689,2,0.96585366,0.83090433,0.85975910,0.60038610,0.62886304,0.94224638,0.75_to_0.85,17.00000000,0.82867965,0.87976540,,0.95125996,1.00000000,0.74833333,1.50000000,ontology; ontologies; biomedical; data; information,Philosophy and Biomedical Information Systems | Ontological realism: A methodology for coordinated evolution of scientiﬁc ontologies | The Ontology of Tendencies and Medical Information Sciences,0.64371000,False,False,False,False,False,False
robust_20d_29,1,ai / intelligence / artificial,1168,0.01682997,0.38171728,0.81070815,98,0.77414966,0.67755102,0.86826009,0.12306872,0.47007635,18,0.86756077,0.52768487,0.79443438,0.01720509,0.01723148,0.87419601,below_0.60,17.00000000,0.61776211,0.83928571,,0.52510883,0.57142857,0.29411765,22.26027397,ai; intelligence; artificial; artificial intelligence; human,Shortcuts to Artificial Intelligence | Anthropomorphism in AI: Hype and Fallacy | Understanding Artificial Agency,0.66072105,True,False,False,False,True,True
robust_20d_29,2,using / network / accuracy,314,0.00452450,0.09267139,0.99597019,22,0.76060606,0.58090909,0.78892882,0.11375338,0.49609455,4,0.89655172,0.53906832,0.65546854,0.00128866,0.00173093,0.93539216,below_0.60,17.00000000,0.63336175,0.88148148,,0.62477035,0.64285714,0.56250000,4.77707006,using; network; accuracy; data; dataset,Prediction of Heart Disease Using a Collection of Machine and Deep Learning Algorithms | Prediction of Heart Disease Using a Collection of Machine and Deep Learning Algorithms | Predicting Fire Alarms in Smoke Detection using Neural Networks,0.57638460,True,False,False,False,False,True
robust_20d_29,3,evolutionary / biology / evolution,1779,0.02563401,0.40447355,0.69248685,156,0.77521368,0.71641026,0.89655102,0.14017601,0.33219171,3,0.94417606,0.76492263,0.83719303,0.02582546,0.02590858,0.88464165,0.75_to_0.85,17.00000000,0.84569436,0.83826566,,0.81600843,0.87500000,0.56250000,7.30747611,evolutionary; biology; evolution; biological; life,"Book Notice of Rosenberg & Arp (eds) Philosophy of Biology: An Anthology | Biological Individuals | Symbiosis, History of",0.69077625,False,False,False,False,False,False
robust_20d_29,4,health / medical / covid,1593,0.02295389,0.21025875,0.73476043,124,0.75913978,0.70145161,0.85811451,0.06988717,0.38315356,5,0.56373938,0.65250691,0.80369862,0.02317196,0.02341056,0.88097104,0.60_to_0.75,17.00000000,0.76349201,0.81660900,,0.76600641,0.81250000,0.57142857,6.15191463,health; medical; covid; covid 19; 19,"The Medical Ethics of Miracle Max | Bioethics met its COVID‐19 Waterloo: The doctor knows best again | Conscientious objections, the nature of medicine, and the need for reformability",0.67849772,False,False,False,False,False,False
robust_20d_29,5,abortion / genetic / children,813,0.01171470,0.34854244,0.72399567,74,0.75045045,0.65594595,0.87292602,0.02502739,0.52354723,5,0.28799150,0.57399144,0.76179148,0.01190745,0.01195239,0.89272055,below_0.60,17.00000000,0.67316808,0.76818182,,0.53948488,0.60000000,0.26666667,28.53628536,abortion; genetic; children; human; child,"_Bioethics in Canada_ | _Bioethics in Canada_, second edition | In defence of genethical parity",0.64423125,True,False,False,False,True,True
robust_20d_29,6,time / quantum / physics,2908,0.04190202,0.29156660,0.86955738,229,0.82590975,0.77755459,0.88907812,0.16126595,0.44130996,7,0.94803419,0.66612300,0.88343512,0.04154694,0.04218769,0.91418638,0.60_to_0.75,17.00000000,0.77608578,0.88930348,,0.68182005,0.75000000,0.43750000,13.37689133,time; quantum; physics; mechanics; theory,"The Cosmic Void | The philosophical implications of the loophole-free violation of Bell’s inequality: Quantum entanglement, timelessness, triple-aspect monism, mathematical Platonism and scientific morality. | Privileged-Perspective Realism in the Quantum Multiverse",0.73565257,False,False,False,False,False,False
robust_20d_29,7,climate / environmental / climate change,909,0.01309798,0.26418907,0.88001878,92,0.81666667,0.76847826,0.90227416,0.09103674,0.44119844,14,0.58248473,0.63407713,0.76538137,0.01294019,0.01308643,0.90240058,0.60_to_0.75,17.00000000,0.74362133,0.77753780,,0.82483719,0.83333333,0.76470588,1.87018702,climate; environmental; climate change; change; ecological,"Review of Bryan Norton, Sustainable Values, Sustainable Change | Book Review: Anthony O’Hear, ed., Philosophy and the Environment | The Philosophical Foundations of Ecological Civilization: A Manifesto for the Future",0.75538028,False,False,False,False,False,False
robust_20d_29,8,animal / animals / food,599,0.00863112,0.34943200,0.81230397,54,0.79876543,0.70370370,0.88827354,0.09537103,0.51025444,13,0.93829114,0.61234677,0.76348069,0.00873067,0.00876141,0.89602857,0.60_to_0.75,17.00000000,0.71884623,0.78830645,,0.60296448,0.66666667,0.29243697,21.86978297,animal; animals; food; moral; ethics,"Saving Animals, Saving Ourselves: Why Animals Matter for Pandemics, Climate Change, and Other Catastrophes; By Jeff Sebo | Vegetarianism | Why Do We Believe Humans Matter More than Other Animals?",0.69507258,False,False,False,False,False,False
robust_20d_29,9,science / research / wisdom,334,0.00481268,0.00589324,0.99989574,25,0.64000000,0.45520000,0.89616325,0.00201068,0.33987558,6,0.70054945,0.23697440,0.07805317,0.00221893,0.00268373,0.67649890,below_0.60,17.00000000,0.27796611,0.13801079,,0.31638106,0.33333333,0.15384615,96.70658683,science; research; wisdom; academic; scientific,Intellectual Virtues and Scientific Endeavor: A Reflection on the Commitments Inherent in Generating and Possessing Knowledge | For the Common Good: Philosophical Foundations of Research Ethics | The Urgent Need for an Academic Revolution: The Rational Pursuit of Wisdom,0.45038732,True,False,False,False,True,True
robust_20d_29,10,games / sport / game,415,0.00597983,0.13865860,0.98005357,37,0.83603604,0.79297297,0.88965645,-0.04212495,0.72819060,16,0.98325359,0.72786908,0.83677815,0.00590025,0.00597940,0.93517899,0.60_to_0.75,17.00000000,0.85524224,0.85094851,,0.81371013,0.83333333,0.70588235,1.20481928,games; sport; game; virtual; sports,The opacity of play: a reply to commentators | Too Much Playing Games – A Response to Kretchmar | What is a Metagame?,0.78699315,False,False,False,False,False,False
robust_20d_29,11,mental / disorder / psychiatric,1127,0.01623919,0.21400553,0.71713473,94,0.63758865,0.53489362,0.89036224,0.04929601,0.58303589,10,0.89817881,0.66052569,0.76660327,0.01665598,0.01666453,0.82981381,0.60_to_0.75,17.00000000,0.77412213,0.77755102,,0.72027968,0.81250000,0.35714286,15.08429459,mental; disorder; psychiatric; self; addiction,"Philosophy for life and other dangerous situations | Review of The Self | Commentary: Not in the drug, not in the brain: Causality in psychedelic experiences from an enactive perspective",0.51865442,False,False,False,False,False,False
robust_20d_29,12,technology / digital / information,1255,0.01808357,0.18457525,0.83646601,101,0.66666667,0.55742574,0.86937071,0.03857485,0.44270554,17,0.91133385,0.70247183,0.82762381,0.01823007,0.01848297,0.86744475,0.60_to_0.75,17.00000000,0.82313874,0.83218589,,0.76001484,0.81250000,0.50000000,8.68525896,technology; digital; information; media; privacy,"Not Just A Tool: Why Social-Media Use Is Bad and Bad For Us, and The Duty to Quit | Can Humans Dream of Electric Sheep? | What to Do When Privacy Is Gone",0.53934217,False,False,False,False,False,False
robust_20d_29,13,philosophy / nature / book,474,0.00682997,0.08516352,0.96198543,48,0.65694444,0.50458333,0.90503462,0.20218771,0.08469907,21,0.90963855,0.59756011,0.67381025,0.00691864,0.00694351,0.80828734,below_0.60,17.00000000,0.70177342,0.70663812,,0.67737406,0.79473684,0.33833333,21.09704641,philosophy; nature; book; world; theory,Leibniz Reinterpreted | Religious Pluralism and its Discontents: Faith and the ‘Logic of Exclusion' | THE BALD BOY AND THE MOST BEAUTIFUL GIRL IN THE WORLD,0.49775336,True,False,False,False,False,True
robust_20d_29,14,political / education / social,10140,0.14610951,0.11109482,0.96585723,930,0.85082437,0.81372043,0.85418156,0.04159618,0.22007692,26,0.91770454,0.47224468,0.25158090,0.14850578,0.14857740,0.87761564,below_0.60,17.00000000,0.52908182,0.50446483,,0.63421177,0.58823529,0.46666667,12.47534517,political; education; social; study; law,The Wrong of Rudeness | Are You Entitled to Affirmative Action? | The Politics of Being Part of Nature,0.66761092,True,False,False,False,False,True
robust_20d_29,15,aggregation / decision / choice,337,0.00485591,0.03677657,0.99204647,38,0.61052632,0.49473684,0.91489264,-0.04033219,0.50646943,34,0.64503043,0.48881903,0.62648755,0.00000000,0.00020804,0.77979302,below_0.60,17.00000000,0.57419164,0.69303797,,0.66551611,0.71428571,0.43092105,13.94658754,aggregation; decision; choice; judgment aggregation; utility,Taking Stock of Infinite Value: Pascal’s Wager and Relative Utilities | Normative Decision Theory | Decision Theory,0.48988093,True,False,False,False,False,True
robust_20d_29,16,moral / ethics / reasons,3960,0.05706052,0.17038107,0.75739324,353,0.84627007,0.81116147,0.92276698,0.02931409,0.20219636,27,0.89069390,0.66485107,0.74866274,0.05776517,0.05777843,0.85375066,0.60_to_0.75,17.00000000,0.77182722,0.75662442,,0.70516288,0.80000000,0.38461538,18.33333333,moral; ethics; reasons; morality; free,A Counterexample to Parfit's Rule Consequentialism | Knowing What Matters | Non-Consequentialism Demystified,0.75410095,False,False,False,False,False,False
robust_20d_29,17,consciousness / mind / perception,6019,0.08672911,0.07588811,0.95886411,523,0.84588910,0.81300191,0.89949402,0.10587923,0.32280836,24,0.30252934,0.51786678,0.69684741,0.08793404,0.08839957,0.83426305,below_0.60,17.00000000,0.59359729,0.70491803,,0.59880505,0.58823529,0.42857143,18.52467187,consciousness; mind; perception; experience; perceptual,Seeing With the Two Systems of Thought—a Review of ‘Seeing Things As They Are: a Theory of Perception’ by John Searle (2015)(review revised 2019) | Philosophy of Mind: Classical and Contemporary Readings (second edition) | The Given: Experience and Its Contents,0.72627281,True,False,False,False,True,True
robust_20d_29,18,emotions / emotion / emotional,534,0.00769452,0.15864718,0.92565826,42,0.72222222,0.63809524,0.92441107,-0.05163390,0.49374756,28,0.79222720,0.60498949,0.70927487,0.00760421,0.00773935,0.85564683,0.60_to_0.75,17.00000000,0.71036664,0.74066798,,0.79936120,0.83333333,0.64705882,4.49438202,emotions; emotion; emotional; affective; anger,"Emotions: Philosophical Issues About | Arguments from the Priority of Feeling in Contemporary Emotion Theory and Max Scheler’s Phenomenology | Review of Christine Tappolet, Emotions, Values and Agency (Oxford University Press, 2016)",0.63040071,False,False,False,False,False,False
robust_20d_29,19,life / death / meaning life,464,0.00668588,0.04687059,0.99199548,53,0.66540881,0.52301887,0.91712941,-0.03354863,0.44018674,29,0.83152174,0.56452570,0.72041865,0.00491642,0.00580152,0.82780175,below_0.60,17.00000000,0.66293294,0.76814988,,0.60583752,0.64285714,0.38888889,15.94827586,life; death; meaning life; meaning; pleasure,The Meaning of Life (Second Revised Edition) | The Good Cause Account of the Meaning of Life | Book Review of Meaning in Life: An Analytic Study,0.51633299,True,False,False,False,False,True
robust_20d_29,20,causation / causal / explanation,511,0.00736311,0.09561229,0.96254620,34,0.73137255,0.65941176,0.93641471,0.06533437,0.36547926,8,0.81196581,0.43875195,0.38685535,0.00739439,0.00752894,0.79368030,below_0.60,17.00000000,0.51482669,0.56628788,,0.78277631,0.81250000,0.62500000,2.54403131,causation; causal; explanation; explanations; cause,Making Something Happen. Where Causation and Agency Meet. | Review of Making Things Happen | Purposeful Explanation and Causal Gaps,0.65204865,True,False,False,False,False,True
robust_20d_29,21,scientific / science / realism,400,0.00576369,0.13469874,0.96062600,27,0.80493827,0.69185185,0.93953331,0.08661441,0.46479502,9,0.86157518,0.44640203,0.28395062,0.00583875,0.00586651,0.81831132,below_0.60,17.00000000,0.52414037,0.53932584,,0.40597772,0.43303571,0.27777778,82.25000000,scientific; science; realism; scientific realism; theories,"Scientific Realism | An empiricist regarding science, an empiricist regarding representation | A methodological argument against scientific realism",0.68608816,True,False,False,False,True,True
robust_20d_29,22,philosophy / god / religious,4129,0.05949568,0.10987490,0.76624425,379,0.75092348,0.70474934,0.91753887,0.01363787,0.28948656,36,0.64305491,0.58884972,0.69442022,0.06069369,0.06069981,0.73750198,below_0.60,17.00000000,0.68197699,0.70016892,,0.64394435,0.75000000,0.20000000,23.44393316,philosophy; god; religious; religion; philosophical,"Incarnation | Desmond M. Clarke and Catherine Wilson, eds., The Oxford Handbook of Philosophy in Early Modern Europe. Reviewed by | “Religion” and Its Other",0.64525366,True,False,False,False,False,True
robust_20d_29,23,art / aesthetic / aesthetics,1603,0.02309798,0.33673501,0.70752000,127,0.82257218,0.78425197,0.91355175,0.06177930,0.40925089,33,0.75472849,0.65895542,0.75327794,0.02325283,0.02350132,0.87156501,0.60_to_0.75,17.00000000,0.77106334,0.76410256,,0.78034978,0.82352941,0.57142857,6.98689956,art; aesthetic; aesthetics; beauty; film,"Peter Lamarque | Attuned, Transcendent & Transfigured: Nietzsche's Aesthetic Psychology | Review of Jennifer Lena's ""Entitled: Discriminating Tastes and the Expansion of the Arts""",0.76115399,False,False,False,False,False,False
robust_20d_29,24,music / musical / sound,314,0.00452450,0.04674369,0.99622335,17,0.86666667,0.83647059,0.91557314,0.00309944,0.53091526,32,0.91343284,0.48016224,0.50292146,0.00414651,0.00430934,0.91166516,below_0.60,17.00000000,0.56409422,0.85409253,,0.47665181,0.50000000,0.37500000,46.49681529,music; musical; sound; musical works; improvisation,"Music, Cage's Silence, and Art: An interview with Stephen Davies, PhD | The Varieties of Musical Experience | Review of Simon Høffding, _A Phenomenology of Musical Absorption_, Cham: Palgrave Macmillan 2019",0.83194609,True,False,False,False,True,True
robust_20d_29,25,modal / modality / worlds,455,0.00655620,0.11648198,0.94152773,33,0.75555556,0.69818182,0.93902536,0.10153608,0.47879496,41,0.84489796,0.45066543,0.66343780,0.00652325,0.00659804,0.79409555,below_0.60,17.00000000,0.52900896,0.69230769,,0.50859504,0.55555556,0.27777778,34.50549451,modal; modality; worlds; necessity; essence,"New Directions in the Epistemology of Modality: Introduction | What does nihilism tell us about modal logic? | Review: Brian Leftow, God and Necessity",0.69162562,True,False,False,False,True,True
robust_20d_29,26,logic / mathematics / truth,1757,0.02531700,0.11482828,0.90537167,146,0.72283105,0.66178082,0.90558426,0.03671370,0.43906903,40,0.71255274,0.52322684,0.72321177,0.02521301,0.02555125,0.81038213,below_0.60,17.00000000,0.61102616,0.75415896,,0.52360857,0.56250000,0.33333333,27.49003984,logic; mathematics; truth; mathematical; logics,"Philosophical Logic: An Introduction to Advanced Topics, by George Englebretsen and Charles Sayward | Remarks on Wittgenstein, Gödel, Chaitin, Incompleteness, Impossiblity and the Psychological Basis of Science and Mathematics | Paths to Triviality",0.63646382,True,False,False,False,True,True
robust_20d_29,27,belief / knowledge / epistemic,1834,0.02642651,0.18678071,0.81891137,170,0.80705882,0.74705882,0.93200643,0.10777652,0.26489004,38,0.80360721,0.57362412,0.68290446,0.02663128,0.02675857,0.77109214,below_0.60,17.00000000,0.67009391,0.70258193,,0.78775387,0.82352941,0.60000000,7.47001091,belief; knowledge; epistemic; evidence; justification,"Enkrasia or evidentialism? Learning to love mismatch | Reasons Fundamentalism and Rational Uncertainty – Comments on Lord, The Importance of Being Rational | The non-factive turn in epistemology: some hypotheses",0.72063231,True,False,False,False,False,True
robust_20d_29,28,language / meaning / linguistic,1871,0.02695965,0.09610362,0.84343826,151,0.67019868,0.60688742,0.90489517,0.12215136,0.36739051,39,0.68904165,0.48896971,0.64879293,0.02664224,0.02692394,0.73672997,below_0.60,17.00000000,0.57043909,0.69741900,,0.73221074,0.76470588,0.55555556,6.94815607,language; meaning; linguistic; semantics; semantic,"Confusion of Tongues: A Theory of Normative Language, by Stephen Finlay | Review Essay: Scott Soames, Philosophy of Language: Princeton University Press, 2010, Pp. ix, 189 | What Is Meaning? By Scott Soames. Soochow University Lectures in Philosophy",0.57992776,True,False,False,False,False,True
direct_2d_70,0,nietzsche / philosophy / problem,267,0.00384726,,,23,0.94782609,0.89304348,0.92517808,-0.24423351,0.08600364,1,0.92170819,0.86898419,0.89980633,0.54301075,0.62928354,0.96499169,at_least_0.85,18.00000000,0.86875280,0.90358925,,0.96646321,1.00000000,0.93583333,2.62172285,nietzsche; philosophy; problem; human; theory,"Gramsci’s ‘Non-contemporaneity’ | Our Toil Respite Only: Woolf, Diamond and the Difficulty of Reality | Theolatry and the Making-Present of the Nonrepresentable",0.88919622,False,False,True,True,False,True
direct_2d_70,1,neutrosophic / set / sets,232,0.00334294,,,19,1.00000000,0.98421053,0.92635323,0.20749140,0.49234387,0,0.93133047,0.95050004,0.95861976,0.84924623,0.86708069,0.99200786,at_least_0.85,18.00000000,0.94676728,0.95228834,,0.98100500,1.00000000,1.00000000,0.86206897,neutrosophic; set; sets; fuzzy; neutrosophic set,An Overview of Neutrosophic and Plithogenic Theories and Applications | Neutrosophic Triplet Structures. Volume I | Neutrosophic logics: prospects and problems,0.98086759,False,False,False,False,False,False
direct_2d_70,2,using / tutoring / controllers,225,0.00324207,,,23,0.80869565,0.62956522,0.79736044,-0.18025708,0.60082155,4,0.13972056,0.21271591,0.22780244,0.00049826,0.00120780,0.45627176,below_0.60,18.00000000,0.22137504,0.22780244,,0.14171450,0.14285714,0.00000000,100.00000000,using; tutoring; controllers; intelligent tutoring; cloud,Speed Control of Ward Leonard Layout System using H infinity Optimal Control | Teaching the Right Letter Pronunciation in Reciting the Holy Quran Using Intelligent Tutoring System | Learning Computer Networks Using Intelligent Tutoring System,0.62632314,True,False,True,True,True,True
direct_2d_70,3,games / game / sport,488,0.00703170,,,45,0.81037037,0.74444444,0.88182850,0.03348129,0.58817619,16,0.66114180,0.46964561,0.47410367,0.00697717,0.00712884,0.67440394,below_0.60,18.00000000,0.52103548,0.48008807,,0.49273685,0.44097222,0.00000000,52.25409836,games; game; sport; sports; play,The opacity of play: a reply to commentators | Too Much Playing Games – A Response to Kretchmar | Philosophy of games,0.73741274,True,False,False,False,True,True
direct_2d_70,4,ontology / ontologies / biomedical,436,0.00628242,,,37,0.74234234,0.67783784,0.88850666,0.11850672,0.24382074,2,0.86696231,0.71640460,0.79167119,0.00630114,0.00631465,0.86084467,0.60_to_0.75,18.00000000,0.79530341,0.79395839,,0.77518650,0.87500000,0.27777778,16.05504587,ontology; ontologies; biomedical; data; information,Ontological realism: A methodology for coordinated evolution of scientiﬁc ontologies | Philosophy and Biomedical Information Systems | The Ontology of Tendencies and Medical Information Sciences,0.67155542,False,False,False,False,False,False
direct_2d_70,5,collective / group / agency,206,0.00296830,,,15,0.78222222,0.65733333,0.93184429,0.08759214,0.35650495,15,0.92093023,0.34864135,0.25025800,0.00193798,0.00205005,0.85693989,below_0.60,18.00000000,0.38705275,0.36522876,,0.38264750,0.41176471,0.22222222,83.98058252,collective; group; agency; groups; action,Why We Need a New Normativism about Collective Action | Goods and Groups: Thomistic Social Action and Metaphysics | Introduction,0.65436503,True,False,False,False,True,True
direct_2d_70,6,technology / technological / information,772,0.01112392,,,74,0.62522523,0.52567568,0.88468125,0.08011209,0.17919348,17,0.42877595,0.33896847,0.34856475,0.01128747,0.01132384,0.56351995,below_0.60,18.00000000,0.37537321,0.36278513,,0.33868036,0.25657895,0.06666667,70.46632124,technology; technological; information; technologies; human,Technology Ethics: Responsible Innovation and Design Strategies | Is Technology Value-Neutral? | Technology Philosophical Assessment,0.51455176,True,False,False,False,True,True
direct_2d_70,7,accuracy / dataset / using,258,0.00371758,,,20,0.67333333,0.54700000,0.79789189,0.08713449,0.37112069,4,0.72571429,0.54935695,0.59507769,0.00383065,0.00759276,0.86018191,below_0.60,18.00000000,0.57695430,0.60929028,,0.71289289,0.77777778,0.46941176,10.46511628,accuracy; dataset; using; model; neural,Prediction of Heart Disease Using a Collection of Machine and Deep Learning Algorithms | Prediction of Heart Disease Using a Collection of Machine and Deep Learning Algorithms | Leveraging Artificial Neural Networks for Cancer Prediction: A Synthetic Dataset Approach,0.54328242,True,False,False,False,False,True
direct_2d_70,8,media / privacy / social,737,0.01061960,,,54,0.60864198,0.45592593,0.86630595,0.04876147,0.35483071,17,0.44191176,0.42300204,0.41721567,0.01065285,0.01079804,0.68372867,below_0.60,18.00000000,0.46880163,0.42644997,,0.52427819,0.55555556,0.05555556,39.34871099,media; privacy; social; digital; social media,"Not Just A Tool: Why Social-Media Use Is Bad and Bad For Us, and The Duty to Quit | Social Indicators of Trust in the Age of Informational Chaos | Wrong on the Internet: Why some common prescriptions for addressing the spread of misinformation online don’t work",0.44530633,True,False,False,False,True,True
direct_2d_70,9,evolutionary / evolution / biology,1872,0.02697406,,,160,0.77125000,0.71137500,0.89617217,0.13776801,0.20046611,3,0.79816070,0.64512614,0.73118466,0.02750721,0.02755909,0.77387485,0.60_to_0.75,18.00000000,0.71374440,0.73348192,,0.70397718,0.81250000,0.23076923,19.17735043,evolutionary; evolution; biology; biological; life,"Book Notice of Rosenberg & Arp (eds) Philosophy of Biology: An Anthology | Biological Individuals | Symbiosis, History of",0.68440094,False,False,False,False,False,False
direct_2d_70,10,animal / animals / moral,541,0.00779539,,,47,0.80000000,0.70553191,0.90045789,0.09497980,0.37748340,13,0.80092593,0.72497643,0.82543574,0.00754338,0.00771203,0.87082281,0.60_to_0.75,18.00000000,0.80467149,0.83475209,,0.82054666,0.88235294,0.52631579,9.05730129,animal; animals; moral; ethics; animal rights,"Animals, Misanthropy, and Humanity | Why Do We Believe Humans Matter More than Other Animals? | Saving Animals, Saving Ourselves: Why Animals Matter for Pandemics, Climate Change, and Other Catastrophes; By Jeff Sebo",0.69773653,False,False,False,False,False,False
direct_2d_70,11,food / study / energy,247,0.00355908,,,20,0.70333333,0.43700000,0.82100649,-0.20945199,0.36056498,13,0.09261577,0.12454169,0.11662483,0.00346500,0.00353471,0.36930651,below_0.60,18.00000000,0.13797606,0.12704349,,0.07281760,0.06250000,0.00000000,100.00000000,food; study; energy; species; agricultural,"An African Theory of Moral Status: A Relational Alternative to Individualism and Holism (repr.) | Analysis of socio-economic, factors influencing adoption of biogas technology among farm households in North Rift Region, Kenya | How to get your research published",0.43344092,True,False,True,True,True,True
direct_2d_70,12,conditionals / counterfactuals / conditional,202,0.00291066,,,12,0.83333333,0.68666667,0.93033636,0.03755281,0.54174483,8,0.00133333,0.35780967,0.27257449,0.00272480,0.00276659,0.88162011,below_0.60,18.00000000,0.39724890,0.43891017,,0.43880723,0.46666667,0.29547511,63.36633663,conditionals; counterfactuals; conditional; indicative; indicative conditionals,New surprises for the Ramsey Test | Reasonable Inferences for Counterfactuals | The Inextricable Link Between Conditionals and Logical Consequence,0.68375600,True,False,False,False,True,True
direct_2d_70,13,climate / climate change / change,290,0.00417867,,,31,0.82795699,0.74387097,0.92572990,-0.00787739,0.41638872,12,0.81899110,0.38390764,0.23591450,0.00403130,0.00418995,0.80035195,below_0.60,18.00000000,0.42609756,0.24474082,,0.31363669,0.33333333,0.21428571,99.65517241,climate; climate change; change; carbon; geoengineering,"Climate Injustice: A Critical Review of 'What Do Climate Change Winners Owe, and to Whom?' | Climate change and the duties of the disadvantaged: reply to Caney | Collapse, Social Tipping Dynamics, and Framing Climate Change",0.73969229,True,False,False,False,True,True
direct_2d_70,14,environmental / ecological / nature,607,0.00874640,,,58,0.73563218,0.66965517,0.90593945,0.05971695,0.35409334,14,0.75104895,0.48350324,0.45079678,0.00873753,0.00879496,0.73635196,below_0.60,18.00000000,0.53624827,0.47882341,,0.80626225,0.87500000,0.56250000,5.76606260,environmental; ecological; nature; ecology; ethics,"The Philosophical Foundations of Ecological Civilization: A Manifesto for the Future | Is Naturalism Bleak? A Reply to Holland and Cottingham | King-Tak Ip, ed. _Environmental Ethics: Intercultural Perspectives_.",0.66090877,True,False,False,False,False,True
direct_2d_70,15,health / medical / medicine,954,0.01374640,,,69,0.76135266,0.68347826,0.89562929,0.14538259,0.28810632,5,0.32899367,0.46722788,0.50809185,0.01395434,0.01414504,0.75330729,below_0.60,18.00000000,0.51756930,0.51675323,,0.77678138,0.84615385,0.54848485,6.07966457,health; medical; medicine; care; ethics,"Bioethics met its COVID‐19 Waterloo: The doctor knows best again | Toward an Ecological Bioethics | Conscientious objections, the nature of medicine, and the need for reformability",0.66973186,True,False,False,False,False,True
direct_2d_70,16,covid / covid 19 / 19,288,0.00414986,,,23,0.62898551,0.56173913,0.86566524,0.20951284,0.50155598,5,0.09929329,0.36105878,0.17669646,0.00395834,0.00401283,0.72430187,below_0.60,18.00000000,0.40073024,0.35011231,,0.37107695,0.41176471,0.11568627,78.81944444,covid; covid 19; 19; pandemic; vaccine,"Rationing, Responsibility, and Vaccination during COVID-19: A Conceptual Map | Two Kinds of Vaccine Hesitancy | Pandemic Ethics: 8 Big Questions of COVID-19",0.55758927,True,False,False,False,True,True
direct_2d_70,17,abortion / genetic / human,610,0.00878963,,,51,0.74509804,0.64784314,0.87458356,0.04585650,0.44428983,5,0.21565156,0.51313745,0.62657785,0.00877401,0.00885750,0.74080709,below_0.60,18.00000000,0.56916807,0.62719725,,0.59802575,0.66666667,0.21428571,18.85245902,abortion; genetic; human; reproductive; fetus,"_Bioethics in Canada_ | _Bioethics in Canada_, second edition | Benefit, disability and the non-identity problem",0.63905351,True,False,False,False,True,True
direct_2d_70,18,science / scientific / research,328,0.00472622,,,23,0.51884058,0.34869565,0.88661117,0.00133805,0.29601559,6,0.54408060,0.32102305,0.45486522,0.00452381,0.00471743,0.53568111,below_0.60,18.00000000,0.35616699,0.46101516,,0.42602946,0.50000000,0.12500000,47.86585366,science; scientific; research; review; social,More in Defense of Weak Scientism | Questionable metascience practices | The Very Being of a Conceptual Scheme: Disciplinary and Conceptual Critiques,0.34396943,True,True,False,True,True,True
direct_2d_70,19,sexual / sex / marriage,235,0.00338617,,,18,0.58888889,0.45888889,0.89586000,-0.19888659,0.61344463,26,0.02224019,0.32021731,0.18777692,0.00266667,0.00306575,0.78946476,below_0.60,18.00000000,0.35540660,0.22625003,,0.38555298,0.41176471,0.18750000,80.85106383,sexual; sex; marriage; consent; rape,Kant and Sexuality | A Defence of Sexual Inclusion | The Ethical Significance of Being an Erotic Object,0.45550272,True,False,True,True,True,True
direct_2d_70,20,gender / feminist / women,526,0.00757925,,,54,0.66790123,0.60481481,0.91206410,0.08663046,0.38417050,26,0.04405861,0.32316930,0.39373452,0.00765297,0.00769158,0.71924449,below_0.60,18.00000000,0.35822215,0.40672398,,0.42471015,0.43750000,0.15037594,56.84410646,gender; feminist; women; feminism; philosophy,"Philosophy and the Non-Native Speaker Condition | Feminism and Heterodoxy | Masculine Foes, Feminist Woes: A Response to Down Girl",0.59723556,True,False,False,False,True,True
direct_2d_70,21,aggregation / decision / choice,369,0.00531700,,,39,0.64102564,0.49179487,0.91181465,-0.01808932,0.38422045,34,0.65294118,0.45330014,0.46042784,0.00518721,0.00540930,0.64320689,below_0.60,18.00000000,0.50306449,0.46656281,,0.69206928,0.76470588,0.28412698,17.88617886,aggregation; decision; choice; risk; judgment aggregation,Taking Stock of Infinite Value: Pascal’s Wager and Relative Utilities | Normative Decision Theory | Decision Theory,0.48647787,True,False,False,False,False,True
direct_2d_70,22,kant / idealism / transcendental,261,0.00376081,,,19,0.58596491,0.43684211,0.93142702,0.14325928,0.31671736,-1,0.00000000,0.08604746,0.01222784,0.00078493,0.00093899,0.46015543,below_0.60,18.00000000,0.09519354,0.01560459,,0.11139942,0.11764706,0.00000000,100.00000000,kant; idealism; transcendental; deduction; intuition,"Kant's Subjective Deduction | Kantian Schemata: A Critique Consistent with the Critique | Sensibility, Understanding, and Kant’s Transcendental Deduction: From Epistemic Compositionalism to Epistemic Hylomorphism",0.43308130,True,False,False,False,True,True
direct_2d_70,23,memory / episodic / remembering,267,0.00384726,,,33,0.70303030,0.61636364,0.92127970,0.01130312,0.63228768,19,0.90974729,0.47607942,0.58060206,0.00381241,0.00391019,0.85398513,below_0.60,18.00000000,0.52854210,0.63438389,,0.59283673,0.64705882,0.29075630,19.47565543,memory; episodic; remembering; episodic memory; memories,Extended and constructive remembering: two notes on Martin and Deutscher | Memory: A Self-Referential Account | Is external memory memory? Biological memory and extended mind,0.61251637,True,False,False,False,True,True
direct_2d_70,24,music / musical / sound,340,0.00489914,,,18,0.83703704,0.78888889,0.90971701,0.00895244,0.41687456,32,0.79301075,0.64706182,0.71034483,0.00500457,0.00509680,0.80360144,0.60_to_0.75,18.00000000,0.71839073,0.71820872,,0.72687796,0.86666667,0.14190476,19.11764706,music; musical; sound; musical works; art,"Music, Cage's Silence, and Art: An interview with Stephen Davies, PhD | Review of Simon Høffding, _A Phenomenology of Musical Absorption_, Cham: Palgrave Macmillan 2019 | The Varieties of Musical Experience",0.78398975,False,False,False,False,False,False
direct_2d_70,25,ai / artificial / intelligence,947,0.01364553,,,81,0.77037037,0.67753086,0.87410183,0.09711440,0.33896410,18,0.82123412,0.38791111,0.43102290,0.01135722,0.01252121,0.77843617,below_0.60,18.00000000,0.42961429,0.48720514,,0.42673961,0.41176471,0.20000000,61.98521647,ai; artificial; intelligence; artificial intelligence; human,Understanding Artificial Agency | Anthropomorphism in AI: Hype and Fallacy | Shortcuts to Artificial Intelligence,0.66388533,True,False,False,False,True,True
direct_2d_70,26,quantum / mechanics / quantum mechanics,642,0.00925072,,,48,0.75833333,0.67291667,0.91505108,0.16284690,0.34918317,7,0.21918295,0.29573326,0.21595963,0.00938813,0.00939968,0.66939289,below_0.60,18.00000000,0.32754803,0.22385292,,0.15615004,0.16666667,0.05882353,100.00000000,quantum; mechanics; quantum mechanics; physics; theory,Does probabilism solve the great quantum mystery? | The Ontic Probability Interpretation of Quantum Theory - Part III: Schrödinger’s Cat and the ‘Basis’ and ‘Measurement’ Pseudo-Problems | Introduction: The Metaphysics of Quantum Mechanics,0.66366595,True,False,False,False,True,True
direct_2d_70,27,time / temporal / future,870,0.01253602,,,69,0.77487923,0.71072464,0.91619952,0.05508623,0.25227445,7,0.30341880,0.41327858,0.28785538,0.01222159,0.01257615,0.79070267,below_0.60,18.00000000,0.45779899,0.29565637,,0.46938627,0.50000000,0.31250000,47.01149425,time; temporal; future; presentism; past,"Review of L. Nathan Oaklander, ed., Debates in the Metaphysics of Time (Bloomsbury, 2014) | On Myself, and Other, Less Important Subjects | Gregory E. Ganssle, ed.: God and time: Four views",0.69818861,True,False,False,False,True,True
direct_2d_70,28,relativity / quantum / time,855,0.01231988,,,71,0.72018779,0.62309859,0.89065110,0.12466978,0.37439129,7,0.30039244,0.38045815,0.29896367,0.01218265,0.01222714,0.73764022,below_0.60,18.00000000,0.42137245,0.30809148,,0.68945924,0.70588235,0.56250000,5.02923977,relativity; quantum; time; physics; space,Eternalism and Perspectival Realism About the ‘Now’ | The Universe:a Philosophical derivation of a Final Theory | McTaggart and modern physics,0.61077871,True,False,False,False,False,True
direct_2d_70,29,love / life / death,485,0.00698847,,,45,0.60740741,0.46133333,0.92115235,0.10622877,0.25054738,29,0.35255570,0.36163161,0.38779885,0.00679452,0.00680767,0.61557445,below_0.60,18.00000000,0.40105641,0.40862451,,0.45675882,0.50000000,0.06666667,48.86597938,love; life; death; meaning life; meaning,"Death, Immortality, and Meaning in Life. By John Martin Fischer. Oxford: Oxford University Press, 2020. 216 pages. $29.99. (Paperback) | Peter Heinegg, ed., Mortalism: Readings on the Meaning of Life | Book Review of Meaning in Life: An Analytic Study",0.45434486,True,False,False,False,True,True
direct_2d_70,30,art / aesthetic / aesthetics,1398,0.02014409,,,111,0.82402402,0.79207207,0.91811240,0.06696333,0.31241754,33,0.80351114,0.68664283,0.75675418,0.02035716,0.02045646,0.79780138,0.60_to_0.75,18.00000000,0.76066296,0.76152223,,0.74304613,0.86666667,0.31250000,16.88125894,art; aesthetic; aesthetics; beauty; artworks,"Attuned, Transcendent & Transfigured: Nietzsche's Aesthetic Psychology | Peter Lamarque | Review of Jennifer Lena's ""Entitled: Discriminating Tastes and the Expansion of the Arts""",0.77192798,False,False,False,False,False,False
direct_2d_70,31,film / dance / films,316,0.00455331,,,28,0.52619048,0.37428571,0.90902948,-0.11609704,0.37532413,31,0.52688172,0.41957839,0.44522023,0.00441437,0.00452987,0.58030020,below_0.60,18.00000000,0.46569422,0.44953985,,0.55633907,0.60555556,0.11764706,35.44303797,film; dance; films; cinema; philosophy,"Hans Maes and Katrien Schaubroeck (eds.) Before Sunrise, Before Sunset, Before Midnight: A Philosophical Exploration | Ideology, Socratic elenchus, and Inglourious Basterds | Seeing One Another Anew with Godfrey Reggio's Visitors",0.36973240,True,True,True,True,True,True
direct_2d_70,32,composition / composition identity / identity,233,0.00335735,,,20,0.68666667,0.58800000,0.91960857,0.06235866,0.52113402,25,0.81422925,0.48409150,0.64460724,0.00076017,0.00179205,0.73795290,below_0.60,18.00000000,0.53749106,0.66072769,,0.61584354,0.70588235,0.27777778,21.03004292,composition; composition identity; identity; mereological; parts,"Composition, Persistence, and Identity | Persistence, composition, and identity | Parts Ground the Whole and Are Identical to It",0.58464265,True,False,False,False,False,True
direct_2d_70,33,scientific / science / realism,452,0.00651297,,,34,0.70980392,0.63000000,0.93660260,0.10966506,0.31417301,9,0.70841889,0.50450171,0.51011962,0.00654859,0.00677819,0.70685710,below_0.60,18.00000000,0.55980298,0.51182164,,0.73779293,0.83333333,0.35448916,14.38053097,scientific; science; realism; scientific realism; theories,"Scientific Realism | An empiricist regarding science, an empiricist regarding representation | Why is it rational to believe scientific theories are true?",0.62348703,True,False,False,False,False,True
direct_2d_70,34,consciousness / mind / animal,349,0.00502882,,,24,0.41944444,0.25166667,0.89138932,0.01893652,0.18582793,10,0.03131382,0.04850442,0.04039426,0.00524201,0.00529077,0.15760976,below_0.60,18.00000000,0.05330566,0.04138966,,0.01878804,0.00000000,0.00000000,100.00000000,consciousness; mind; animal; cognition; brain,Evolution beyond determinism - on Dennett's compatibilism and the too timeless free will debate | Tracing the origins of consciousness | What Gave You That Idea? -- Rediscovering the Development of Our Worldviews,0.24663785,True,True,False,True,True,True
direct_2d_70,35,analytic / philosophy / analytic philosophy,212,0.00305476,,,16,0.64166667,0.53625000,0.95042118,0.01526864,0.17835605,35,0.38734177,0.12776347,0.03269500,0.00306452,0.00310111,0.41697568,below_0.60,18.00000000,0.14161463,0.03496583,,0.20625976,0.23529412,0.00500000,100.00000000,analytic; philosophy; analytic philosophy; wittgenstein; quine,"Review of Science and Sensibilia | A Reconstruction of Russell's Gray's Elegy Argument | Davidson, Dualism, and Truth",0.53319524,True,False,False,False,True,True
direct_2d_70,36,phenomenology / husserl / heidegger,247,0.00355908,,,20,0.52000000,0.42400000,0.93239382,0.14561785,0.25928810,20,0.35276968,0.10694165,0.02855382,0.00339286,0.00355111,0.38725962,below_0.60,18.00000000,0.11842856,0.03953118,,0.16363878,0.14285714,0.00000000,99.59514170,phenomenology; husserl; heidegger; merleau ponty; ponty,"Searle, Derrida, and the ends of phenomenology | A-Priority and Hermeneutics: The Scientificity of Phenomenology from Husserl to Heidegger | Markus Gabriel: Der Mensch im Mythos",0.42044092,True,False,False,False,True,True
direct_2d_70,37,education / students / learning,2098,0.03023055,,,184,0.80144928,0.76728261,0.87177049,0.11046371,0.28894350,26,0.20557737,0.73118141,0.86448595,0.03081110,0.03097463,0.89577335,0.60_to_0.75,18.00000000,0.80898121,0.87001499,,0.79943691,0.83333333,0.64705882,4.14680648,education; students; learning; study; teaching,China Confronts Kant When University Students Experience the Angst of Freedom | Rousseau’s lawgiver as teacher of peoples: Investigating the educational preconditions of the social contract | The Paralysis of Traditional Schools and the Future of Education,0.73705206,False,False,False,False,False,False
direct_2d_70,38,fiction / fictional / fictionalism,280,0.00403458,,,20,0.53000000,0.40400000,0.90320030,-0.01371586,0.38446808,30,0.57014925,0.25587010,0.27867099,0.00321027,0.00350492,0.56170322,below_0.60,18.00000000,0.28386509,0.30168853,,0.32696573,0.38888889,0.00000000,73.92857143,fiction; fictional; fictionalism; fictions; narrative,Fictionalism | Fictional Entities | A Puzzle about Fictions in the Treatise,0.39996542,True,False,False,False,True,True
direct_2d_70,39,philosophy / curiosity / book,414,0.00596542,,,43,0.54418605,0.43162791,0.90378994,0.10454115,0.09912495,21,0.66542056,0.37570267,0.44096230,0.00587355,0.00590325,0.61702072,below_0.60,18.00000000,0.41679132,0.45860734,,0.51658617,0.61111111,0.11985294,38.40579710,philosophy; curiosity; book; world; theory,Leibniz Reinterpreted | Grace and Alienation | The Oxford Handbook of David Hume,0.42566249,True,False,False,False,True,True
direct_2d_70,40,religious / god / faith,424,0.00610951,,,38,0.65964912,0.54052632,0.93433873,0.00124749,0.29929867,36,0.12147078,0.19107126,0.06927409,0.00620200,0.00621450,0.62610010,below_0.60,18.00000000,0.21161083,0.07185493,,0.16555328,0.18750000,0.00000000,100.00000000,religious; god; faith; belief; theism,"Belief, Resistance, and Grace: Stump on Divine Hiddenness | The Phenomenal Conservative Approach to Religious Epistemology | The Divine Ethic and the Argument from Evil",0.53441681,True,False,False,False,True,True
direct_2d_70,41,free / determinism / freedom,262,0.00377522,,,16,0.73750000,0.62500000,0.93441190,0.12624177,0.33203012,27,0.05702067,0.18486098,0.05420179,0.00370296,0.00379200,0.61183807,below_0.60,18.00000000,0.20497923,0.05470314,,0.23339186,0.26315789,0.06666667,100.00000000,free; determinism; freedom; argument; compatibilism,"The Philosophy of Free Will: Essential Readings From the Contemporary Debates | Incompatibilism and the Principle of Sufficient Reason in Kant’s _Nova Dilucidatio_ | Intuitions about Free Will, Determinism, and Bypassing",0.62122478,True,False,False,False,True,True
direct_2d_70,42,epistemic / knowledge / belief,3075,0.04430836,,,283,0.80471143,0.74197880,0.92066245,0.11392715,0.11384410,38,0.52809343,0.51733438,0.56063087,0.04469406,0.04490918,0.69355163,below_0.60,18.00000000,0.56982481,0.57596048,,0.56679598,0.62500000,0.12500000,38.30894309,epistemic; knowledge; belief; epistemology; beliefs,"Enkrasia or evidentialism? Learning to love mismatch | The non-factive turn in epistemology: some hypotheses | Reasons Fundamentalism and Rational Uncertainty – Comments on Lord, The Importance of Being Rational",0.69767044,True,False,False,False,True,True
direct_2d_70,43,economic / business / economics,1141,0.01644092,,,88,0.67045455,0.54636364,0.85918630,0.08153681,0.30360129,26,0.10578081,0.27996406,0.30908499,0.01669406,0.01670979,0.48991878,below_0.60,18.00000000,0.30921444,0.31815757,,0.30872239,0.28571429,0.05882353,77.38825592,economic; business; economics; market; financial,"The mirage of mark-to-market: distributive justice and alternatives to capital taxation | Book review of: C. Dyble, Taming Leviathan: Waging a War of Ideas Around the World | Review of Mark White, The Manipulation of Choice: Ethics and Libertarian Paternalism",0.52992271,True,False,False,False,True,True
direct_2d_70,44,study / employees / management,375,0.00540346,,,37,0.68288288,0.56054054,0.85847604,0.07202550,0.36591545,26,0.03723189,0.47492013,0.57219409,0.00555251,0.00557509,0.70450000,below_0.60,18.00000000,0.52706945,0.58492777,,0.61687492,0.70588235,0.28095238,26.66666667,study; employees; management; leadership; organizational,Job Satisfaction and Dissatisfaction as Outcomes of Psychological Contract: Evidence from the South African Workplace | Catholic Social Teachings: Toward a Meaningful Work | Managers are from Mars. Employees are from Venus,0.55513708,True,False,False,False,False,True
direct_2d_70,45,speech / conversational / communication,246,0.00354467,,,22,0.40303030,0.30727273,0.91422890,0.10167290,0.40638283,39,0.09387055,0.23098327,0.12273389,0.00101937,0.00220743,0.58969646,below_0.60,18.00000000,0.25624447,0.16420883,,0.34854228,0.37500000,0.20000000,93.90243902,speech; conversational; communication; implicatures; speaker,"A Rightness-Based Theory of Communicative Propriety | On stipulation | Exhaustiveness, normativity, and communicative responsibilities",0.30372806,True,True,False,True,True,True
direct_2d_70,46,reasons / reason / normative,373,0.00537464,,,31,0.60645161,0.46193548,0.93041238,-0.04769593,0.23348735,27,0.07572541,0.22318080,0.13328229,0.00558894,0.00562887,0.55601591,below_0.60,18.00000000,0.24735301,0.19298581,,0.26019112,0.28571429,0.05620915,97.58713137,reasons; reason; normative; action; practical,"Keep Things in Perspective: Reasons, Rationality, and the A Priori | Are reasons evidence of oughts? | Reasons and Theoretical Rationality",0.45656084,True,False,False,False,True,True
direct_2d_70,47,ontology / ontological / ontological argument,238,0.00342939,,,21,0.40952381,0.31904762,0.93447204,-0.09807572,0.30553302,37,0.43085106,0.24650013,0.22071228,0.00345205,0.00347592,0.54313665,below_0.60,18.00000000,0.27350268,0.25697853,,0.35758537,0.38675214,0.13083333,81.93277311,ontology; ontological; ontological argument; ontological arguments; metaphysics,"Carnap's Metaontology | Quantification in the Ontology Room | Blurring Boundaries: Carnap, Quine, and the Internal–External Distinction",0.31561822,True,True,False,True,True,True
direct_2d_70,48,causation / causal / explanation,819,0.01180115,,,60,0.61888889,0.53000000,0.91607344,-0.01064872,0.21641225,8,0.56342857,0.39957482,0.43744873,0.01207306,0.01210029,0.56766092,below_0.60,18.00000000,0.44262739,0.45154263,,0.46508038,0.50000000,0.00000000,48.10744811,causation; causal; explanation; induction; aristotle,Reflections on Metaphysical Explanation | Purposeful Explanation and Causal Gaps | Making Something Happen. Where Causation and Agency Meet.,0.51819885,True,False,False,False,True,True
direct_2d_70,49,moral / ethics / morality,3362,0.04844380,,,296,0.83220721,0.78621622,0.92730669,0.07161855,0.08830544,27,0.64717434,0.61472389,0.67709940,0.04885845,0.04910566,0.75831512,0.60_to_0.75,18.00000000,0.67756891,0.68297030,,0.84496064,0.93750000,0.52941176,7.70374777,moral; ethics; morality; virtue; kant,A Counterexample to Parfit's Rule Consequentialism | Non-Consequentialism Demystified | Schopenhauer's Titus Argument,0.73777241,False,False,False,False,False,False
direct_2d_70,50,mental / addiction / psychiatric,742,0.01069164,,,68,0.58137255,0.48911765,0.89492321,0.02611559,0.47050643,10,0.60067114,0.53769391,0.59482635,0.01090411,0.01098405,0.69423855,below_0.60,18.00000000,0.59621676,0.59763247,,0.76237981,0.83333333,0.46666667,10.91644205,mental; addiction; psychiatric; disorder; psychiatry,"Commentary on Szmukler: Mental Illness, Dangerousness, and Involuntary Civil Commitment | Philosophy for life and other dangerous situations | Review of The Self",0.47842600,True,False,False,False,False,True
direct_2d_70,51,emotions / emotion / emotional,583,0.00840058,,,45,0.67407407,0.58577778,0.91853295,0.01656894,0.36085662,28,0.69105691,0.44262144,0.50376571,0.00839095,0.00841347,0.63848687,below_0.60,18.00000000,0.49086664,0.52188568,,0.50907762,0.53333333,0.06333333,44.59691252,emotions; emotion; emotional; affective; anger,"Emotions: Philosophical Issues About | Arguments from the Priority of Feeling in Contemporary Emotion Theory and Max Scheler’s Phenomenology | Review of Christine Tappolet, Emotions, Values and Agency (Oxford University Press, 2016)",0.57737720,True,False,False,False,True,True
direct_2d_70,52,pleasure / empathy / hedonism,252,0.00363112,,,26,0.55384615,0.42384615,0.91377058,-0.02143158,0.35088745,29,0.34060403,0.25957541,0.26523437,0.00359351,0.00363043,0.56123968,below_0.60,18.00000000,0.28801352,0.28559400,,0.37293657,0.41176471,0.16666667,72.22222222,pleasure; empathy; hedonism; pleasures; happiness,Well-Being as Fitting Happiness | The Folk Theory of Well-Being | Meaning and Happiness,0.42021503,True,False,False,False,True,True
direct_2d_70,53,modal / grounding / modality,675,0.00972622,,,56,0.69047619,0.61285714,0.93206547,0.01461369,0.31319955,41,0.43367347,0.37812946,0.42441747,0.00959486,0.00964415,0.60679515,below_0.60,18.00000000,0.41907198,0.44030396,,0.50191060,0.52941176,0.13333333,45.92592593,modal; grounding; modality; truth; worlds,"Critical Notice of Stalnaker's ""Propositions: Ontology and Logic"" | Ontic Structural Realism and Modality | Review: Brian Leftow, God and Necessity",0.60313092,True,False,False,False,True,True
direct_2d_70,54,language / translation / linguistic,271,0.00390490,,,21,0.47301587,0.34285714,0.89147633,0.06338284,0.13491651,39,0.07419758,0.14944774,0.07588810,0.00394010,0.00396855,0.46294743,below_0.60,18.00000000,0.16561192,0.08913813,,0.20798063,0.21428571,0.05882353,100.00000000,language; translation; linguistic; philosophy; meaning,"The Limits of Silence: Descartes, Heidegger, and Wittgenstein on Philosophy and Ordinary Language | The Language of Contemporary Philosophy | Language as Medium of Hermeneutic Experience",0.33895224,True,True,False,True,True,True
direct_2d_70,55,language / linguistic / meaning,204,0.00293948,,,16,0.38750000,0.27250000,0.91669458,-0.15141216,0.22154534,39,0.06808511,0.09279879,0.08610974,0.00283105,0.00290729,0.21928599,below_0.60,18.00000000,0.10278629,0.08784498,,0.06098259,0.05882353,0.00000000,100.00000000,language; linguistic; meaning; linguistics; philosophy,"Language, concepts, and the nature of inference | Review of Millikan, Ruth Garrett, _Language: A Biological Model_ | Review Essay: Scott Soames, Philosophy of Language: Princeton University Press, 2010, Pp. ix, 189",0.26956052,True,True,True,True,True,True
direct_2d_70,56,semantics / semantic / reference,1027,0.01479827,,,93,0.64802867,0.57053763,0.91448222,0.11636365,0.16352832,39,0.31895528,0.41107825,0.45882157,0.01468415,0.01482334,0.62969588,below_0.60,18.00000000,0.45510576,0.47028014,,0.66135204,0.70588235,0.44444444,13.72930867,semantics; semantic; reference; meaning; language,"Literal Meaning & Cognitive Content | Confusion of Tongues: A Theory of Normative Language, by Stephen Finlay | What Is Meaning? By Scott Soames. Soochow University Lectures in Philosophy",0.55573936,True,False,False,False,False,True
direct_2d_70,57,logic / logics / logical,1054,0.01518732,,,85,0.67921569,0.61152941,0.91801603,0.08213869,0.16808091,40,0.35247209,0.42754103,0.47976984,0.01504995,0.01514480,0.63392640,below_0.60,18.00000000,0.47336228,0.48562933,,0.61528190,0.66666667,0.23970588,35.67362429,logic; logics; logical; truth; modal,"Philosophical Logic: An Introduction to Advanced Topics, by George Englebretsen and Charles Sayward | Buying Logical Principles with Ontological Coin: The Metaphysical Lessons of Adding epsilon to Intuitionistic Logic | Natural Deduction for the Sheffer Stroke and Peirce’s Arrow (and any Other Truth-Functional Connective)",0.59634209,True,False,False,False,False,True
direct_2d_70,58,law / legal / punishment,778,0.01121037,,,65,0.81743590,0.73415385,0.91769419,0.07848557,0.27297571,26,0.07593658,0.39748485,0.45646579,0.01123288,0.01149457,0.69340867,below_0.60,18.00000000,0.44037113,0.54170037,,0.46154676,0.50000000,0.20736842,44.85861183,law; legal; punishment; criminal; justice,"M. H. Kramer, C. Grant, B. Colburn, and A. Hatzistavrou, eds. _The Legacy of H. L. A. Hart: Legal, Political, and Moral Philosophy_. | Advocacy and Genuine Autonomy: The Lawyer's Role When the Client Has a Right to Do Wrong | The Right to Do Wrong: Morality and the Limits of Law, by Mark Osiel (Cambridge: Harvard University Press), 2019",0.72294347,True,False,False,False,True,True
direct_2d_70,59,immigration / borders / justice,215,0.00309798,,,15,0.43111111,0.36800000,0.91364405,0.10155357,0.53419071,26,0.01795441,0.07647239,0.04767305,0.00310100,0.00314629,0.30238008,below_0.60,18.00000000,0.08461947,0.05059187,,0.09220080,0.08333333,0.00000000,100.00000000,immigration; borders; justice; global; open borders,"Illegal: How America's lawless immigration regime threatens us all | Freedom, immigration, and adequate options | Borders, Movement, and Global Egalitarianism",0.36490202,True,True,False,True,True,True
direct_2d_70,60,mathematical / mathematics / set,225,0.00324207,,,18,0.44444444,0.31222222,0.91652351,0.10160114,0.21094447,40,0.11435997,0.27019177,0.22153190,0.00317397,0.00320195,0.57838422,below_0.60,18.00000000,0.29985714,0.27311398,,0.32611848,0.35294118,0.12833333,88.00000000,mathematical; mathematics; set; logic; theory,"Hilbert's program then and now | Remarks on Wittgenstein, Gödel, Chaitin, Incompleteness, Impossiblity and the Psychological Basis of Science and Mathematics | Review of Logic, Logic and Logic, by George Boolos",0.30898015,True,True,False,True,True,True
direct_2d_70,61,mathematics / mathematical / philosophy mathematics,332,0.00478386,,,21,0.48571429,0.40380952,0.91563376,0.07952330,0.28350955,40,0.17095116,0.37362233,0.48304122,0.00467580,0.00472491,0.60241396,below_0.60,18.00000000,0.41461064,0.49085830,,0.56899139,0.62500000,0.25000000,28.61445783,mathematics; mathematical; philosophy mathematics; philosophy; arithmetic,"Introduction to G.E. Moore's Unpublished Review of _The Principles of Mathematics_ | Review of: Hodesdon, K. “Mathematica representation: playing a role”. Philosophical Studies (2014) 168:769–782. Mathematical Reviews. MR 3176431. | Nietzsche’s Philosophy of Mathematics",0.39902566,True,False,False,False,True,True
direct_2d_70,62,philosophy / religion / god,3306,0.04763689,,,304,0.69890351,0.65427632,0.92108935,0.04383849,0.11626712,36,0.48888889,0.49092697,0.55364310,0.04803653,0.04818027,0.61942922,below_0.60,18.00000000,0.54012020,0.55627264,,0.74827509,0.81250000,0.47058824,10.31457955,philosophy; religion; god; philosophical; plato,"Incarnation | Desmond M. Clarke and Catherine Wilson, eds., The Oxford Handbook of Philosophy in Early Modern Europe. Reviewed by | Fides et Ratio in the Renaissance",0.60663943,True,False,False,False,False,True
direct_2d_70,63,philosophy / kant / metaphysics,286,0.00412104,,,17,0.30588235,0.18941176,0.92575849,-0.09205525,0.10888290,35,0.23412698,0.10009751,0.05835686,0.00419547,0.00429349,0.25651126,below_0.60,18.00000000,0.11074183,0.08067448,,0.10835724,0.11764706,0.00000000,100.00000000,philosophy; kant; metaphysics; philosophical; wittgenstein,E. J. Lowe's Metaphysics and Philosophical/Analytic Theology. Special Issue. | Raising Atlantis: The Later Heidegger and Contemporary Philosophy | Deleuze and the History of Philosophy,0.18529073,True,True,False,True,True,True
direct_2d_70,64,war / military / just war,379,0.00546110,,,47,0.63546099,0.54042553,0.90568312,0.16445594,0.45865884,26,0.03721683,0.23312540,0.22598805,0.00556356,0.00556699,0.50768939,below_0.60,18.00000000,0.25840965,0.34393922,,0.25141134,0.23529412,0.00000000,82.32189974,war; military; just war; just; terrorism,A Libertarian Perspective on Peace Enforcement by the United Nations | Cosmopolitan Peace Cecile Fabre | Routledge Handbook of Ethics and War: Just War Theory in the Twenty‐first Century,0.53496444,True,False,False,False,True,True
direct_2d_70,65,political / democracy / politics,2569,0.03701729,,,243,0.76268861,0.72633745,0.91723970,0.09321368,0.15661518,26,0.23914775,0.42998027,0.50486899,0.03750388,0.03757903,0.59197525,below_0.60,18.00000000,0.47357997,0.51396554,,0.67558765,0.75000000,0.33333333,22.73258077,political; democracy; politics; democratic; theory,"Review of Horcher 2020, A Political Philosophy of Conservatism | Review of 'The Political Is Political: Conformity and the Illusion of Dissent in Contemporary Political Philosophy' by Lorna Finlayson. | Schmitt or Hamlet: The Unsovereign Event",0.68932016,True,False,False,False,False,True
direct_2d_70,66,personal identity / identity / personal,208,0.00299712,,,25,0.48266667,0.31040000,0.92551701,-0.02237817,0.32802162,23,0.04310345,0.11637577,0.02499889,0.00283105,0.00291595,0.49606096,below_0.60,18.00000000,0.12898192,0.02563156,,0.17420397,0.18750000,0.05882353,100.00000000,personal identity; identity; personal; paper focuses; focuses,"Reasons and Conscious Persons | THE PHENOMENOLOGY OF THE PATH OF YOUR AWARENESS AS NATURAL LIBERATION | Prajna: The Discernment of Direct Awareness Knowningness (Gnosis, Jnana)",0.30740288,True,True,False,True,True,True
direct_2d_70,67,perception / perceptual / visual,1303,0.01877522,,,137,0.79075426,0.75270073,0.91446330,0.09066804,0.31201038,24,0.62705761,0.43007788,0.52864085,0.01864840,0.01899218,0.73587503,below_0.60,18.00000000,0.47575205,0.59755230,,0.79095180,0.84615385,0.56250000,5.98618573,perception; perceptual; visual; experience; content,"Understanding How Experience ""seems"" | The Disunity of Perception: An Introduction | Hill on perceptual relativity and perceptual error",0.73392551,True,False,False,False,False,True
direct_2d_70,68,cognitive / mind / cognition,429,0.00618156,,,35,0.52000000,0.38000000,0.90550790,0.08754825,0.19340263,22,0.44933921,0.14806938,0.09875820,0.00591014,0.00617406,0.47407177,below_0.60,18.00000000,0.16383398,0.10648782,,0.16203667,0.16666667,0.06250000,100.00000000,cognitive; mind; cognition; consciousness; brain,Cognitive systems and the supersized mind | Editorial Introduction: Socializing the Extended Mind | Embodied Cognition: Grounded Until Further Notice?,0.37381844,True,True,False,True,True,True
direct_2d_70,69,consciousness / mind / conscious,1233,0.01776657,,,82,0.62601626,0.55439024,0.91673798,0.10520005,0.12404206,23,0.51684017,0.29429086,0.30279263,0.01784475,0.01798107,0.52982485,below_0.60,18.00000000,0.32499115,0.32337388,,0.46432821,0.50000000,0.29411765,47.68856448,consciousness; mind; conscious; problem; phenomenal,"""Purple Haze: The Puzzle of Consciousness"" by Joseph Levine, ""Phenomenal Consciousness: A Naturalistic Theory"" by Peter Carruthers, and ""The Nature of Consciousness"" by Mark Rowlands | Consciousness | Walking in the Shoes of the Brain: an ""agent"" approach to phenomenality and the problem of consciousness",0.53662367,True,False,False,False,True,True
direct_2d_historical_params,0,neutrosophic / set / fuzzy,235,0.00338617,,0.82141025,19,1.00000000,0.98631579,0.92634979,0.20779083,0.49862993,0,0.91949153,0.95503986,0.96683673,0.83663366,0.86341872,1.00000000,at_least_0.85,19.00000000,0.95267354,0.96428571,,0.97510092,1.00000000,1.00000000,1.27659574,neutrosophic; set; fuzzy; sets; neutrosophic set,An Overview of Neutrosophic and Plithogenic Theories and Applications | Neutrosophic logics: prospects and problems | Neutrosophic Triplet Structures. Volume I,0.98292962,False,False,False,False,False,False
direct_2d_historical_params,1,using / learning / accuracy,293,0.00422190,,0.78266486,23,0.80289855,0.64434783,0.81054242,-0.10323887,0.46234107,4,0.56234719,0.53312729,0.55612347,0.00440497,0.17667970,0.75461326,below_0.60,19.00000000,0.56095478,0.58227848,,0.68260802,0.81250000,0.11111111,21.84300341,using; learning; accuracy; expert; dataset,Prediction of Heart Disease Using a Collection of Machine and Deep Learning Algorithms | Prediction of Heart Disease Using a Collection of Machine and Deep Learning Algorithms | ANN for Parkinson’s Disease Prediction,0.64012592,True,False,True,True,False,True
direct_2d_historical_params,2,nietzsche / philosophy / problem,265,0.00381844,,0.83636521,23,0.94782609,0.89130435,0.92507683,-0.25068752,0.09585109,1,0.92142857,0.87198153,0.89614772,0.57925072,0.64486750,0.95307540,at_least_0.85,19.00000000,0.87301631,0.89867841,,0.97004575,1.00000000,0.93897059,2.26415094,nietzsche; philosophy; problem; human; theory,"Gramsci’s ‘Non-contemporaneity’ | Our Toil Respite Only: Woolf, Diamond and the Difficulty of Reality | Theolatry and the Making-Present of the Nonrepresentable",0.88748590,False,False,True,True,False,True
direct_2d_historical_params,3,robots / robot / human,208,0.00299712,,0.80843624,21,0.84444444,0.76476190,0.89201978,-0.22627546,0.46478224,18,0.14647378,0.27844835,0.16636139,0.00068548,0.00179060,0.75116384,below_0.60,19.00000000,0.25724465,0.15741789,,0.18057897,0.20526316,0.00000000,100.00000000,robots; robot; human; olfactory; robotics,"Arriagada Bruneau, G. (2021). “Living with Robots: What every anxious human needs to know”. Ruth Aylett and Patricia A. Vargas, MIT Press, 2021. | What You Are and Its Affects on Moral Status: Godman's Epistemology and Morality of Human Kinds, Gunkel's Robot Rights, and Schneider on Artificial You | Robot Autonomy vs. Human Autonomy: Social Robots, Artificial Intelligence (AI), and the Nature of Autonomy",0.76176479,True,False,True,True,True,True
direct_2d_historical_params,4,ontology / ontologies / biomedical,411,0.00592219,,0.66606176,36,0.77037037,0.70611111,0.88989119,0.10359726,0.26290509,2,0.79955947,0.71953821,0.82823806,0.00589756,0.00597511,0.88751806,0.60_to_0.75,19.00000000,0.75709824,0.83384615,,0.80348625,0.88235294,0.46666667,11.19221411,ontology; ontologies; biomedical; data; information,Philosophy and Biomedical Information Systems | Ontological realism: A methodology for coordinated evolution of scientiﬁc ontologies | The Ontology of Tendencies and Medical Information Sciences,0.70018892,False,False,False,False,False,False
direct_2d_historical_params,5,music / musical / sound,311,0.00448127,,0.78643726,19,0.80000000,0.76736842,0.91300008,0.00881796,0.42777029,32,0.87647059,0.64008673,0.78296689,0.00451446,0.00453363,0.87715917,0.60_to_0.75,19.00000000,0.67351780,0.78445230,,0.69170465,0.76470588,0.42857143,11.89710611,music; musical; sound; musical works; improvisation,"Music, Cage's Silence, and Art: An interview with Stephen Davies, PhD | The Varieties of Musical Experience | Review of Simon Høffding, _A Phenomenology of Musical Absorption_, Cham: Palgrave Macmillan 2019",0.76288715,False,False,False,False,False,False
direct_2d_historical_params,6,animal / animals / moral,554,0.00798271,,0.71411290,47,0.80283688,0.71659574,0.90113779,0.09752066,0.41877386,13,0.81538462,0.65990696,0.82405285,0.00791581,0.00796617,0.88095326,0.60_to_0.75,19.00000000,0.69421450,0.83982684,,0.71817056,0.77777778,0.45664336,11.01083032,animal; animals; moral; ethics; animal rights,"Animals, Misanthropy, and Humanity | Why Do We Believe Humans Matter More than Other Animals? | Saving Animals, Saving Ourselves: Why Animals Matter for Pandemics, Climate Change, and Other Catastrophes; By Jeff Sebo",0.70861304,False,False,False,False,False,False
direct_2d_historical_params,7,controllers / using / controller,161,0.00231988,,0.99427487,16,0.90000000,0.73000000,0.83023131,0.27259634,0.42901149,4,0.00197628,0.34167186,0.26622940,0.00159617,0.00192720,0.88537631,below_0.60,19.00000000,0.35953390,0.27865169,,0.38090897,0.40000000,0.28571429,93.16770186,controllers; using; controller; control; simulation,Performance Investigation of Hydraulic Actuator Based Mass Lift System using MPC and LQR Controllers | Speed Control of Ward Leonard Layout System using H infinity Optimal Control | Modeling and Simulation of a Horizontally Moving Suspended Mass Pendulum Base using H infinity Optimal Loop Shaping Controller with First and Second Order Desired Loop Shaping Functions,0.72768012,True,False,False,False,True,True
direct_2d_historical_params,8,games / virtual / game,161,0.00231988,,0.99409069,6,0.67777778,0.63333333,0.89356023,0.09882847,0.59655136,16,0.35933806,0.38251842,0.30457267,0.00231413,0.00233566,0.81538937,below_0.60,19.00000000,0.40251684,0.36363636,,0.38623501,0.41176471,0.23076923,83.85093168,games; virtual; game; reality; video,"Sculpted Agency and the Messiness of the Landscape | Games: Agency as Art | Games: Agency as Art by C Thi Nguyen (Oxford University Press, 2020)",0.63101345,True,False,False,False,True,True
direct_2d_historical_params,9,sport / sports / athletes,235,0.00338617,,0.83677187,30,0.83777778,0.78333333,0.91266664,0.01833613,0.48952183,16,0.54892601,0.73011626,0.87621359,0.00348957,0.00351801,0.96978598,0.60_to_0.75,19.00000000,0.76835662,0.87864078,,0.87294257,0.88235294,0.85054945,2.12765957,sport; sports; athletes; sporting; athlete,"Champions in the Age of COVID-19 | Football is ""the most important of the least important things"": The Illusion of Sport and COVID-19 | Intensity and the Sublime: Paying Attention to Self and Environment in Nature Sports",0.77994717,False,False,False,False,False,False
direct_2d_historical_params,10,design / architecture / urban,197,0.00283862,,0.95924946,19,0.64210526,0.52421053,0.89873274,0.11208834,0.34012142,11,0.60236220,0.37361233,0.38487403,0.00272965,0.00276783,0.75805791,below_0.60,19.00000000,0.39312190,0.45267490,,0.41131193,0.44444444,0.18308824,59.89847716,design; architecture; urban; architectural; city,"Editorial: Projected interiorities or the production of subjectivity through spatial and performative means | The specifics of suburban architecture | Ugliness in architecture in the Australian, American, British and Italian milieus: Subtopia between the 1950s and the 1970s",0.52137191,True,False,False,False,True,True
direct_2d_historical_params,11,research / scientific / science,194,0.00279539,,0.96034216,10,0.51333333,0.32400000,0.88292992,0.05328330,0.44758639,6,0.61279461,0.35383902,0.42083112,0.00267574,0.00272781,0.70409982,below_0.60,19.00000000,0.37232130,0.44107744,,0.52686877,0.58333333,0.29819005,32.47422680,research; scientific; science; publishing; academic,"The Disaster of the Impact Factor | Motivating and Maintaining Ethics, Equity, Effectiveness, Efficiency, and Expertise in Peer Review | Open Access, Open Business, Closed Fairness!",0.32120461,True,True,False,True,True,True
direct_2d_historical_params,12,science / scientific / realism,799,0.01151297,,0.62847611,64,0.73958333,0.66125000,0.93104107,0.12383270,0.33101588,9,0.45376079,0.38701446,0.45348118,0.01141287,0.01155737,0.72377522,below_0.60,19.00000000,0.40678296,0.46636086,,0.45669600,0.47368421,0.07142857,50.06257822,science; scientific; realism; scientific realism; philosophy science,Scientific Realism | Blindness in pursuit of science (A Companion to the Philosophy of Science Editor - W. H. Newton-Smith) | Scientific Realism and the Rationality of Science,0.64973703,True,False,False,False,True,True
direct_2d_historical_params,13,abortion / genetic / human,562,0.00809798,,0.80631315,51,0.77516340,0.67215686,0.88619695,-0.04848211,0.50737387,5,0.19611307,0.55029735,0.67861959,0.00813325,0.00815196,0.88753675,below_0.60,19.00000000,0.57882351,0.68135593,,0.66908255,0.70588235,0.50000000,9.78647687,abortion; genetic; human; reproductive; pregnancy,"_Bioethics in Canada_ | _Bioethics in Canada_, second edition | Habermas and the Question of Bioethics",0.66405888,True,False,False,False,False,True
direct_2d_historical_params,14,health / medical / medicine,968,0.01394813,,0.77597830,76,0.69122807,0.61394737,0.88406478,0.14017730,0.32663539,5,0.33532934,0.46644910,0.51470122,0.01421514,0.01431043,0.74086253,below_0.60,19.00000000,0.49023839,0.51955307,,0.64334877,0.71825397,0.33333333,19.73140496,health; medical; medicine; care; ethics,Toward an Ecological Bioethics | Bioethics met its COVID‐19 Waterloo: The doctor knows best again | The Medical Ethics of Miracle Max,0.59999924,True,False,False,False,False,True
direct_2d_historical_params,15,covid / covid 19 / 19,245,0.00353026,,0.96996040,20,0.69333333,0.63500000,0.87536664,0.19338847,0.53504169,5,0.08601770,0.41660658,0.38614776,0.00347665,0.00348278,0.83497844,below_0.60,19.00000000,0.43835026,0.61010830,,0.45506981,0.47368421,0.28571429,50.20408163,covid; covid 19; 19; pandemic; vaccine,Pandemic Ethics: 8 Big Questions of COVID-19 | Two Kinds of Vaccine Hesitancy | Values for a Post-Pandemic Future,0.63146974,True,False,False,False,True,True
direct_2d_historical_params,16,climate / environmental / climate change,1251,0.01802594,,0.91643074,125,0.81333333,0.75456000,0.88472119,0.10907963,0.28289133,14,0.48472984,0.50060939,0.41078351,0.01792930,0.01818467,0.83952458,below_0.60,19.00000000,0.52601361,0.41194030,,0.53490295,0.50000000,0.26315789,46.12310152,climate; environmental; climate change; change; ecological,"Review of Bryan Norton, Sustainable Values, Sustainable Change | The Philosophical Foundations of Ecological Civilization: A Manifesto for the Future | Book Review: Anthony O’Hear, ed., Philosophy and the Environment",0.73653406,True,False,False,False,True,True
direct_2d_historical_params,17,pain / mental / disorder,1092,0.01573487,,0.72145912,95,0.63228070,0.53600000,0.89058159,-0.03762139,0.49670514,10,0.70931113,0.52268254,0.62754802,0.01597855,0.01615943,0.75790536,below_0.60,19.00000000,0.54932993,0.62788365,,0.56325101,0.64705882,0.21052632,35.53113553,pain; mental; disorder; psychiatric; addiction,"Philosophy for life and other dangerous situations | Commentary: Not in the drug, not in the brain: Causality in psychedelic experiences from an enactive perspective | Review of The Self",0.52026513,True,False,False,False,True,True
direct_2d_historical_params,18,philosophy / theory / book,416,0.00599424,,0.93076219,44,0.65909091,0.48909091,0.90557144,0.18399798,0.05718696,21,0.77182540,0.42420847,0.53294852,0.00561818,0.00583735,0.68144342,below_0.60,19.00000000,0.44621525,0.53904282,,0.51392188,0.58823529,0.17647059,41.10576923,philosophy; theory; book; world; human,Leibniz Reinterpreted | Religious Pluralism and its Discontents: Faith and the ‘Logic of Exclusion' | THE BALD BOY AND THE MOST BEAUTIFUL GIRL IN THE WORLD,0.48309667,True,False,False,False,True,True
direct_2d_historical_params,19,evolutionary / biology / evolution,1688,0.02432277,,0.90737664,148,0.80270270,0.74702703,0.89897426,0.13909714,0.25637886,3,0.87320955,0.65596419,0.80875546,0.02473653,0.02474851,0.86866061,0.60_to_0.75,19.00000000,0.68918670,0.80921053,,0.71070663,0.76470588,0.46666667,10.95971564,evolutionary; biology; evolution; biological; selection,"Book Notice of Rosenberg & Arp (eds) Philosophy of Biology: An Anthology | Symbiosis, History of | Biological Individuals",0.72270426,False,False,False,False,False,False
direct_2d_historical_params,20,time / quantum / physics,2858,0.04118156,,0.95630092,246,0.80514905,0.74552846,0.88730445,0.16068653,0.32725671,7,0.89339591,0.61068821,0.83481903,0.04099166,0.04151585,0.88974030,0.60_to_0.75,19.00000000,0.64067224,0.83717105,,0.63859279,0.66666667,0.42105263,16.23512946,time; quantum; physics; mechanics; theory,"The Cosmic Void | The philosophical implications of the loophole-free violation of Bell’s inequality: Quantum entanglement, timelessness, triple-aspect monism, mathematical Platonism and scientific morality. | Privileged-Perspective Realism in the Quantum Multiverse",0.70434690,False,False,False,False,False,False
direct_2d_historical_params,21,personal identity / identity / personal,186,0.00268012,,0.98548678,19,0.55438596,0.35684211,0.90697372,0.09343103,0.33309415,18,0.00080321,0.09841065,0.01017116,0.00105152,0.00124046,0.46364865,below_0.60,19.00000000,0.10341114,0.01382766,,0.14194349,0.12132353,0.00000000,100.00000000,personal identity; identity; personal; persons; psychological,"A New Look at Personal Identity | Locke on Relations, Identity, Persons, and Personal Identity | Introduction: Personal Identity: Complex or Simple?",0.35416199,True,True,False,True,True,True
direct_2d_historical_params,22,conditionals / counterfactuals / conditional,213,0.00306916,,0.97267825,16,0.67083333,0.55000000,0.92027804,0.06801231,0.53294021,7,0.00033311,0.48993193,0.63926519,0.00191939,0.00243429,0.85194547,below_0.60,19.00000000,0.51555974,0.65948276,,0.55722275,0.61111111,0.27700535,18.77934272,conditionals; counterfactuals; conditional; indicative; indicative conditionals,Reasonable Inferences for Counterfactuals | New surprises for the Ramsey Test | The Inextricable Link Between Conditionals and Logical Consequence,0.54693084,True,False,False,False,True,True
direct_2d_historical_params,23,collective / group / agency,225,0.00324207,,0.94996529,15,0.57333333,0.48933333,0.90513721,0.13176875,0.28593531,15,0.53736655,0.34013179,0.46053890,0.00243902,0.00271574,0.62903409,below_0.60,19.00000000,0.35787443,0.48717949,,0.40273982,0.52941176,0.05882353,46.22222222,collective; group; agency; agents; groups,Shared Agency: A Planning Theory of Acting Together | Why We Need a New Normativism about Collective Action | Introduction,0.48609126,True,False,False,False,True,True
direct_2d_historical_params,24,intuitions / experimental philosophy / experimental,272,0.00391931,,0.95765415,20,0.59000000,0.37800000,0.91968013,-0.07263102,0.25990412,35,0.00164745,0.21208140,0.28161476,0.00378343,0.00378469,0.41392034,below_0.60,19.00000000,0.22304431,0.29333333,,0.28475434,0.07417582,0.00000000,64.33823529,intuitions; experimental philosophy; experimental; knowledge; luck,"Philosophy's New challenge: Experiments and Intentional Action | Book Review of Alexander, Joshua. Experimental Philosophy: An Introduction | How to do better: toward normalizing experimentation in epistemology",0.37408069,True,True,False,True,True,True
direct_2d_historical_params,25,philosophy / wittgenstein / pragmatism,456,0.00657061,,0.85385717,33,0.60606061,0.49939394,0.94380654,0.02959966,0.33240664,35,0.44789762,0.17622963,0.06855562,0.00669846,0.00678810,0.49543972,below_0.60,19.00000000,0.18515233,0.06915007,,0.18504888,0.17647059,0.00000000,99.34210526,philosophy; wittgenstein; pragmatism; analytic; analytic philosophy,Lotze and the Early Cambridge Analytic Philosophy | Editors' Introduction | Grace de Laguna’s 1909 Critique of Analytic Philosophy: Presentation and Defence,0.49282333,True,False,False,False,True,True
direct_2d_historical_params,26,education / students / learning,2031,0.02926513,,0.88906608,176,0.80568182,0.76772727,0.87213506,0.11003920,0.30260953,26,0.20040323,0.66561815,0.86758963,0.02985435,0.02994561,0.89282254,0.60_to_0.75,19.00000000,0.69906232,0.86810811,,0.71519711,0.73333333,0.62500000,4.67749877,education; students; learning; study; educational,China Confronts Kant When University Students Experience the Angst of Freedom | Rousseau’s lawgiver as teacher of peoples: Investigating the educational preconditions of the social contract | The Paralysis of Traditional Schools and the Future of Education,0.73846214,False,False,False,False,False,False
direct_2d_historical_params,27,composition / identity / composition identity,222,0.00319885,,0.95149093,21,0.65714286,0.57047619,0.92038631,0.06603712,0.61388212,25,0.77075099,0.51936911,0.67279317,0.00326816,0.00328073,0.77399746,below_0.60,19.00000000,0.54653092,0.68075117,,0.60771611,0.68750000,0.26941176,19.81981982,composition; identity; composition identity; parts; mereological,"Persistence, composition, and identity | Composition, Persistence, and Identity | Sider, the inheritance of intrinsicality, and theories of composition",0.56727734,True,False,False,False,False,True
direct_2d_historical_params,28,intelligence / ai / artificial,233,0.00335735,,0.98071609,22,0.60909091,0.44909091,0.89396596,0.05546326,0.26780152,18,0.16172507,0.16088358,0.16298790,0.00323096,0.00332172,0.45747112,below_0.60,19.00000000,0.16917103,0.16454082,,0.09630902,0.07142857,0.00000000,100.00000000,intelligence; ai; artificial; artificial intelligence; machine,Philosophy of AI: A structured overview | Why Machines Will Never Rule the World: Artificial Intelligence without Fear by Jobst Landgrebe & Barry Smith (Book review) | Why Machines Will Never Rule the World: Artificial Intelligence without Fear,0.44573356,True,False,False,False,True,True
direct_2d_historical_params,29,ai / artificial / intelligence,325,0.00468300,,0.93791699,26,0.67948718,0.54846154,0.90039133,0.08180035,0.22997467,18,0.29560337,0.30138636,0.32049683,0.00460511,0.00471207,0.60940188,below_0.60,19.00000000,0.31700643,0.32360743,,0.72912393,0.76470588,0.58823529,4.61538462,ai; artificial; intelligence; artificial intelligence; systems,A united framework of five principles for AI in society | Deontology and Safe Artificial Intelligence | Editorial: Risks of artificial intelligence,0.54377854,True,False,False,False,False,True
direct_2d_historical_params,30,causation / causal / explanation,593,0.00854467,,0.67699343,48,0.66111111,0.55500000,0.90701859,-0.20114554,0.31593564,8,0.47927461,0.33584648,0.40551114,0.00839322,0.00842817,0.52986458,below_0.60,19.00000000,0.35306084,0.40874525,,0.43272586,0.47058824,0.00000000,50.92748735,causation; causal; explanation; disagreement; explanations,Reflections on Metaphysical Explanation | _A Variety of Causes_ | A Closer Look at Trumping,0.54645533,True,False,True,True,True,True
direct_2d_historical_params,31,perception / perceptual / visual,1289,0.01857349,,0.94927029,128,0.80729167,0.76312500,0.91551982,0.06498396,0.32141373,24,0.61487179,0.48551078,0.66124828,0.01864164,0.01887392,0.78586899,below_0.60,19.00000000,0.51005711,0.66155235,,0.51969333,0.57142857,0.25000000,29.32505818,perception; perceptual; visual; experience; content,"Understanding How Experience ""seems"" | The Disunity of Perception: An Introduction | Hill on perceptual relativity and perceptual error",0.74455151,True,False,False,False,True,True
direct_2d_historical_params,32,employees / study / management,271,0.00390490,,0.88377066,28,0.63571429,0.55071429,0.86605060,0.14336617,0.39125147,26,0.02712551,0.42287188,0.56092732,0.00398545,0.00398873,0.77231655,below_0.60,19.00000000,0.44491753,0.57518797,,0.53542989,0.60000000,0.23529412,27.30627306,employees; study; management; organizational; job,Job Satisfaction and Dissatisfaction as Outcomes of Psychological Contract: Evidence from the South African Workplace | The Dark Side of Human Resource Management: The Story behind the Story | Contextualizing Individual Competencies for Managing the Corporate Social Responsibility Adaptation Process: The Apparent Influence of the Business Case Logic,0.54680939,True,False,False,False,True,True
direct_2d_historical_params,33,media / information / digital,714,0.01028818,,0.84343605,51,0.57385621,0.42784314,0.87297532,0.08010490,0.34071770,17,0.47264438,0.33773840,0.37696295,0.01026812,0.01031040,0.67430720,below_0.60,19.00000000,0.35496899,0.39191291,,0.42933588,0.41176471,0.11111111,58.82352941,media; information; digital; social; online,"Not Just A Tool: Why Social-Media Use Is Bad and Bad For Us, and The Duty to Quit | The information society and its philosophy: introduction to the special issue on the philosophy o information, its nature, and future developments | Why We Need To Take A Socialist Approach In Regards To Information",0.41755495,True,False,False,False,True,True
direct_2d_historical_params,34,business / innovation / corporate,368,0.00530259,,0.93109230,32,0.53125000,0.40562500,0.86775877,-0.01197898,0.39616153,26,0.02758275,0.16265573,0.14211533,0.00538503,0.00542687,0.42053992,below_0.60,19.00000000,0.17092341,0.16043956,,0.17652643,0.15587045,0.00000000,99.45652174,business; innovation; corporate; responsible; research,Stop re-inventing the wheel: or how ELSA and RRI can align | Doing Business with Deleuze? | Putting Responsible Research and Innovation into Practice: A Multi-Stakeholder Approach,0.40032241,True,False,False,False,True,True
direct_2d_historical_params,35,technology / technological / human,242,0.00348703,,0.89126369,25,0.65066667,0.55680000,0.91510895,0.02066523,0.19924772,17,0.18321227,0.34109723,0.32318982,0.00348950,0.00354389,0.69803265,below_0.60,19.00000000,0.35886003,0.34637965,,0.51249944,0.56250000,0.25000000,26.44628099,technology; technological; human; philosophy technology; technologies,"Technological Re-Enchantment: Transhumanism, Techno-Religion, and Post-Secular Transcendence | An Ethical Appraisal of Posthumanism | Technology Ethics: Responsible Innovation and Design Strategies",0.55331297,True,False,False,False,True,True
direct_2d_historical_params,36,film / films / cinema,250,0.00360231,,0.94350354,23,0.55652174,0.42608696,0.91545252,0.00113933,0.37837741,31,0.69594595,0.39140889,0.48066937,0.00354946,0.00358342,0.61204432,below_0.60,19.00000000,0.41182254,0.48854962,,0.55238324,0.63721805,0.18541667,33.20000000,film; films; cinema; philosophy; review,"Seeing One Another Anew with Godfrey Reggio's Visitors | Ideology, Socratic elenchus, and Inglourious Basterds | American History X, Cinematic Manipulation, and Moral Conversion",0.42248465,True,False,False,False,True,True
direct_2d_historical_params,37,art / aesthetic / aesthetics,1216,0.01752161,,0.78260627,85,0.86431373,0.83152941,0.92392375,0.05933320,0.31022593,33,0.79841040,0.63637194,0.77867335,0.01745604,0.01762662,0.84644329,0.60_to_0.75,19.00000000,0.66894646,0.78020932,,0.71409800,0.76923077,0.47058824,10.27960526,art; aesthetic; aesthetics; beauty; artworks,"Attuned, Transcendent & Transfigured: Nietzsche's Aesthetic Psychology | Peter Lamarque | Review of Jennifer Lena's ""Entitled: Discriminating Tastes and the Expansion of the Arts""",0.81400780,False,False,False,False,False,False
direct_2d_historical_params,38,love / life / meaning life,315,0.00453890,,0.95097393,27,0.74074074,0.54074074,0.92119844,-0.01780413,0.34461948,29,0.25839416,0.32554577,0.38570114,0.00438676,0.00440552,0.55687417,below_0.60,19.00000000,0.34244888,0.40034965,,0.47264577,0.50000000,0.11111111,49.52380952,love; life; meaning life; meaning; death,"Book Review of Meaning in Life: An Analytic Study | The Meaning of Life (Second Revised Edition) | Death, Immortality, and Meaning in Life. By John Martin Fischer. Oxford: Oxford University Press, 2020. 216 pages. $29.99. (Paperback)",0.53620184,True,False,False,False,True,True
direct_2d_historical_params,39,consciousness / mind / cognitive,3296,0.04749280,,0.92187868,254,0.71732283,0.66700787,0.90592014,0.11698444,0.17725272,23,0.35522388,0.39247906,0.43656493,0.04736162,0.04782621,0.67254979,below_0.60,19.00000000,0.41064313,0.44781713,,0.48846016,0.50000000,0.17647059,48.93810680,consciousness; mind; cognitive; mental; brain,"Naturalism and the First-Person Perspective, by Lynne Rudder Baker | Philosophy of Mind: Classical and Contemporary Readings (second edition) | Introduction",0.61951508,True,False,False,False,True,True
direct_2d_historical_params,40,memory / episodic / remembering,253,0.00364553,,0.88257794,28,0.76904762,0.66714286,0.92614536,0.02208683,0.64556831,19,0.84587814,0.49068513,0.68117572,0.00367687,0.00372088,0.82257889,below_0.60,19.00000000,0.51631714,0.69711538,,0.59317440,0.64705882,0.29411765,20.55335968,memory; episodic; remembering; episodic memory; memories,Extended and constructive remembering: two notes on Martin and Deutscher | Memory: A Self-Referential Account | Is external memory memory? Biological memory and extended mind,0.66349732,True,False,False,False,True,True
direct_2d_historical_params,41,emotions / emotion / emotional,328,0.00472622,,0.83213086,23,0.71884058,0.58434783,0.92145445,0.04952267,0.30688503,28,0.44121916,0.44700693,0.52548425,0.00460744,0.00470336,0.79542955,below_0.60,19.00000000,0.47027974,0.54014599,,0.65454191,0.72222222,0.35294118,15.54878049,emotions; emotion; emotional; affective; feeling,"Review of Christine Tappolet, Emotions, Values and Agency (Oxford University Press, 2016) | Arguments from the Priority of Feeling in Contemporary Emotion Theory and Max Scheler’s Phenomenology | Emotions: Philosophical Issues About",0.57962160,True,False,False,False,False,True
direct_2d_historical_params,42,empathy / anger / pleasure,301,0.00433718,,0.99384957,24,0.55555556,0.40416667,0.90667752,-0.26235393,0.38036063,29,0.23795620,0.19682519,0.20859247,0.00425935,0.00427755,0.38181393,below_0.60,19.00000000,0.20696024,0.20949264,,0.22954450,0.23076923,0.05555556,97.67441860,empathy; anger; pleasure; hedonism; happiness,Do Fitting Emotions Tell Us Anything About Well-Being? | Philosophy of Happiness: A Basic Primer | Devotion and Well-Being: A Platonic Personalist Perfectionist Account,0.39982949,True,False,True,True,True,True
direct_2d_historical_params,43,philosophy / god / religious,3881,0.05592219,,0.92721051,357,0.73744164,0.67759104,0.91884546,0.00678764,0.20278503,36,0.53141711,0.46713983,0.56606131,0.05633623,0.05649854,0.68662608,below_0.60,19.00000000,0.48876107,0.56822811,,0.83660684,0.91666667,0.54545455,7.57536717,philosophy; god; religious; religion; philosophical,Incarnation | Discernment of Good and Evil in Dostoevsky’s Novels: The Madman and the Saint | Fides et Ratio in the Renaissance,0.62166885,True,False,False,False,False,True
direct_2d_historical_params,44,fiction / fictional / fictionalism,197,0.00283862,,0.99887586,16,0.45000000,0.36625000,0.90461877,-0.21588580,0.49819112,30,0.61090909,0.34485488,0.42795853,0.00243309,0.00245929,0.61849700,below_0.60,19.00000000,0.36286143,0.44363636,,0.46916310,0.56250000,0.13000000,39.08629442,fiction; fictional; fictionalism; fictions; narrative,Fictionalism | The Real Foundation of Fictional Worlds | Fictional Entities,0.36341138,True,True,True,True,True,True
direct_2d_historical_params,45,decision / aggregation / choice,475,0.00684438,,0.85061217,50,0.58400000,0.45560000,0.90910098,0.02675312,0.35068765,34,0.46450617,0.38164904,0.46229280,0.00694831,0.00698040,0.60411485,below_0.60,19.00000000,0.40135837,0.46948357,,0.49236803,0.58823529,0.07142857,44.42105263,decision; aggregation; choice; rational; rationality,The Locality and Globality of Instrumental Rationality: The normative significance of preference reversals | Taking Stock of Infinite Value: Pascal’s Wager and Relative Utilities | Rationality and Success,0.44875562,True,False,False,False,True,True
direct_2d_historical_params,46,moral / ethics / reasons,3170,0.04567723,,0.97035855,280,0.79547619,0.74928571,0.92649367,0.02789621,0.10468593,27,0.61550285,0.51923516,0.62036012,0.04627034,0.04628316,0.72481880,below_0.60,19.00000000,0.54412805,0.62324930,,0.62330113,0.69230769,0.25000000,21.92429022,moral; ethics; reasons; morality; normative,A Counterexample to Parfit's Rule Consequentialism | Non-Consequentialism Demystified | Knowing What Matters,0.70360848,True,False,False,False,False,True
direct_2d_historical_params,47,ontology / ontological / properties,466,0.00671470,,0.91411303,32,0.52916667,0.38687500,0.92748461,-0.07890046,0.25281021,37,0.45351044,0.18430235,0.17293161,0.00673486,0.00678110,0.42998116,below_0.60,19.00000000,0.19364800,0.19767442,,0.19077236,0.14285714,0.00000000,93.77682403,ontology; ontological; properties; dispositions; kinds,"No Unity, No Problem: Madhyamaka Metaphysical Indefinitism | A Paleo-Criticism of Modes of Being: Brentano and Marty against Bolzano, Husserl, and Meinong | Ontological priority, fundamentality and monism",0.38016030,True,True,False,True,True,True
direct_2d_historical_params,48,economics / economic / market,493,0.00710375,,0.82543141,41,0.55772358,0.44780488,0.89405288,0.03030415,0.32074144,26,0.04346951,0.22776749,0.18191434,0.00691689,0.00698135,0.54693023,below_0.60,19.00000000,0.23939121,0.29248366,,0.33045885,0.33333333,0.11764706,80.93306288,economics; economic; market; social; markets,"Matthew Hale, Of the Law of Nature | Review of Mark White, The Manipulation of Choice: Ethics and Libertarian Paternalism | R Calderón Cuadrado, Armonía de interéses y modernidad. Radicales del pensamiento económico",0.44070113,True,False,False,False,True,True
direct_2d_historical_params,49,race / feminist / racial,412,0.00593660,,0.93663555,34,0.55882353,0.42470588,0.90998217,-0.05878954,0.39247116,26,0.02643655,0.20299484,0.12066493,0.00577014,0.00589077,0.61711196,below_0.60,19.00000000,0.21337508,0.16163142,,0.24555666,0.26491228,0.06250000,99.02912621,race; feminist; racial; social; racism,Hannah Arendt and the Negro Question | Reflections on Charles Mills | The Foundations of a Mexican Humanism in Emilio Uranga's Análisis del ser del Mexicano,0.41876928,True,False,False,False,True,True
direct_2d_historical_params,50,gender / women / sex,297,0.00427954,,0.91160384,31,0.64516129,0.56580645,0.91774470,-0.05213200,0.46601272,26,0.02850789,0.20950215,0.20498583,0.00427931,0.00429398,0.53617391,below_0.60,19.00000000,0.22029482,0.25331370,,0.25995280,0.27777778,0.11111111,99.32659933,gender; women; sex; sexual; feminist,"Fichte on Sex, Marriage, and Gender | Philosophy and the Non-Native Speaker Condition | Gender Reality",0.56152691,True,False,False,False,True,True
direct_2d_historical_params,51,assertion / knowledge / pragmatic,250,0.00360231,,0.99076566,24,0.45277778,0.30833333,0.92083741,0.04416145,0.46399459,39,0.06102117,0.14520252,0.05772769,0.00354946,0.00360989,0.38252149,below_0.60,19.00000000,0.15265794,0.05810398,,0.21982366,0.20526316,0.05526316,97.20000000,assertion; knowledge; pragmatic; pragmatic encroachment; encroachment,Can the Knowledge Norm Co‐Opt the Opt Out? | Knowledge judgments in “Gettier” cases | Knowledge and Skepticism,0.30473103,True,True,False,True,True,True
direct_2d_historical_params,52,law / legal / punishment,761,0.01096542,,0.94099749,73,0.70684932,0.65260274,0.91266273,0.06710061,0.31309548,26,0.07270344,0.30855449,0.19796707,0.01120276,0.01121177,0.70911383,below_0.60,19.00000000,0.32418873,0.29939210,,0.32017275,0.35714286,0.07142857,90.67017083,law; legal; punishment; criminal; rights,"Advocacy and Genuine Autonomy: The Lawyer's Role When the Client Has a Right to Do Wrong | M. H. Kramer, C. Grant, B. Colburn, and A. Hatzistavrou, eds. _The Legacy of H. L. A. Hart: Legal, Political, and Moral Philosophy_. | The Right to Do Wrong: Morality and the Limits of Law, by Mark Osiel (Cambridge: Harvard University Press), 2019",0.64163732,True,False,False,False,True,True
direct_2d_historical_params,53,mathematical / mathematics / set,217,0.00312680,,0.97377936,22,0.50000000,0.37000000,0.91605540,0.14487230,0.27011040,40,0.11495754,0.23488723,0.19509349,0.00291237,0.00297714,0.50929645,below_0.60,19.00000000,0.24709643,0.22956522,,0.24581314,0.26666667,0.06102941,98.15668203,mathematical; mathematics; set; logic; set theory,"Hilbert's program then and now | Riemann, Metatheory, and Proof, Rev.3 | Riemann, Metatheory, and Proof, Rev.3",0.36687320,True,True,False,True,True,True
direct_2d_historical_params,54,mathematics / mathematical / philosophy mathematics,272,0.00391931,,0.95674412,21,0.48253968,0.40761905,0.91668757,0.09514610,0.32955545,40,0.14788274,0.40176811,0.50105749,0.00389362,0.00392036,0.66358850,below_0.60,19.00000000,0.42270591,0.51083591,,0.60280674,0.65686275,0.33333333,23.89705882,mathematics; mathematical; philosophy mathematics; philosophy; numbers,Nietzsche’s Philosophy of Mathematics | “In Nature as in Geometry”: Du Châtelet and the Post-Newtonian Debate on the Physical Significance of Mathematical Objects | Introduction to G.E. Moore's Unpublished Review of _The Principles of Mathematics_,0.40369974,True,False,False,False,False,True
direct_2d_historical_params,55,semantics / language / semantic,1104,0.01590778,,0.80360019,96,0.67500000,0.58270833,0.91553688,0.11912582,0.18968354,39,0.34463722,0.42897159,0.51170563,0.01592705,0.01593318,0.65658750,below_0.60,19.00000000,0.45071078,0.51630812,,0.66041358,0.71825397,0.40352941,15.12681159,semantics; language; semantic; meaning; reference,"Confusion of Tongues: A Theory of Normative Language, by Stephen Finlay | What Is Meaning? By Scott Soames. Soochow University Lectures in Philosophy | Literal Meaning & Cognitive Content",0.56680055,True,False,False,False,False,True
direct_2d_historical_params,56,language / linguistic / sign,396,0.00570605,,0.96529490,27,0.52345679,0.39037037,0.88683614,-0.04327344,0.33111954,39,0.12162723,0.15847169,0.13332232,0.00571187,0.00576549,0.46521544,below_0.60,19.00000000,0.16650574,0.14084507,,0.14984944,0.14285714,0.00000000,100.00000000,language; linguistic; sign; meaning; semiotic,"The Refutation of Saussure’s Signification Theory as a Foundation for Interreligious Dialogue | The Limits of Silence: Descartes, Heidegger, and Wittgenstein on Philosophy and Ordinary Language | Vygotsky’s Janus-Faced Theory of Language: A Reply to Drain’s ‘Tomasello, Vygotsky, and the Phylogenesis of Mind’",0.38466432,True,True,False,True,True,True
direct_2d_historical_params,57,knowledge / epistemic / belief,1287,0.01854467,,0.82079831,123,0.77398374,0.72715447,0.93739862,0.09617460,0.15138437,38,0.58679834,0.44618778,0.52272864,0.01845798,0.01877535,0.67194326,below_0.60,19.00000000,0.46865776,0.53532934,,0.71954174,0.76470588,0.50000000,8.85780886,knowledge; epistemic; belief; justification; evidence,"Enkrasia or evidentialism? Learning to love mismatch | Reasons Fundamentalism and Rational Uncertainty – Comments on Lord, The Importance of Being Rational | The non-factive turn in epistemology: some hypotheses",0.70860980,True,False,False,False,False,True
direct_2d_historical_params,58,probability / confirmation / bayesian,300,0.00432277,,0.98950297,25,0.46666667,0.36240000,0.91843515,-0.07403657,0.44896269,38,0.10304325,0.16101580,0.06674345,0.00422421,0.00433459,0.57626027,below_0.60,19.00000000,0.16925273,0.06911344,,0.16249815,0.16666667,0.05555556,100.00000000,probability; confirmation; bayesian; belief; probabilistic,Probability and arguments: Keynes’s legacy | Probability and nonclassical logic | The puzzle of the changing past,0.35807723,True,True,False,True,True,True
direct_2d_historical_params,59,logic / logics / truth,712,0.01025937,,0.85574431,64,0.62187500,0.55375000,0.91768068,0.07063909,0.19748326,40,0.34678899,0.40371626,0.50829557,0.01024792,0.01027427,0.61870147,below_0.60,19.00000000,0.42442512,0.51438849,,0.55944049,0.64705882,0.18750000,31.60112360,logic; logics; truth; modal; logical,"Philosophical Logic: An Introduction to Advanced Topics, by George Englebretsen and Charles Sayward | Nelson’s logic ???? | Buying Logical Principles with Ontological Coin: The Metaphysical Lessons of Adding epsilon to Intuitionistic Logic",0.54349063,True,False,False,False,True,True
direct_2d_historical_params,60,modal / grounding / modality,659,0.00949568,,0.80874024,51,0.71633987,0.64980392,0.93225614,0.04410659,0.30707696,41,0.42051282,0.34664048,0.38814245,0.00924679,0.00933753,0.57111462,below_0.60,19.00000000,0.36439804,0.39581351,,0.43779155,0.46666667,0.06250000,52.65553869,modal; grounding; modality; truth; necessity,"Critical Notice of Stalnaker's ""Propositions: Ontology and Logic"" | Ontic Structural Realism and Modality | Review: Brian Leftow, God and Necessity",0.64030824,True,False,False,False,True,True
direct_2d_historical_params,61,political / democracy / democratic,2051,0.02955331,,0.94331541,177,0.75291902,0.71819209,0.92185836,0.11069677,0.20357364,26,0.19722975,0.38436378,0.36911794,0.02956060,0.02987889,0.71407503,below_0.60,19.00000000,0.40303763,0.43344069,,0.67032983,0.70588235,0.50000000,8.43490980,political; democracy; democratic; politics; liberalism,"Review of Horcher 2020, A Political Philosophy of Conservatism | Review of 'The Political Is Political: Conformity and the Illusion of Dissent in Contemporary Political Philosophy' by Lorna Finlayson. | History and normativity in political theory: the case of Rawls",0.68863878,True,False,False,False,False,True
direct_2d_historical_params,62,war / military / just war,261,0.00376081,,0.92222357,34,0.64705882,0.54000000,0.91064085,0.17015969,0.52641970,26,0.02549059,0.16299764,0.04820904,0.00384069,0.00388627,0.59004383,below_0.60,19.00000000,0.17137432,0.05481682,,0.17495416,0.18750000,0.05555556,100.00000000,war; military; just war; just; moral,"Civil War and Revolution | Routledge Handbook of Ethics and War: Just War Theory in the Twenty‐first Century | National Defence, Self Defence, and the Problem of Political Aggression",0.53623919,True,False,False,False,True,True
historical_display_2d_104,0,disability / children / disabilities,220,0.00317003,,0.93105803,21,0.57460317,0.43238095,0.86488918,0.01664511,0.33084169,5,0.06809407,1.00000000,1.00000000,1.00000000,1.00000000,1.00000000,at_least_0.85,,,,False,1.00000000,1.00000000,1.00000000,0.00000000,disability; children; disabilities; care; disabled,"Philosophy and the Apparatus of Disability | The Minority Body: A Theory of Disability, by Elizabeth Barnes | The Picture Theory of Disability",0.42921092,False,False,False,False,False,False
historical_display_2d_104,1,games / game / cloud,274,0.00394813,,0.93959905,17,0.50196078,0.37294118,0.83270340,-0.56716795,0.39447626,16,0.18416523,1.00000000,1.00000000,1.00000000,1.00000000,1.00000000,at_least_0.85,,,,False,1.00000000,1.00000000,1.00000000,0.00000000,games; game; cloud; children; child,"Games: Agency as Art. By C. THI NGUYEN. (New York: Oxford University Press, 2020. Pp. viii + 244. Price £22.99, US $35.00.) | Games and the art of agency | Playing the Hobbes Game at Philosophy Camp",0.36899305,False,True,True,True,False,True
historical_display_2d_104,2,emotions / emotion / emotional,218,0.00314121,,0.92739192,18,0.67777778,0.58777778,0.92894374,0.10574377,0.17890751,28,0.31988042,1.00000000,1.00000000,1.00000000,1.00000000,1.00000000,at_least_0.85,,,,False,1.00000000,1.00000000,1.00000000,0.00000000,emotions; emotion; emotional; feeling; affective,"Arguments from the Priority of Feeling in Contemporary Emotion Theory and Max Scheler’s Phenomenology | Review of Christine Tappolet, Emotions, Values and Agency (Oxford University Press, 2016) | Emotions: Philosophical Issues About",0.58463657,False,False,False,False,False,False
historical_display_2d_104,3,intelligence / artificial / depiction,161,0.00231988,,1.00000000,10,0.44000000,0.26000000,0.89851731,-0.25587479,0.33855292,18,0.08920607,0.98722422,1.00000000,0.94736842,0.95010280,1.00000000,at_least_0.85,,,,False,0.98727860,1.00000000,1.00000000,0.00000000,intelligence; artificial; depiction; ai; artificial intelligence,"The Hermeneutics of Artificial Intelligence | Artificial Intelligence and Contemporary Philosophy: Heidegger, Jonas, and Slime Mold | AI, Situatedness, Creativity, and Intelligence; or the Evolution of the Little Hearing Bones",0.25768012,False,True,True,True,False,True
historical_display_2d_104,4,social / controllers / controller,180,0.00259366,,1.00000000,18,0.72962963,0.57888889,0.82613868,0.03095096,0.38949361,26,0.00009944,1.00000000,1.00000000,1.00000000,1.00000000,1.00000000,at_least_0.85,,,,False,1.00000000,1.00000000,1.00000000,0.00000000,social; controllers; controller; control; using,Purely Logical Philosophy In An Isolated System | Objectivity in the Human and Behavioral Sciences [Chapter 4 of Objectivity] | Introduction,0.57629523,False,False,False,False,False,False
historical_display_2d_104,5,vagueness / vague / chemistry,200,0.00288184,,0.98906324,17,0.59607843,0.34352941,0.87212361,-0.30118035,0.46644270,3,0.01289043,1.00000000,1.00000000,1.00000000,1.00000000,1.00000000,at_least_0.85,,,,False,1.00000000,1.00000000,1.00000000,0.00000000,vagueness; vague; chemistry; indeterminacy; order vagueness,Real Vagueness | Why the Vagueness Paradox is Amazing | Vagueness,0.34064757,False,True,True,True,False,True
historical_display_2d_104,6,brain / enhancement / warfare,258,0.00371758,,0.84534162,18,0.56296296,0.28222222,0.85605359,-0.26878601,0.41706610,10,0.08702290,0.94253024,0.93188795,0.88177340,0.88440991,0.99273804,at_least_0.85,,,,False,0.94545364,1.00000000,0.61410256,5.81395349,brain; enhancement; warfare; self; authenticity,An aristotelian approach to cognitive enhancement | Neuroethics | Autonomy and the Limits of Cognitive Enhancement,0.27850464,False,True,True,True,False,True
historical_display_2d_104,7,animal / animals / animal rights,407,0.00586455,,0.85193924,36,0.74629630,0.64611111,0.91269607,0.12635250,0.33262423,13,0.60155039,0.99046791,0.99702807,0.93732194,0.94334402,1.00000000,at_least_0.85,,,,False,1.00000000,1.00000000,1.00000000,0.00000000,animal; animals; animal rights; moral; rights,"Animals, Misanthropy, and Humanity | How to Help when It Hurts: The Problem of Assisting Victims of Injustice | Animal Rights and the Wrongness of Killing",0.64024656,False,False,False,False,False,False
historical_display_2d_104,8,science / scientific / philosophy science,328,0.00472622,,0.70822154,34,0.51960784,0.41294118,0.92371323,-0.00114295,0.23992075,3,0.00046083,0.92351092,0.92411154,0.90688259,0.90893189,0.94342499,at_least_0.85,,,,False,0.92378049,1.00000000,1.00000000,7.62195122,science; scientific; philosophy science; philosophy; scientism,"Circles of Scientific Practice: Regressus, Mathēsis, Denkstil | Blindness in pursuit of science (A Companion to the Philosophy of Science Editor - W. H. Newton-Smith) | HOPOS and the Paradigm Shifts of Philosophy",0.40821495,False,False,False,False,False,False
historical_display_2d_104,9,war / fairness / algorithmic,151,0.00217579,,0.99998627,19,0.51578947,0.30526316,0.82855941,-0.42879702,0.34762278,26,0.00521251,0.24803150,0.00000000,0.00000000,0.00000000,1.00000000,below_0.60,,,,False,0.26106636,0.26666667,0.21052632,100.00000000,war; fairness; algorithmic; reasoning; algorithmic fairness,A Challenge to the Reigning Theory of the Just War | War and Moral Consistency | Just Cause and 'Right Intention',0.30308737,True,True,True,True,True,True
historical_display_2d_104,10,economics / economic / austrian,280,0.00403458,,0.69637443,20,0.51333333,0.36200000,0.90654238,-0.20111978,0.21459091,26,0.01681850,0.95222992,1.00000000,0.84304933,0.85769099,1.00000000,at_least_0.85,,,,False,0.95336386,1.00000000,0.68750000,0.00000000,economics; economic; austrian; social; methodological,What is economics for? | Editorial introduction | Austrian Economics and Austrian Philosophy,0.35796542,False,True,True,True,False,True
historical_display_2d_104,11,patients / study / disease,231,0.00332853,,0.76946122,15,0.44000000,0.25466667,0.77351412,-0.15877329,0.18972504,5,0.05201516,0.93775972,0.93523637,0.91304348,0.91953107,0.96193588,at_least_0.85,,,,False,0.95642926,1.00000000,1.00000000,4.76190476,patients; study; disease; results; sound,"Understanding and Calculating the Odds: Probability Theory Basics and Calculus Guide for Beginners, with Applications in Games of Chance and Everyday Life | What Science Knows: And How It Knows It | Neurological, Digestive, and Nephrological Emergencies in Pediatric Medicine",0.25133814,False,True,True,True,False,True
historical_display_2d_104,12,abortion / genetic / human,564,0.00812680,,0.99218795,51,0.76470588,0.65333333,0.88450757,-0.03567407,0.39346814,5,0.19893805,1.00000000,1.00000000,1.00000000,1.00000000,1.00000000,at_least_0.85,,,,False,1.00000000,1.00000000,1.00000000,0.00000000,abortion; genetic; human; reproductive; pregnancy,"_Bioethics in Canada_ | _Bioethics in Canada_, second edition | Review of Jürgen Habermas, 'The Future of Human Nature'",0.64520653,False,False,False,False,False,False
historical_display_2d_104,13,sport / sports / game,257,0.00370317,,0.82324387,30,0.87111111,0.81000000,0.91164119,0.03409436,0.47766161,16,0.60911271,1.00000000,1.00000000,1.00000000,1.00000000,1.00000000,at_least_0.85,,,,False,1.00000000,1.00000000,1.00000000,0.00000000,sport; sports; game; sporting; athletes,"Champions in the Age of COVID-19 | Intensity and the Sublime: Paying Attention to Self and Environment in Nature Sports | Football is ""the most important of the least important things"": The Illusion of Sport and COVID-19",0.80629683,False,False,False,False,False,False
historical_display_2d_104,14,conditionals / counterfactuals / conditional,230,0.00331412,,0.94197750,16,0.77083333,0.64375000,0.92171312,-0.15224732,0.45195678,39,0.00634921,0.86798108,0.92178527,0.62592593,0.62728535,0.99750000,at_least_0.85,,,,False,0.94313924,1.00000000,1.00000000,7.39130435,conditionals; counterfactuals; conditional; indicative; indicative conditionals,New surprises for the Ramsey Test | Reasonable Inferences for Counterfactuals | The Inextricable Link Between Conditionals and Logical Consequence,0.64043588,False,False,True,True,False,True
historical_display_2d_104,15,sexual / sex / marriage,383,0.00551873,,0.84432822,29,0.48965517,0.39793103,0.89259703,0.02033175,0.42611805,26,0.02846832,1.00000000,1.00000000,1.00000000,1.00000000,1.00000000,at_least_0.85,,,,False,1.00000000,1.00000000,1.00000000,0.00000000,sexual; sex; marriage; consent; rape,Virgin vs. Chad: On Enforced Monogamy as a Solution to the Incel Problem | Sexual Violence and Carceral Logic | Dumbfounded by the Facts? Understanding the Moral Psychology of Sexual Relationships,0.39241230,False,True,False,True,False,True
historical_display_2d_104,16,democracy / democratic / design,243,0.00350144,,0.77791612,28,0.75238095,0.52714286,0.88904626,-0.07887630,0.39589110,26,0.01862104,0.86741498,0.82860999,0.80904523,0.81008038,1.00000000,at_least_0.85,,,,False,0.87428439,1.00000000,0.33333333,17.28395062,democracy; democratic; design; political; voting,Can deliberation neutralise power? | The Epistemic Value of Democratic Deliberation | James Johnson and Jack Knight. _The Priority of Democracy: Political Consequences of Pragmatism_.,0.52364142,False,False,False,False,False,False
historical_display_2d_104,17,study / employees / leadership,341,0.00491354,,0.82621413,34,0.65098039,0.55294118,0.86105460,0.11911410,0.37817696,26,0.03358284,0.99061136,0.99246488,0.98127341,0.98143692,0.99828520,at_least_0.85,,,,False,0.99312258,1.00000000,1.00000000,0.58651026,study; employees; leadership; organizational; management,Job Satisfaction and Dissatisfaction as Outcomes of Psychological Contract: Evidence from the South African Workplace | The Dark Side of Human Resource Management: The Story behind the Story | Managers are from Mars. Employees are from Venus,0.54802763,False,False,False,False,False,False
historical_display_2d_104,18,memory / episodic / remembering,181,0.00260807,,0.96458619,19,0.68421053,0.61684211,0.92750735,0.21143287,0.48261639,19,0.66541353,0.93884768,0.93684133,0.91549296,0.92008959,0.96711806,at_least_0.85,,,,False,0.94111818,1.00000000,1.00000000,5.52486188,memory; episodic; remembering; episodic memory; past,Memory: A Self-Referential Account | Episodic memory without autonoetic consciousness | Is external memory memory? Biological memory and extended mind,0.61423404,False,False,False,False,False,False
historical_display_2d_104,19,virtual / reality / technological,272,0.00391931,,0.84622328,28,0.48333333,0.31928571,0.86962512,-0.03602196,0.19430254,17,0.08641975,0.95531961,1.00000000,0.55112219,0.55309237,1.00000000,at_least_0.85,,,,False,1.00000000,1.00000000,1.00000000,0.00000000,virtual; reality; technological; design; technology,"Technology Philosophical Assessment | Self-Absorption in the Digital Era: A Review of ""Self-Improvement Technologies of the Soul in the Age of Artificial Intelligence"" by Mark Coeckelbergh | Longing for Transcendence: Cyborgs, Trans- and Posthumans",0.31536641,False,True,False,True,False,True
historical_display_2d_104,20,skill / cognitive / cognition,160,0.00230548,,1.00000000,17,0.34509804,0.21411765,0.88896890,-0.33118728,0.23528971,3,0.03997923,0.92974793,1.00000000,0.29675810,0.29744325,1.00000000,at_least_0.85,,,,False,0.90786066,0.89473684,0.86666667,0.00000000,skill; cognitive; cognition; aristotle; distributed cognition,"A Natural History of Natural Theology: The Cognitive Science of Theology and Philosophy of Religion | A taste for the infinite: What philosophy of biology can tell us about religious belief | REVIEW: James R. Brown, Laboratory of the Mind",0.21181217,False,True,True,True,False,True
historical_display_2d_104,21,forgiveness / moral / forgive,260,0.00374640,,0.80852847,26,0.75641026,0.64230769,0.88180904,-0.06977523,0.16398740,1,0.61027190,1.00000000,1.00000000,1.00000000,1.00000000,1.00000000,at_least_0.85,,,,False,1.00000000,1.00000000,1.00000000,0.00000000,forgiveness; moral; forgive; argue; nietzsche,Partiality and the significance of shared history | Dennis R. Alexander and Ronald L. Numbers : Biology and Ideology: From Descartes to Dawkins | Metaphysical libertarianism and the epistemology of testimony,0.63856129,False,False,False,False,False,False
historical_display_2d_104,22,neutrosophic / set / sets,242,0.00348703,,0.83967818,23,0.91884058,0.85565217,0.88601021,0.22876795,0.52671814,0,0.89300412,1.00000000,1.00000000,1.00000000,1.00000000,1.00000000,at_least_0.85,,,,False,1.00000000,1.00000000,1.00000000,0.00000000,neutrosophic; set; sets; fuzzy; neutrosophic set,An Overview of Neutrosophic and Plithogenic Theories and Applications | Degrees of Membership > 1 and < 0 of the Elements with Respect to a Neutrosophic OffSet | Neutrosophic logics: prospects and problems,0.85216514,False,False,False,False,False,False
historical_display_2d_104,23,decision / decision theory / choice,400,0.00576369,,0.73524571,41,0.63739837,0.49024390,0.91781666,0.04999470,0.36373183,34,0.46890756,0.99937971,1.00000000,0.99684543,0.99686410,1.00000000,at_least_0.85,,,,False,1.00000000,1.00000000,1.00000000,0.00000000,decision; decision theory; choice; theory; utility,Normative Decision Theory | Taking Stock of Infinite Value: Pascal’s Wager and Relative Utilities | Decision Theory,0.48448021,False,False,False,False,False,False
historical_display_2d_104,24,philosophy / book / new,222,0.00319885,,0.87112465,22,0.47878788,0.38727273,0.91173170,-0.08760372,0.03738546,21,0.36257310,1.00000000,1.00000000,1.00000000,1.00000000,1.00000000,at_least_0.85,,,,False,1.00000000,1.00000000,1.00000000,0.00000000,philosophy; book; new; world; nature,"Leibniz Reinterpreted | Epistemology at 20,000 Feet | The Oxford Handbook of David Hume",0.38407388,False,True,False,True,False,True
historical_display_2d_104,25,ontology / ontologies / biomedical,224,0.00322767,,0.99985738,20,0.55333333,0.37900000,0.87821918,0.16529587,0.22924702,21,0.19829060,0.99917501,1.00000000,0.99425287,0.99442900,1.00000000,at_least_0.85,,,,False,1.00000000,1.00000000,1.00000000,0.00000000,ontology; ontologies; biomedical; data; analysis,"Texas Hold'em Poker Odds for Your Strategy, with Probability-Based Hand Analyses | On Professor Young, Again | Self-Knowledge",0.37577233,False,True,False,True,False,True
historical_display_2d_104,26,collective / group / groups,289,0.00416427,,0.72853211,19,0.70877193,0.57052632,0.90657415,0.05666157,0.21276838,15,0.68135593,0.86875041,0.86831710,0.84978541,0.85009033,0.88713551,at_least_0.85,,,,False,0.87133455,1.00000000,0.00000000,12.80276817,collective; group; groups; agency; trust,Why We Need a New Normativism about Collective Action | Collectives’ and individuals’ obligations: a parity argument | Response to LÖhr: Why We Still Need a New Normativism,0.56636205,False,False,False,False,False,False
historical_display_2d_104,27,names / ontology / ontologies,283,0.00407781,,1.00000000,30,0.60444444,0.46266667,0.86971284,-0.26546594,0.25348845,2,0.25272727,0.86898898,0.87111111,0.79452055,0.79878268,1.00000000,at_least_0.85,,,,False,0.86867937,1.00000000,0.20000000,13.07420495,names; ontology; ontologies; biomedical; reference,Classifying Processes: An Essay in Applied Ontology | Ontological realism: A methodology for coordinated evolution of scientiﬁc ontologies | The Ontology of Tendencies and Medical Information Sciences,0.45858886,False,False,True,True,False,True
historical_display_2d_104,28,ai / artificial / intelligence,422,0.00608069,,0.84051683,45,0.54814815,0.44711111,0.84858479,0.12126097,0.21106683,18,0.31034483,0.96906624,0.96890595,0.96358543,0.96371368,0.97601964,at_least_0.85,,,,False,0.97112969,1.00000000,1.00000000,3.08056872,ai; artificial; intelligence; robots; artificial intelligence,Anthropomorphism in AI: Hype and Fallacy | The rise of artificial intelligence and the crisis of moral passivity | Shortcuts to Artificial Intelligence,0.44103042,False,False,False,False,False,False
historical_display_2d_104,29,action / intention / actions,201,0.00289625,,0.97798277,23,0.52173913,0.36869565,0.92878084,0.10444975,0.16504045,27,0.03588291,0.99661752,0.99418585,0.99350649,0.99354604,1.00000000,at_least_0.85,,,,False,1.00000000,1.00000000,1.00000000,0.00000000,action; intention; actions; intentions; agency,Rationality in Action: A Symposium | Interpreting Anscombe’s Intention §32FF | Actions and questions,0.36579940,False,True,False,True,False,True
historical_display_2d_104,30,composition / identity / composition identity,305,0.00439481,,0.86612970,32,0.59791667,0.46812500,0.90688284,-0.03349832,0.53530526,25,0.73529412,1.00000000,1.00000000,1.00000000,1.00000000,1.00000000,at_least_0.85,,,,False,1.00000000,1.00000000,1.00000000,0.00000000,composition; identity; composition identity; mereological; parts,"Composition, Persistence, and Identity | Persistence, composition, and identity | Simples",0.46373019,False,False,False,False,False,False
historical_display_2d_104,31,education / students / learning,2226,0.03207493,,0.96455231,191,0.81116928,0.77162304,0.87138219,0.15577773,0.24073797,26,0.21589311,1.00000000,1.00000000,1.00000000,1.00000000,1.00000000,at_least_0.85,,,,False,1.00000000,1.00000000,1.00000000,0.00000000,education; students; learning; study; teaching,China Confronts Kant When University Students Experience the Angst of Freedom | Rousseau’s lawgiver as teacher of peoples: Investigating the educational preconditions of the social contract | The Paralysis of Traditional Schools and the Future of Education,0.73954811,False,False,False,False,False,False
historical_display_2d_104,32,fiction / conspiracy / fictional,368,0.00530259,,0.89850706,23,0.73333333,0.58782609,0.91320171,-0.35010440,0.43234590,27,0.03522727,0.94088605,1.00000000,0.68728522,0.69680035,1.00000000,at_least_0.85,,,,False,0.94034008,1.00000000,0.77777778,0.00000000,fiction; conspiracy; fictional; error; moral,The Return of Moral Fictionalism | Moral Beliefs for the Error Theorist? | Metaethics & the autonomy of morality,0.58252349,False,False,True,True,False,True
historical_display_2d_104,33,evolutionary / evolution / biology,725,0.01044669,,0.87895409,66,0.76565657,0.72757576,0.91751564,0.20708628,0.21568881,3,0.38735818,1.00000000,1.00000000,1.00000000,1.00000000,1.00000000,at_least_0.85,,,,False,1.00000000,1.00000000,1.00000000,0.00000000,evolutionary; evolution; biology; selection; species,"Book Notice of Rosenberg & Arp (eds) Philosophy of Biology: An Anthology | Symbiosis, History of | Evolutionary Causation: Biological and Philosophical Reflections. Vienna Series in Theoretical Biology edited by Tobias Uller and Kevin N. Laland",0.71712907,False,False,False,False,False,False
historical_display_2d_104,34,induction / emotions / emotion,264,0.00380403,,0.73553816,15,0.63555556,0.40533333,0.88844452,-0.27048071,0.39305750,28,0.17594937,1.00000000,1.00000000,1.00000000,1.00000000,1.00000000,at_least_0.85,,,,False,1.00000000,1.00000000,1.00000000,0.00000000,induction; emotions; emotion; affective; moods,"Enaction, Sense-Making and Emotion | Affective ignorance | Proper embodiment: the role of the body in affect and cognition",0.40152930,False,False,True,True,False,True
historical_display_2d_104,35,free / determinism / freedom,448,0.00645533,,0.77778977,33,0.72121212,0.61030303,0.92460337,0.12060544,0.30761465,27,0.09393439,0.99621372,0.99720279,0.96978022,0.97999217,1.00000000,at_least_0.85,,,,False,0.99846540,1.00000000,1.00000000,0.22321429,free; determinism; freedom; compatibilism; responsibility,Incompatibilism and the Principle of Sufficient Reason in Kant’s _Nova Dilucidatio_ | The Philosophy of Free Will: Essential Readings From the Contemporary Debates | Free Will: Real or Illusion - A Debate,0.60384770,False,False,False,False,False,False
historical_display_2d_104,36,biology / biological / life,527,0.00759366,,0.76223219,43,0.56744186,0.41813953,0.88689772,0.09769764,0.21939386,3,0.27350887,1.00000000,1.00000000,1.00000000,1.00000000,1.00000000,at_least_0.85,,,,False,1.00000000,1.00000000,1.00000000,0.00000000,biology; biological; life; emergence; systems,A Manifesto for a Processual Philosophy of Biology | Life in a Physical World: The Place of the Life Sciences | Review of Biological Autonomy by Alvaro Moreno and Matteo Mossio,0.41054587,False,False,False,False,False,False
historical_display_2d_104,37,god / religious / belief,206,0.00296830,,0.99510660,18,0.67407407,0.57444444,0.95072044,0.03068393,0.24073581,36,0.06493506,1.00000000,1.00000000,1.00000000,1.00000000,1.00000000,at_least_0.85,,,,False,1.00000000,1.00000000,1.00000000,0.00000000,god; religious; belief; faith; theism,"The Phenomenal Conservative Approach to Religious Epistemology | Belief, Resistance, and Grace: Stump on Divine Hiddenness | Review of Sobel's *Logic and Theism*",0.57147614,False,False,False,False,False,False
historical_display_2d_104,38,research / science / scientific,306,0.00440922,,0.87428837,16,0.55000000,0.33625000,0.88083623,-0.05833664,0.31421569,6,0.81846154,1.00000000,1.00000000,1.00000000,1.00000000,1.00000000,at_least_0.85,,,,False,1.00000000,1.00000000,1.00000000,0.00000000,research; science; scientific; publishing; academic,For the Common Good: Philosophical Foundations of Research Ethics | Digital Literature Analysis for Empirical Philosophy of Science | The Distribution of Ethical Labor in the Scientific Community,0.33184078,False,True,False,True,False,True
historical_display_2d_104,39,analytic / philosophy / analytic philosophy,216,0.00311239,,0.87198669,16,0.73333333,0.62875000,0.95806774,-0.17824091,0.20131968,35,0.47989276,0.89545910,0.96675262,0.24366197,0.24933509,0.97784223,at_least_0.85,,,,False,0.89390249,0.88888889,0.86666667,0.92592593,analytic; philosophy; analytic philosophy; wittgenstein; quine,"Review of Science and Sensibilia | Cavell and the ""History of the Rejection of the Human"" | A Reconstruction of Russell's Gray's Elegy Argument",0.62563761,False,False,True,True,False,True
historical_display_2d_104,40,language / meaning / linguistic,617,0.00889049,,0.83911213,49,0.52517007,0.42040816,0.89792482,0.04100364,0.19902186,39,0.14582517,0.95974289,0.98813046,0.69207773,0.69584081,0.99413435,at_least_0.85,,,,False,0.99980337,1.00000000,1.00000000,0.00000000,language; meaning; linguistic; philosophy; wittgenstein,"Words Underway: Continental Philosophy of Language | The Limits of Silence: Descartes, Heidegger, and Wittgenstein on Philosophy and Ordinary Language | The Refutation of Saussure’s Signification Theory as a Foundation for Interreligious Dialogue",0.41151767,False,False,False,False,False,False
historical_display_2d_104,41,disagreement / ontology / ontologies,271,0.00390490,,0.99985620,27,0.42962963,0.26740741,0.87487040,-0.19196510,0.12408329,2,0.20677362,0.82272098,1.00000000,0.15372425,0.23385944,1.00000000,0.75_to_0.85,,,,False,0.75228345,0.75000000,0.68750000,0.00000000,disagreement; ontology; ontologies; trust; epistemic,The Epistemology of Disagreement: New Essays By David Christensen and Jennifer Lackey | Disagreement and Philosophical Progress | Why Disagreement-Based Skepticism cannot Escape the Challenge of Self-Defeat,0.26350251,False,True,True,True,False,True
historical_display_2d_104,42,scientific / science / realism,544,0.00783862,,0.85139526,38,0.75614035,0.63210526,0.93428625,0.06530806,0.21692264,9,0.62962963,0.92487997,1.00000000,0.66464340,0.66609617,1.00000000,at_least_0.85,,,,False,1.00000000,1.00000000,1.00000000,0.00000000,scientific; science; realism; scientific realism; naturalism,"Scientific Realism | Re-enchanting Realism in Debate with Kyle Stanford | An empiricist regarding science, an empiricist regarding representation",0.62426665,False,False,False,False,False,False
historical_display_2d_104,43,health / research / medical,527,0.00759366,,0.81040663,37,0.66306306,0.56054054,0.86899246,0.12696990,0.22738034,5,0.18584071,1.00000000,1.00000000,1.00000000,1.00000000,1.00000000,at_least_0.85,,,,False,1.00000000,1.00000000,1.00000000,0.00000000,health; research; medical; medicine; clinical,"The 50th Anniversary of the Declaration of Helsinki: Progress but Many Remaining Challenges | Rationing, Responsibility, and Vaccination during COVID-19: A Conceptual Map | An Ethical Framework for Presenting Scientific Results to Policy-Makers",0.55294688,False,False,False,False,False,False
historical_display_2d_104,44,ai / intelligence / artificial,277,0.00399135,,0.86739095,19,0.64561404,0.51894737,0.90160813,0.12795893,0.20628144,18,0.25187266,1.00000000,1.00000000,1.00000000,1.00000000,1.00000000,at_least_0.85,,,,False,1.00000000,1.00000000,1.00000000,0.00000000,ai; intelligence; artificial; artificial intelligence; systems,A united framework of five principles for AI in society | New developments in the philosophy of AI | Human Autonomy in the Age of Artificial Intelligence,0.51495601,False,False,False,False,False,False
historical_display_2d_104,45,music / musical / improvisation,219,0.00315562,,0.94022483,13,0.75897436,0.73230769,0.91961604,-0.15373414,0.47154966,32,0.64457831,0.99321871,0.99425287,0.98816568,0.98819875,1.00000000,at_least_0.85,,,,False,0.99597099,1.00000000,1.00000000,0.45662100,music; musical; improvisation; listening; emotions,"The Varieties of Musical Experience | Review of Simon Høffding, _A Phenomenology of Musical Absorption_, Cham: Palgrave Macmillan 2019 | Music, Cage's Silence, and Art: An interview with Stephen Davies, PhD",0.72915207,False,False,True,True,False,True
historical_display_2d_104,46,intuitions / experimental philosophy / experimental,205,0.00295389,,0.99781123,21,0.54285714,0.34761905,0.90081886,-0.07765647,0.23294501,18,0.01362179,0.92324506,0.91318547,0.89696970,0.89899551,0.99117225,at_least_0.85,,,,False,0.92358384,1.00000000,1.00000000,8.29268293,intuitions; experimental philosophy; experimental; philosophy; virtue,"Philosophy's New challenge: Experiments and Intentional Action | Book Review of Alexander, Joshua. Experimental Philosophy: An Introduction | Virtue, Intuition, and Philosophical Methodology",0.34466516,False,True,False,True,False,True
historical_display_2d_104,47,explanation / causal / causation,614,0.00884726,,0.87271718,41,0.62601626,0.52097561,0.91866836,0.12452394,0.15737157,8,0.39951865,1.00000000,1.00000000,1.00000000,1.00000000,1.00000000,at_least_0.85,,,,False,1.00000000,1.00000000,1.00000000,0.00000000,explanation; causal; causation; explanations; explanatory,Because without Cause: Non-Causal Explanations in Science and Mathematics | Purposeful Explanation and Causal Gaps | The Causal Economy Approach to Scientific Explanation,0.51212835,False,False,False,False,False,False
historical_display_2d_104,48,contextualism / knowledge / pragmatic,169,0.00243516,,0.99219000,9,0.65185185,0.40444444,0.93143527,0.05732895,0.53406358,39,0.05140187,1.00000000,1.00000000,1.00000000,1.00000000,1.00000000,at_least_0.85,,,,False,1.00000000,1.00000000,1.00000000,0.00000000,contextualism; knowledge; pragmatic; pragmatic encroachment; epistemic,"""Knowledge First"" and Its Limits | Stanley's Three Flaws | Knowledge and Skepticism",0.40200929,False,False,False,False,False,False
historical_display_2d_104,49,health / public / healthcare,291,0.00419308,,0.70054999,31,0.46236559,0.35290323,0.88076571,0.07481202,0.18419276,5,0.09996468,0.83642241,0.83367911,0.80821918,0.81372948,0.86423295,0.75_to_0.85,,,,False,0.84661186,1.00000000,0.00000000,15.12027491,health; public; healthcare; care; public health,"Beneficence, Justice, and Health Care | Putting a number on the harm of death | Still Special, despite Everything: A Liberal Defence of the Value of Healthcare in the Face of the Social Determinants of Health",0.34871014,False,True,False,True,False,True
historical_display_2d_104,50,covid / covid 19 / pandemic,168,0.00242075,,0.96714117,13,0.59487179,0.44461538,0.89335691,0.26003863,0.30454320,5,0.05614407,0.99694858,1.00000000,0.99186992,0.99199155,1.00000000,at_least_0.85,,,,False,0.99682540,1.00000000,1.00000000,0.59523810,covid; covid 19; pandemic; 19; 19 pandemic,"GLOBAL PANDEMIC JUSTICE. INTRODUCTION PANDEMIC JUSTICE FOR AND FROM LATIN AMERICA | Caution: There is No COVID 19 Article in this Issue | Of Sheeple and People: Echo Chambers, Pseudo-experts and the Corona Crisis",0.44219464,False,False,False,False,False,False
historical_display_2d_104,51,modal / modality / worlds,343,0.00494236,,0.92184655,29,0.74252874,0.67241379,0.94161038,0.13273387,0.28572097,41,0.57768924,1.00000000,1.00000000,1.00000000,1.00000000,1.00000000,at_least_0.85,,,,False,1.00000000,1.00000000,1.00000000,0.00000000,modal; modality; worlds; possibility; necessity,"New Directions in the Epistemology of Modality: Introduction | Review: Brian Leftow, God and Necessity | How to Be a Modal Realist",0.66747143,False,False,False,False,False,False
historical_display_2d_104,52,causation / causal / cause,374,0.00538905,,0.64396519,33,0.45050505,0.32121212,0.87967473,-0.10936748,0.14920779,8,0.15087282,1.00000000,1.00000000,1.00000000,1.00000000,1.00000000,at_least_0.85,,,,False,1.00000000,1.00000000,1.00000000,0.00000000,causation; causal; cause; causes; hume,"EFFICIENT CAUSATION – A HISTORY. Edited by Tad M. Schmaltz. Oxford Philosophical Concepts. Oxford New York: Oxford University Press | Roman Ingarden’s Theory of Causation Revised | Review of Mumford and Anjum, Getting Causes from Powers",0.31582307,False,True,True,True,False,True
historical_display_2d_104,53,technology / technological / technologies,314,0.00452450,,0.86353387,30,0.68666667,0.57200000,0.90755631,0.12297766,0.16711794,17,0.23434992,0.89840301,0.98346995,0.25025329,0.25037385,0.99620000,at_least_0.85,,,,False,0.88669552,0.88888889,0.85714286,1.27388535,technology; technological; technologies; philosophy technology; human,Technology Ethics: Responsible Innovation and Design Strategies | Prometheus' Legacy: Responsibility and Technology | Is Technology Value-Neutral?,0.56747550,False,False,False,False,False,False
historical_display_2d_104,54,media / digital / privacy,822,0.01184438,,0.78669071,57,0.59298246,0.46315789,0.86853657,0.04914383,0.22469084,17,0.54298643,0.92189337,0.96074265,0.67578521,0.67803774,0.98477134,at_least_0.85,,,,False,0.95641545,1.00000000,0.88235294,2.79805353,media; digital; privacy; social; information,"Not Just A Tool: Why Social-Media Use Is Bad and Bad For Us, and The Duty to Quit | The information society and its philosophy: introduction to the special issue on the philosophy o information, its nature, and future developments | Information Privacy and Social Self-Authorship",0.45131351,False,False,False,False,False,False
historical_display_2d_104,55,evil / god / problem evil,178,0.00256484,,0.94761985,17,0.57254902,0.39764706,0.93817276,0.07913947,0.26405463,36,0.03459530,0.89334796,0.89349839,0.87671233,0.87800447,0.90379547,at_least_0.85,,,,False,0.89101124,1.00000000,0.00000000,10.67415730,evil; god; problem evil; theism; divine,"Langtry on God, the Best and Evil: Review Discussion of Bruce Langtry, God, the Best and Evil, Oxford, UK: Oxford University Press, 2008, ISBN 978-0-19-923879-8, hb, ix+237pp | The Problem of Evil and Replies to Some Important Responses | Is There a Right to Hope that God Exists?",0.39508222,False,True,False,True,False,True
historical_display_2d_104,56,memory / altruism / dreaming,261,0.00376081,,0.88821167,30,0.43555556,0.24533333,0.88837752,-0.35364464,0.34344205,19,0.11276596,0.99402278,0.99521520,0.98095238,0.98099526,1.00000000,at_least_0.85,,,,False,0.99351288,1.00000000,1.00000000,0.76628352,memory; altruism; dreaming; effective altruism; effective,"On Making Sense of Oneself: Reflections on Julian Barnes's The Sense of an Ending | Imagine what it feels like | The Legacy of Humeanism: Unity of Mind, Temporal Awareness, and Personal Identity",0.24157253,False,True,True,True,False,True
historical_display_2d_104,57,aristotle / probability / analytics,249,0.00358790,,0.99167917,17,0.50588235,0.35058824,0.90800462,-0.23815981,0.51338512,38,0.04188211,1.00000000,1.00000000,1.00000000,1.00000000,1.00000000,at_least_0.85,,,,False,1.00000000,1.00000000,1.00000000,0.00000000,aristotle; probability; analytics; posterior analytics; logic,Probability and arguments: Keynes’s legacy | Frank Plumpton Ramsey | European Computing and Philosophy,0.34700034,False,True,True,True,False,True
historical_display_2d_104,58,perception / perceptual / visual,1617,0.02329971,,0.94470765,156,0.84743590,0.80820513,0.91279052,0.07456894,0.27589583,24,0.68377724,0.87722792,0.89910125,0.70506912,0.71499475,0.93477338,at_least_0.85,,,,False,0.89617214,1.00000000,0.60666667,10.01855288,perception; perceptual; visual; experience; color,"The Disunity of Perception: An Introduction | Understanding How Experience ""seems"" | Hill on perceptual relativity and perceptual error",0.78490542,False,False,False,False,False,False
historical_display_2d_104,59,medical / euthanasia / care,537,0.00773775,,0.71586806,39,0.62222222,0.50461538,0.88884391,0.11528402,0.17663164,5,0.18226601,0.99745348,0.99767980,0.99528302,0.99529876,1.00000000,at_least_0.85,,,,False,1.00000000,1.00000000,1.00000000,0.00000000,medical; euthanasia; care; ethics; autonomy,Moral Relevance in the Concepts and Language of Human Synthetic Moral Enhancement | The Medical Ethics of Miracle Max | Toward an Ecological Bioethics,0.49687763,False,False,False,False,False,False
historical_display_2d_104,60,identity / personal identity / personal,336,0.00484150,,0.69276019,35,0.52571429,0.36800000,0.91347036,0.25492452,0.26567271,36,0.01093560,1.00000000,1.00000000,1.00000000,1.00000000,1.00000000,at_least_0.85,,,,False,1.00000000,1.00000000,1.00000000,0.00000000,identity; personal identity; personal; self; person,Does Theological Fatalism Rest on an Equivocation? | Self to self | Psychological Continuity and the Necessity of Identity,0.36315850,False,True,False,True,False,True
historical_display_2d_104,61,environmental / ecological / nature,881,0.01269452,,0.73388574,87,0.70881226,0.64689655,0.89387824,0.04694414,0.19919889,14,0.66230937,0.93435511,0.96346872,0.72867420,0.72868182,0.98322469,at_least_0.85,,,,False,0.98533662,1.00000000,1.00000000,0.79455165,environmental; ecological; nature; innovation; ethics,"The Philosophical Foundations of Ecological Civilization: A Manifesto for the Future | Review of Bryan Norton, Sustainable Values, Sustainable Change | Platonism, Nature and Environmental Crisis",0.63420203,False,False,False,False,False,False
historical_display_2d_104,62,food / agriculture / meat,185,0.00266571,,0.98315090,17,0.63921569,0.49058824,0.89030286,0.02718291,0.45857930,13,0.26127527,0.89762014,0.98674974,0.14080164,0.14107263,0.99357164,at_least_0.85,,,,False,0.89414231,0.88888889,0.85714286,1.08108108,food; agriculture; meat; agricultural; animals,"Lowering the consumption of animal products without sacrificing consumer freedom – a pragmatic proposal | Food, Animals, and the Environment: An Ethical Approach; By Christopher Schlottmann and Jeff Sebo | Save the Meat for Cats: Why It’s Wrong to Eat Roadkill",0.48792253,False,False,False,False,False,False
historical_display_2d_104,63,consciousness / mind / self,3379,0.04868876,,0.94386284,259,0.75418275,0.70841699,0.90768235,0.10162442,0.09717827,23,0.33844818,0.99281657,0.99483261,0.98511351,0.98526195,0.99818343,at_least_0.85,,,,False,0.99391571,1.00000000,1.00000000,0.20716188,consciousness; mind; self; cognitive; brain,"Naturalism and the First-Person Perspective, by Lynne Rudder Baker | Philosophy of Mind: Classical and Contemporary Readings (second edition) | What hard problem?",0.65972823,False,False,False,False,False,False
historical_display_2d_104,64,consciousness / animal / evolution,256,0.00368876,,0.96143499,14,0.48095238,0.34857143,0.92127631,0.08560486,0.16641694,3,0.00238777,1.00000000,1.00000000,1.00000000,1.00000000,1.00000000,at_least_0.85,,,,False,1.00000000,1.00000000,1.00000000,0.00000000,consciousness; animal; evolution; animals; mind,Review of The New Wittgenstein-- Crary & Read Eds 403p (2000)(review revised 2019) | Review of The New Wittgenstein-- Crary & Read Eds. 403p (2000) | Review of The New Wittgenstein-- Crary & Read Eds 403p (2000),0.34488267,False,True,False,True,False,True
historical_display_2d_104,65,truth / grounding / truthmaker,333,0.00479827,,0.71647761,23,0.65217391,0.54869565,0.93901186,-0.06783966,0.28117421,27,0.00044267,1.00000000,1.00000000,1.00000000,1.00000000,1.00000000,at_least_0.85,,,,False,1.00000000,1.00000000,1.00000000,0.00000000,truth; grounding; truthmaker; truthmaking; pluralism,Ecumenical Truthmaking: A Précis of A Theory of Truthmaking | Truthmaking and Fundamentality | Primitivism about Truth,0.54389738,False,False,False,False,False,False
historical_display_2d_104,66,quantum / mechanics / physics,1854,0.02671470,,0.96050261,148,0.80000000,0.72567568,0.89266614,0.17710650,0.28985307,7,0.53673064,0.99969546,1.00000000,0.99931507,0.99931551,1.00000000,at_least_0.85,,,,False,0.99962659,1.00000000,1.00000000,0.05393743,quantum; mechanics; physics; quantum mechanics; theory,"The Cosmic Void | Philosophy of the Physical Sciences | The Andromeda Paradox, Bricolage, and Perspectival Realism",0.69896098,False,False,False,False,False,False
historical_display_2d_104,67,climate / climate change / change,309,0.00445245,,0.82391506,28,0.91190476,0.82214286,0.92900128,-0.00787097,0.39721921,12,0.93865031,1.00000000,1.00000000,1.00000000,1.00000000,1.00000000,at_least_0.85,,,,False,1.00000000,1.00000000,1.00000000,0.00000000,climate; climate change; change; carbon; emissions,"Climate Injustice: A Critical Review of 'What Do Climate Change Winners Owe, and to Whom?' | Collapse, Social Tipping Dynamics, and Framing Climate Change | Climate change and the duties of the disadvantaged: reply to Caney",0.81769041,False,False,False,False,False,False
historical_display_2d_104,68,epistemic / belief / knowledge,2646,0.03812680,,0.91254538,258,0.77545220,0.72372093,0.92242358,0.10999916,0.06826588,38,0.56954820,0.99228186,0.99580794,0.95896033,0.96011024,0.99885695,at_least_0.85,,,,False,0.99864411,1.00000000,1.00000000,0.07558579,epistemic; belief; knowledge; epistemology; beliefs,"Enkrasia or evidentialism? Learning to love mismatch | The non-factive turn in epistemology: some hypotheses | Reasons Fundamentalism and Rational Uncertainty – Comments on Lord, The Importance of Being Rational",0.68559413,False,False,False,False,False,False
historical_display_2d_104,69,evolutionary / evolution / debunking,263,0.00378963,,0.98329622,21,0.69523810,0.59047619,0.93331169,0.10214577,0.29694998,3,0.14084507,1.00000000,1.00000000,1.00000000,1.00000000,1.00000000,at_least_0.85,,,,False,1.00000000,1.00000000,1.00000000,0.00000000,evolutionary; evolution; debunking; moral; evolutionary debunking,"Evolution, Moral Justification, and Moral Realism | Evolutionary Ethics | The Cultural Evolution of Extended Benevolence",0.58668657,False,False,False,False,False,False
historical_display_2d_104,70,metaphysics / kant / philosophy,383,0.00551873,,0.87904249,31,0.26236559,0.18516129,0.90526920,-0.10074354,0.12495836,35,0.19833333,0.89848101,0.94695747,0.24584718,0.50584943,0.97274652,at_least_0.85,,,,False,0.90329156,0.93750000,0.81250000,2.34986945,metaphysics; kant; philosophy; critique; philosophical,E. J. Lowe's Metaphysics and Philosophical/Analytic Theology. Special Issue. | Russell Studies in Germany Today | A Constructive Critique of the Foundations of Philosophy,0.17964256,False,True,True,True,False,True
historical_display_2d_104,71,psychopathy / moral / psychopaths,154,0.00221902,,0.99957968,16,0.37500000,0.24375000,0.88746600,-0.00924478,0.38417450,10,0.08910891,0.95744250,1.00000000,0.16472303,0.55770975,1.00000000,at_least_0.85,,,,False,0.95482526,0.94117647,0.93333333,0.00000000,psychopathy; moral; psychopaths; personality; psychopathic,"The Moral Status of an Action Influences its Perceived Intentional Status in Adolescents with Psychopathic Traits | Psychopathy, Agency, and Practical Reason | Identification, situational constraint, and social cognition : studies in the attribution of moral responsibility",0.24153098,False,True,False,True,False,True
historical_display_2d_104,72,life / death / meaning life,256,0.00368876,,0.84220667,21,0.67936508,0.51523810,0.93031942,-0.13841321,0.19996792,29,0.29516129,0.99753547,1.00000000,0.99024390,0.99245458,1.00000000,at_least_0.85,,,,False,1.00000000,1.00000000,1.00000000,0.00000000,life; death; meaning life; meaning; creativity,"Peter Heinegg, ed., Mortalism: Readings on the Meaning of Life | Death, Immortality, and Meaning in Life. By John Martin Fischer. Oxford: Oxford University Press, 2020. 216 pages. $29.99. (Paperback) | The Meaning of Life (Second Revised Edition)",0.51154933,False,False,True,True,False,True
historical_display_2d_104,73,love / moral / self,261,0.00376081,,0.96446300,15,0.48888889,0.38266667,0.93267074,-0.10096447,0.20072632,27,0.02323441,0.99738172,1.00000000,0.99056604,0.99070927,1.00000000,at_least_0.85,,,,False,0.99835796,1.00000000,1.00000000,0.00000000,love; moral; self; happiness; passions,"Kierkegaard on Self, Ethics, and Religion: Purity or Despair | I Wish My Speech Were Like a Loadstone’: Cavendish on Love and Self-Love | Wholehearted Love: An Augustinian Reconstruction of Frankfurt",0.37890586,False,True,True,True,False,True
historical_display_2d_104,74,happiness / life / hedonism,213,0.00306916,,0.97959891,24,0.62222222,0.48666667,0.92359323,0.13281120,0.21039908,29,0.32867133,0.99300277,0.99395721,0.98192771,0.98236919,1.00000000,at_least_0.85,,,,False,0.99726135,1.00000000,1.00000000,0.00000000,happiness; life; hedonism; good; desire,Well-Being as Fitting Happiness | Well-Being and the Priority of Values | The Elements of Well-Being,0.48359750,False,False,False,False,False,False
historical_display_2d_104,75,time / temporal / kant,1169,0.01684438,,0.87852158,91,0.69890110,0.62527473,0.91130327,0.06149371,0.17312334,7,0.32054703,0.99822198,0.99787006,0.99674267,0.99675434,0.99950210,at_least_0.85,,,,False,0.99818341,1.00000000,1.00000000,0.17108640,time; temporal; kant; presentism; space,"Review of L. Nathan Oaklander, ed., Debates in the Metaphysics of Time (Bloomsbury, 2014) | On Myself, and Other, Less Important Subjects | Gregory E. Ganssle, ed.: God and time: Four views",0.60843034,False,False,False,False,False,False
historical_display_2d_104,76,metaphysics / aristotle / philosophy,162,0.00233429,,0.99912691,15,0.47555556,0.30000000,0.92075663,-0.06454017,0.18315475,35,0.00201207,0.79055150,0.94051305,0.11212625,0.14554511,0.97511178,0.75_to_0.85,,,,False,0.79995994,0.80000000,0.73333333,0.00000000,metaphysics; aristotle; philosophy; science; ontology,"Questions of Ontology | Metaphysics | Science and Metaphysics: Rudolf Carnap, Alfred Jules Ayer and Martin Heidegger",0.29766571,False,True,False,True,False,True
historical_display_2d_104,77,ontology / ontological / essence,609,0.00877522,,0.78625398,36,0.49074074,0.39444444,0.93416178,0.02601737,0.11554253,37,0.39631336,0.76019293,0.79665700,0.39950166,0.51731413,0.85996422,0.75_to_0.85,,,,False,0.89854982,1.00000000,0.64705882,7.55336617,ontology; ontological; essence; properties; existence,"What Is a Thing? | Facts, Formal Objects and Ontology | Blurring Boundaries: Carnap, Quine, and the Internal–External Distinction",0.38566923,False,True,False,True,False,True
historical_display_2d_104,78,kant / intentionality / substance,446,0.00642651,,0.81164614,40,0.37833333,0.28750000,0.89241448,-0.15645515,0.10165229,24,0.03269145,0.96737835,0.99861878,0.87005650,0.88170844,1.00000000,at_least_0.85,,,,False,0.96788543,1.00000000,0.93333333,0.67264574,kant; intentionality; substance; thoughts; intentional,Daniel Dennett. Reconciling science and our self-conception. By Matthew | The ramist context of Berkeley's philosophy | What is Locke's Theory of Representation?,0.28107349,False,True,True,True,False,True
historical_display_2d_104,79,moral / ethics / kant,1368,0.01971182,,0.87475379,126,0.71746032,0.63126984,0.92774891,0.10599744,0.08906990,27,0.22681095,0.99795930,0.99907493,0.99192825,0.99236036,1.00000000,at_least_0.85,,,,False,0.99871579,1.00000000,1.00000000,0.07309942,moral; ethics; kant; virtue; morality,A Counterexample to Parfit's Rule Consequentialism | MacIntyre and Kovesi on the Nature of Moral Concepts | Taking metaphysics seriously: Kant on the foundations of ethics,0.61155803,False,False,False,False,False,False
historical_display_2d_104,80,mental / psychiatric / disorder,795,0.01145533,,0.71281430,68,0.59607843,0.49764706,0.89735785,-0.02270816,0.34534502,10,0.57005604,0.99662633,0.99685777,0.99032258,0.99263570,0.99927591,at_least_0.85,,,,False,0.99849344,1.00000000,1.00000000,0.12578616,mental; psychiatric; disorder; psychiatry; disorders,"Philosophy for life and other dangerous situations | Review of The Self | Commentary on Szmukler: Mental Illness, Dangerousness, and Involuntary Civil Commitment",0.48619173,False,False,False,False,False,False
historical_display_2d_104,81,art / life / body,189,0.00272334,,0.98645847,18,0.42962963,0.32000000,0.92208379,-0.13797264,0.05754254,21,0.13651877,0.90090919,0.88628635,0.85333333,0.85372917,0.96468360,at_least_0.85,,,,False,0.90514287,1.00000000,0.46564103,11.64021164,art; life; body; place; philosophy,Too much and too little | Carlos Lopes | Dealbar of Hope,0.31727666,False,True,True,True,False,True
historical_display_2d_104,82,urban / city / tourism,212,0.00305476,,0.97444286,15,0.63111111,0.56000000,0.90598112,0.03615581,0.27535018,11,0.48591549,0.98970296,0.99395721,0.97674419,0.97899440,0.99737569,at_least_0.85,,,,False,0.99708881,1.00000000,1.00000000,0.00000000,urban; city; tourism; architecture; cities,"The specifics of suburban architecture | (Re)framing Spatiality as a Socio-cultural Paradigm: Examining the Iranian Housing Culture and Processes | Ugliness in architecture in the Australian, American, British and Italian milieus: Subtopia between the 1950s and the 1970s",0.55694524,False,False,False,False,False,False
historical_display_2d_104,83,logic / mathematics / mathematical,2059,0.02966859,,0.96369283,187,0.72085561,0.65871658,0.90245440,0.08727506,0.15001272,40,0.65300419,0.99455041,0.99511265,0.98834356,0.98898346,0.99910463,at_least_0.85,,,,False,0.99467379,1.00000000,1.00000000,0.48567266,logic; mathematics; mathematical; logics; theory,"Remarks on Wittgenstein, Gödel, Chaitin, Incompleteness, Impossiblity and the Psychological Basis of Science and Mathematics | Review of Logic, Logic and Logic, by George Boolos | Philosophical Logic: An Introduction to Advanced Topics, by George Englebretsen and Charles Sayward",0.62904799,False,False,False,False,False,False
historical_display_2d_104,84,emotions / anger / moral,302,0.00435159,,0.97922205,26,0.50512821,0.40307692,0.93231513,-0.15692417,0.34701645,28,0.34305556,0.96565707,0.96707317,0.94023904,0.94223661,0.97947166,at_least_0.85,,,,False,0.98708787,1.00000000,1.00000000,1.32450331,emotions; anger; moral; emotion; empathy,"Morality and the Emotions. Edited by Carla Bagnoli. (Oxford UP, 2011. Pp. vi + 304. Price £37.50.) | Forgiveness and the Multiple Functions of Anger | Ethics and the Emotions: An Introduction to the Special Issue",0.39872534,False,False,True,True,False,True
historical_display_2d_104,85,moral / normative / responsibility,2336,0.03365994,,0.98759012,207,0.71078905,0.63739130,0.91171840,0.06572854,0.06687102,27,0.38905451,0.94023674,0.97262070,0.33421331,0.63445931,0.97782805,at_least_0.85,,,,False,0.94601987,0.94444444,0.92857143,1.96917808,moral; normative; responsibility; morality; reasons,Non-Consequentialism Demystified | From Valuing to Value: A Defense of Subjectivism By David Sobel | Knowing What Matters,0.60373136,False,False,False,False,False,False
historical_display_2d_104,86,reasons / normative / reason,226,0.00325648,,0.92352397,19,0.55789474,0.40736842,0.93672053,0.09684329,0.15097040,27,0.05021418,0.95890609,0.96205934,0.90476190,0.91715426,0.98281681,at_least_0.85,,,,False,0.97968532,1.00000000,1.00000000,2.21238938,reasons; normative; reason; normative reasons; practical,"Are reasons evidence of oughts? | Keep Things in Perspective: Reasons, Rationality, and the A Priori | Reducing Reasons",0.40411194,False,False,False,False,False,False
historical_display_2d_104,87,punishment / law / legal,685,0.00987032,,0.88408915,57,0.66900585,0.58596491,0.90861148,0.07794016,0.20617396,26,0.05863486,0.95909954,0.96906261,0.80174927,0.84296755,0.99219891,at_least_0.85,,,,False,0.99698093,1.00000000,1.00000000,0.14598540,punishment; law; legal; criminal; justice,"The Right to Do Wrong: Morality and the Limits of Law, by Mark Osiel (Cambridge: Harvard University Press), 2019 | The Abolition of Punishment: Is a Non-Punitive Criminal Justice System Ethically Justified? | Advocacy and Genuine Autonomy: The Lawyer's Role When the Client Has a Right to Do Wrong",0.57609460,False,False,False,False,False,False
historical_display_2d_104,88,semantics / language / semantic,1608,0.02317003,,0.95214097,131,0.65750636,0.61038168,0.91178795,0.14097701,0.11132196,39,0.34826042,0.98898742,0.98902317,0.98318043,0.98368660,0.99466877,at_least_0.85,,,,False,0.99438843,1.00000000,1.00000000,0.37313433,semantics; language; semantic; meaning; truth,"Confusion of Tongues: A Theory of Normative Language, by Stephen Finlay | Literal Meaning & Cognitive Content | What Is Meaning? By Scott Soames. Soochow University Lectures in Philosophy",0.58721165,False,False,False,False,False,False
historical_display_2d_104,89,speech / conversational / communication,378,0.00544669,,0.92893266,30,0.52000000,0.40266667,0.90956585,0.07763494,0.36308226,39,0.12820513,0.96519474,0.96737349,0.92391304,0.93912214,0.98165570,at_least_0.85,,,,False,0.96800837,1.00000000,1.00000000,2.38095238,speech; conversational; communication; slurs; speaker,"A Rightness-Based Theory of Communicative Propriety | On stipulation | Critical Review of Richard Moran, The Exchange of Words",0.39721998,False,False,False,False,False,False
historical_display_2d_104,90,fiction / narrative / literary,212,0.00305476,,0.96208267,16,0.48750000,0.28375000,0.90485879,-0.03865371,0.20271511,30,0.26519337,0.96123967,0.96145959,0.91925466,0.92474706,0.98895970,at_least_0.85,,,,False,0.97282160,1.00000000,0.95000000,1.41509434,fiction; narrative; literary; literature; stories,"Mental Calisthenics and Self-Reflexive Fiction | Imagining Fact and Fiction | Science Fiction and the Boundaries of Philosophy: Exploring the Neutral Zone with Plato, Kant, and H.G. Wells",0.28069524,False,True,False,True,False,True
historical_display_2d_104,91,belief / attitudes / propositional,382,0.00550432,,0.73569891,40,0.39833333,0.30550000,0.91326919,-0.01165328,0.17284866,39,0.06878728,0.93537500,0.93759096,0.92258065,0.92259013,0.94554249,at_least_0.85,,,,False,0.94919532,1.00000000,1.00000000,4.97382199,belief; attitudes; propositional; expressivism; attitude,"Quasi-Dependence | Expressivism, Belief, and All That | How to refrain from answering Kripke’s puzzle",0.29999568,False,True,False,True,False,True
historical_display_2d_104,92,film / films / cinema,256,0.00368876,,0.95319768,20,0.66666667,0.51600000,0.92019668,-0.00976938,0.42792878,31,0.82733813,0.95510766,0.95842757,0.93069307,0.93209727,0.97677067,at_least_0.85,,,,False,0.99024682,1.00000000,1.00000000,0.78125000,film; films; cinema; cinematic; art,"Seeing One Another Anew with Godfrey Reggio's Visitors | Ideology, Socratic elenchus, and Inglourious Basterds | American History X, Cinematic Manipulation, and Moral Conversion",0.51231124,False,False,False,False,False,False
historical_display_2d_104,93,art / aesthetic / aesthetics,1399,0.02015850,,0.97999776,107,0.80623053,0.78392523,0.91863897,0.06471476,0.24065392,33,0.83013699,0.89976671,0.96672677,0.72158590,0.72593142,0.97647298,at_least_0.85,,,,False,0.90245714,1.00000000,0.66666667,3.35954253,art; aesthetic; aesthetics; beauty; artworks,"Attuned, Transcendent & Transfigured: Nietzsche's Aesthetic Psychology | Review of Jennifer Lena's ""Entitled: Discriminating Tastes and the Expansion of the Arts"" | Peter Lamarque",0.76376673,False,False,False,False,False,False
historical_display_2d_104,94,phenomenology / husserl / phenomenological,487,0.00701729,,0.90870069,53,0.65031447,0.53132075,0.92968164,0.05262015,0.23156166,20,0.40800000,0.89914267,0.90031608,0.79947230,0.80708927,0.98722940,at_least_0.85,,,,False,0.89742589,1.00000000,0.50000000,7.80287474,phenomenology; husserl; phenomenological; heidegger; paper focuses,"Searle, Derrida, and the ends of phenomenology | Merleau-ponty in dialogue with the cognitive sciences in light of recent imitation research | The Call of Being: On Pure Phenomenality and Radical Immanence",0.52430346,False,False,False,False,False,False
historical_display_2d_104,95,economic / development / financial,481,0.00693084,,0.91364824,34,0.47843137,0.36235294,0.86181209,0.09121093,0.18100239,26,0.03943803,0.83289866,0.92627398,0.60277778,0.60558877,0.95451627,0.75_to_0.85,,,,False,0.86101970,0.85714286,0.73333333,1.45530146,economic; development; financial; poverty; vietnam,"Review of Mark White, The Manipulation of Choice: Ethics and Libertarian Paternalism | William A. Edmundson: John Rawls: Reticent Socialist. (Cambridge: Cambridge University Press, 2017. Pp. 212.) | Book review: The Solidarity Economy Alternative: Emerging Theory and Practice",0.35542211,False,True,False,True,False,True
historical_display_2d_104,96,business / market / corporate,325,0.00468300,,0.87014124,25,0.61866667,0.43920000,0.89296583,0.06548724,0.31203032,26,0.03112998,0.77320087,0.76653696,0.53243243,0.53431139,0.91643357,0.75_to_0.85,,,,False,0.81578749,1.00000000,0.20000000,21.53846154,business; market; corporate; ethics; business ethics,The ethics of voluntary ethics standards | Business Ethics from the Standpoint of Redemption: Adorno on the Possibility of Good Work | Does Milton Friedman Support a Vigorous Business Ethics?,0.43451700,False,False,False,False,False,False
historical_display_2d_104,97,gender / women / feminist,366,0.00527378,,0.90641379,32,0.60833333,0.53875000,0.92050618,0.04070994,0.24812603,26,0.03308119,0.94787506,0.94621834,0.92905405,0.93021913,0.97559327,at_least_0.85,,,,False,0.95274676,1.00000000,1.00000000,4.37158470,gender; women; feminist; feminism; woman,"Philosophy and the Non-Native Speaker Condition | Feminism and Heterodoxy | Masculine Foes, Feminist Woes: A Response to Down Girl",0.53347622,False,False,False,False,False,False
historical_display_2d_104,98,cultural / african / culture,202,0.00291066,,0.97047146,17,0.21960784,0.16352941,0.90306517,0.08018011,0.06617561,26,0.01032478,0.73080573,0.96237912,0.03613885,0.03651101,0.98512637,0.60_to_0.75,,,,False,0.73103543,0.73508772,0.66666667,3.96039604,cultural; african; culture; identity; social,Laozi Through the Lens of the White Rose: Resonance or Dissonance? | A brief overview of the research interest and works of Joseph T. O’Connell | The Implications of Mircea Eliade’s Approach on Sacred for Contemporary World,0.16061875,False,True,False,True,False,True
historical_display_2d_104,99,philosophy / god / religion,4747,0.06840058,,0.98424095,443,0.72159518,0.68455982,0.91710563,0.04094850,0.06262050,36,0.44249767,0.75743303,0.88703420,0.42106653,0.42375173,0.95882068,0.75_to_0.85,,,,False,0.78931280,0.73684211,0.57142857,3.74973668,philosophy; god; religion; philosophical; religious,"Incarnation | The Soul of Classical American Philosophy: The ethical and spiritual insights of William James, Josiah Royce, and Charles Sanders Peirce | Desmond M. Clarke and Catherine Wilson, eds., The Oxford Handbook of Philosophy in Early Modern Europe. Reviewed by",0.61615924,False,False,False,False,False,False
historical_display_2d_104,100,political / politics / democracy,2197,0.03165706,,0.96194668,216,0.70925926,0.65981481,0.91943309,0.10371054,0.10557926,26,0.19520887,0.84868906,0.94566690,0.31995413,0.43206858,0.97099352,0.75_to_0.85,,,,False,0.93550035,0.94117647,0.86666667,0.63723259,political; politics; democracy; liberalism; social,"The Great Leveler: Conceptual and Figural Ambiguities of Equality | Review of Horcher 2020, A Political Philosophy of Conservatism | The Political Theology of Sir James Stephen",0.62815775,False,False,False,False,False,False
historical_display_2d_104,101,global / political / justice,391,0.00563401,,0.89380548,29,0.37701149,0.30758621,0.90717680,0.10491990,0.19929111,26,0.03372596,0.74897129,0.84979597,0.09962169,0.09998478,0.90897702,0.60_to_0.75,,,,False,0.75694634,0.83333333,0.37500000,13.29923274,global; political; justice; sovereignty; democracy,"Global Leviathan | Hobbes, civil law, liberty and the _Elements of Law_ | Global Justice: A Cosmopolitan Account,By Gillian Brock",0.30195220,False,True,False,True,False,True
historical_display_2d_104,102,immigration / borders / migration,256,0.00368876,,0.99328532,24,0.40277778,0.34583333,0.91649989,0.06311810,0.35412833,26,0.02239935,0.47620250,0.45163534,0.06532823,0.06604386,0.92180806,below_0.60,,,,False,0.46270831,0.50000000,0.33333333,47.26562500,immigration; borders; migration; rights; justice,"Illegal: How America's lawless immigration regime threatens us all | The Challenge of Migration. Is Liberalism the Problem? | Freedom, immigration, and adequate options",0.34214457,True,True,False,True,True,True
historical_display_2d_104,103,justice / rights / liberty,396,0.00570605,,0.89868335,41,0.50569106,0.35853659,0.91588695,0.06980684,0.17701553,26,0.03506297,0.60491966,0.61686834,0.09899117,0.09904244,0.92741306,0.60_to_0.75,,,,False,0.80098348,0.83333333,0.65476190,6.81818182,justice; rights; liberty; libertarianism; law,Justice and the Crooked Wood of Human Nature | Wilt Chamberlain Redux: Thinking Clearly about Externalities and the Promises of Justice | Nozick’s Libertarian Theory of Justice,0.35283053,False,True,False,True,False,True
