finalist,strategy,cluster,full_size,subsample_jaccard_mean,subsample_jaccard_median,subsample_jaccard_min,subsample_jaccard_ci_low,subsample_jaccard_ci_high,stability_band,nondegenerate_runs,subsample_jaccard_mean_nondegenerate,subsample_jaccard_median_nondegenerate
current_30d_42,scaled,0,218,0.9687829103919926,0.9764412416851441,0.9222797927461139,0.9278782098730285,0.9943681754697815,at_least_0.85,17,0.9671972332616532,0.975609756097561
current_30d_42,scaled,1,273,0.9383121570574451,0.9354008775428799,0.9022222222222223,0.9101531531531531,0.9689448297855378,at_least_0.85,17,0.9412382042518244,0.948051948051948
current_30d_42,scaled,2,406,0.7701234107669792,0.8514412416851441,0.005804988662131519,0.005883620063879211,0.9414442653155227,0.75_to_0.85,17,0.8552989965955652,0.8969359331476323
current_30d_42,scaled,3,1843,0.7220053096540886,0.8491652167474919,0.026321517976998148,0.026524771095879893,0.8716978842448495,0.60_to_0.75,17,0.844722087677716,0.85
current_30d_42,scaled,4,346,0.7123747981900683,0.8499237874237875,0.004881678281068525,0.004941112390077982,0.9322132574878105,0.60_to_0.75,17,0.8372031139907747,0.8597122302158273
current_30d_42,scaled,5,2823,0.5322780861758301,0.4304285203785186,0.040798185941043084,0.04102071715901677,0.9277285141501691,below_0.60,17,0.6189478986462241,0.7944732297063903
current_30d_42,scaled,6,285,0.48681865121121515,0.5430355665839537,0.0028169014084507044,0.0033369195946314732,0.8233974358974359,below_0.60,17,0.5720110414166628,0.628099173553719
current_30d_42,scaled,7,2790,0.7012563030484231,0.8861063963987797,0.039663681228294646,0.03975449840449188,0.9023701553149045,0.60_to_0.75,17,0.8179482603222815,0.889308176100629
current_30d_42,scaled,8,549,0.5143648438513142,0.5925844254032258,0.007694541231126597,0.007816504073957169,0.7473474793473535,below_0.60,17,0.6037367086210238,0.6310240963855421
current_30d_42,scaled,9,380,0.4985617735469085,0.5498132730040173,0.005407955865272938,0.005487327008401144,0.7791386349154602,below_0.60,17,0.5855685388515821,0.5961945031712473
current_30d_42,scaled,10,1166,0.6459375559380391,0.7513589476182025,0.01690702947845805,0.01693595020325203,0.8127851426573944,0.60_to_0.75,17,0.7569167462575321,0.7547738693467336
current_30d_42,scaled,11,210,0.4000751776087559,0.5507065057403591,0.0,0.0004163014899211222,0.8748822463768116,below_0.60,17,0.47013315149911516,0.5728155339805825
current_30d_42,scaled,12,323,0.4339147827560029,0.29230194372572105,0.004587994443225853,0.004597359214212848,0.8700270897832817,below_0.60,17,0.5096695058924312,0.30450236966824645
current_30d_42,scaled,13,626,0.7315128576441553,0.8488930295148998,0.009011479125539226,0.009101398927667675,0.9222300744878957,0.60_to_0.75,17,0.8589899688402534,0.8801498127340824
current_30d_42,scaled,14,645,0.5364153284485951,0.5600460768015105,0.009200783972125436,0.00925846598326013,0.7971242458494194,below_0.60,17,0.6294270444524074,0.5826771653543307
current_30d_42,scaled,15,207,0.4346568426008857,0.6191724030037546,0.001440922190201729,0.0015080664283369204,0.9222027972027972,below_0.60,17,0.5108292269041813,0.6382978723404256
current_30d_42,scaled,16,414,0.6791351265750347,0.8192525806040525,0.0059886759581881535,0.006090993653558985,0.9375319300287774,0.60_to_0.75,17,0.7978954026629724,0.8781869688385269
current_30d_42,scaled,17,1224,0.6465311176774865,0.8244845083692185,0.01746938775510204,0.01755868454861655,0.8529313930338451,0.60_to_0.75,17,0.7575017386420856,0.8270893371757925
current_30d_42,scaled,18,1060,0.6502934816031201,0.8303721402990886,0.015461672473867595,0.015484724987555999,0.8823622654520379,0.60_to_0.75,17,0.7623078100291512,0.8376259798432251
current_30d_42,scaled,19,262,0.5673819275233007,0.6454412719013627,0.0036281179138321997,0.0037149753193960514,0.9286995515695067,below_0.60,17,0.666828630171742,0.7054263565891473
current_30d_42,scaled,20,217,0.2375314428170025,0.02604597611854985,0.0,0.0002000000000000002,0.7263286713286713,below_0.60,17,0.27889025596421,0.04666854090525724
current_30d_42,scaled,21,477,0.5641757411856755,0.6464932577994096,0.006823461091753775,0.006872969262978438,0.7825513196480938,below_0.60,17,0.6625121755563943,0.6651053864168618
current_30d_42,scaled,22,558,0.4176015937165268,0.5436602781190997,0.008057491289198606,0.008064650047010674,0.6797093857634902,below_0.60,17,0.48986546413894616,0.592
current_30d_42,scaled,23,1244,0.4854947531472302,0.6240718360922964,0.01728798185941043,0.017601433652729384,0.7446881006170549,below_0.60,17,0.5679997930753604,0.641491395793499
current_30d_42,scaled,24,1860,0.559152223535057,0.6928196726305094,0.02690249433106576,0.026924604384436703,0.8071606056348353,below_0.60,17,0.6530380405315617,0.7183098591549296
current_30d_42,scaled,25,226,0.693109916001678,0.8410548823948681,0.0030669279907084785,0.003120885166168233,0.8846670772351833,0.60_to_0.75,17,0.8148542528570574,0.8418367346938775
current_30d_42,scaled,26,9877,0.29294938613414695,0.22525792716409831,0.14332879818594105,0.14344832678738859,0.867079712949459,below_0.60,17,0.319265506324366,0.23842239185750635
current_30d_42,scaled,27,4187,0.5931850745245801,0.714695126959434,0.0605340492689475,0.060691545451534525,0.8465551457750191,below_0.60,17,0.6871377538349271,0.7295888824551245
current_30d_42,scaled,28,665,0.6623496752121191,0.8117196159550386,0.009690766550522648,0.009741450786615237,0.8639630133877921,0.60_to_0.75,17,0.7775091133735499,0.8216783216783217
current_30d_42,scaled,29,547,0.5752840235237521,0.7074144486692016,0.007933026248446298,0.007964838780434306,0.8394453870139399,below_0.60,17,0.6753913916430347,0.7244444444444444
current_30d_42,scaled,30,246,0.504641739934687,0.758455013364554,0.000892458723784025,0.0021401961587848,0.8414197830662133,below_0.60,17,0.5930616782431886,0.766497461928934
current_30d_42,scaled,31,252,0.5684083928981697,0.7511084640328238,0.0035750580720092916,0.0036261118370112273,0.796387280066693,below_0.60,17,0.668058740215976,0.7581395348837209
current_30d_42,scaled,32,327,0.7170648202312329,0.8492009544155592,0.0046820557491289196,0.004741525980310823,0.9275,0.60_to_0.75,17,0.8427646912852113,0.8637992831541219
current_30d_42,scaled,33,1273,0.7290579035255844,0.849573055028463,0.018347125435540068,0.018412739719871687,0.8813985687779754,0.60_to_0.75,17,0.8544561388343755,0.8512911843276937
current_30d_42,scaled,34,474,0.4911596281660741,0.5769149535342157,0.006675736961451247,0.006883826945412312,0.755910777794959,below_0.60,17,0.5766000744179961,0.5805626598465473
current_30d_42,scaled,35,336,0.39562020262365766,0.5594623493325269,0.0048253968253968256,0.00486891496673247,0.7371095294582839,below_0.60,17,0.46456995446394816,0.601823708206687
current_30d_42,scaled,36,2992,0.5842671277451075,0.6809494541651181,0.043118466898954703,0.04342948537138433,0.7434641323231937,below_0.60,17,0.6796672912109377,0.6873345935727788
current_30d_42,scaled,37,300,0.4521845430702358,0.528235189626077,0.004353741496598639,0.004363149680603948,0.6601468332237563,below_0.60,17,0.5312082404132963,0.5614035087719298
current_30d_42,scaled,38,1766,0.5933898983112019,0.687438788905945,0.025480734079110917,0.025583395844494903,0.8005022155535841,below_0.60,17,0.6935619024013262,0.7025697102241663
current_30d_42,scaled,39,2306,0.5429916884792436,0.6773764493559791,0.03326984126984127,0.03350316955472691,0.7434352329939359,below_0.60,17,0.6328606542138732,0.6844795539033457
current_30d_42,scaled,40,1490,0.570407259123339,0.6881269957655307,0.02145034843205575,0.02155848508102428,0.7870439296204572,below_0.60,17,0.6672358281918795,0.6930440331844289
current_30d_42,scaled,41,449,0.5380344615001269,0.699018662193332,0.006470717262557578,0.0065175896871168286,0.8041100771294434,below_0.60,17,0.6318187622328658,0.7085561497326203
current_30d_42,fixed,0,218,0.00015487074694324297,0.0,0.0,0.0,0.0011379470395146071,below_0.60,17,0.0001811368157812533,0.0
current_30d_42,fixed,1,273,0.8470644139924774,0.9354008775428799,0.00027320413813201227,0.007159680326138219,0.9689448297855378,0.75_to_0.85,17,0.8880005411923977,0.948051948051948
current_30d_42,fixed,2,406,0.7701234107669792,0.8514412416851441,0.005804988662131519,0.005883620063879211,0.9414442653155227,0.75_to_0.85,17,0.8552989965955652,0.8969359331476323
current_30d_42,fixed,3,1843,0.7220053096540886,0.8491652167474919,0.026321517976998148,0.026524771095879893,0.8716978842448495,0.60_to_0.75,17,0.844722087677716,0.85
current_30d_42,fixed,4,346,0.6484490905548579,0.8499237874237875,0.001893939393939394,0.002488028873642082,0.9322132574878105,0.60_to_0.75,17,0.7619963991258212,0.8597122302158273
current_30d_42,fixed,5,2823,0.5175992841613514,0.4165965368652683,0.040798185941043084,0.04102071715901677,0.9277285141501691,below_0.60,17,0.601678719805661,0.529568697198755
current_30d_42,fixed,6,285,0.32259324296253455,0.3075454208379681,0.0028169014084507044,0.0031680624286258095,0.8233974358974359,below_0.60,17,0.3788046787711562,0.4921052631578947
current_30d_42,fixed,7,2790,0.7099853148978383,0.8861063963987797,0.039663681228294646,0.03975449840449188,0.9023701553149045,0.60_to_0.75,17,0.828217686027476,0.889308176100629
current_30d_42,fixed,8,549,0.49549415163503374,0.5711468181022409,0.007694541231126597,0.007816504073957169,0.7473474793473535,below_0.60,17,0.5815358942489292,0.6129032258064516
current_30d_42,fixed,9,380,0.47271934835987617,0.5233838838195605,0.005407955865272938,0.005487327008401144,0.7791386349154602,below_0.60,17,0.5551656856903675,0.5657620041753654
current_30d_42,fixed,10,1166,0.6459375559380391,0.7513589476182025,0.01690702947845805,0.01693595020325203,0.8127851426573944,0.60_to_0.75,17,0.7569167462575321,0.7547738693467336
current_30d_42,fixed,11,210,0.058717010278299786,0.0021934827030622318,0.0,0.0,0.35984866853612707,below_0.60,17,0.06853530758093157,0.001968503937007874
current_30d_42,fixed,12,323,0.31783661658330004,0.26864200519904174,0.004587994443225853,0.004597359214212848,0.8700270897832817,below_0.60,17,0.37310695745395717,0.2734553775743707
current_30d_42,fixed,13,626,0.7315128576441553,0.8488930295148998,0.009011479125539226,0.009101398927667675,0.9222300744878957,0.60_to_0.75,17,0.8589899688402534,0.8801498127340824
current_30d_42,fixed,14,645,0.4847686373612258,0.5496521754203963,0.009200783972125436,0.00925846598326013,0.7971242458494194,below_0.60,17,0.5686662314084436,0.5516866158868335
current_30d_42,fixed,15,207,0.1632719848591321,0.0026891242274189467,0.0,0.0,0.6810773632662045,below_0.60,17,0.19155292367858887,0.0026109660574412533
current_30d_42,fixed,16,414,0.6490592646913266,0.8538766270514997,0.0012330456226880395,0.0034919700320505957,0.9375319300287774,0.60_to_0.75,17,0.7625120357409628,0.8781869688385269
current_30d_42,fixed,17,1224,0.6477569795630341,0.804152353211227,0.01746938775510204,0.01755868454861655,0.851606611816019,0.60_to_0.75,17,0.7589439290956711,0.8257645968489342
current_30d_42,fixed,18,1060,0.6135823409648984,0.8290273795074397,0.015461672473867595,0.015484724987555999,0.8823622654520379,0.60_to_0.75,17,0.719118232807714,0.8314491264131552
current_30d_42,fixed,19,262,0.4480425406862973,0.6022508038585208,0.0010582010582010583,0.002278911564625852,0.9286995515695067,below_0.60,17,0.5264293515399733,0.6083086053412463
current_30d_42,fixed,20,217,0.06997310594532956,0.003150880592153617,0.0,0.0001434178743961354,0.48588430851063796,below_0.60,17,0.08176280082106538,0.0015174506828528073
current_30d_42,fixed,21,477,0.5641757411856755,0.6464932577994096,0.006823461091753775,0.006872969262978438,0.7825513196480938,below_0.60,17,0.6625121755563943,0.6651053864168618
current_30d_42,fixed,22,558,0.3547250947676252,0.4480574051328463,0.008057491289198606,0.008064650047010674,0.6797093857634902,below_0.60,17,0.41589311243435595,0.5319926873857403
current_30d_42,fixed,23,1244,0.4291858329287982,0.5080302611205962,0.01728798185941043,0.017601433652729384,0.7446881006170549,below_0.60,17,0.5017540045830876,0.6181159420289855
current_30d_42,fixed,24,1860,0.5128892954474262,0.6853754049866179,0.02690249433106576,0.026924604384436703,0.8071606056348353,below_0.60,17,0.5986110663108195,0.7000498256103638
current_30d_42,fixed,25,226,0.11841304766905021,0.0012451607740554024,0.0,0.0,0.8445877378435518,below_0.60,17,0.13874029011278918,0.0005208333333333333
current_30d_42,fixed,26,9877,0.3168355625846448,0.23889842004276501,0.14332879818594105,0.14344832678738859,0.8576272370104417,below_0.60,17,0.3473668903837752,0.24641869816536818
current_30d_42,fixed,27,4187,0.5966011543848235,0.6662372145522701,0.0605340492689475,0.060691545451534525,0.8465551457750191,below_0.60,17,0.6911566713175664,0.7158798283261802
current_30d_42,fixed,28,665,0.6602216534211759,0.8117196159550386,0.009690766550522648,0.009741450786615237,0.8639630133877921,0.60_to_0.75,17,0.7750055583253815,0.8216783216783217
current_30d_42,fixed,29,547,0.5836671999666877,0.7196366708914237,0.007933026248446298,0.007964838780434306,0.8394453870139399,below_0.60,17,0.6852539521641354,0.7247706422018348
current_30d_42,fixed,30,246,0.13880300782908944,0.003574387478568663,0.0008340283569641367,0.0008617827812035837,0.6730274218253816,below_0.60,17,0.16266316988366195,0.002112676056338028
current_30d_42,fixed,31,252,0.21475954873144754,0.1409079747068574,0.0,0.0,0.7063839701770734,below_0.60,17,0.25200127649042053,0.14656616415410384
current_30d_42,fixed,32,327,0.7170648202312329,0.8492009544155592,0.0046820557491289196,0.004741525980310823,0.9275,0.60_to_0.75,17,0.8427646912852113,0.8637992831541219
current_30d_42,fixed,33,1273,0.6788004285306063,0.7920028949596895,0.018347125435540068,0.018412739719871687,0.8762361887528684,0.60_to_0.75,17,0.7953296976638132,0.8467220683287165
current_30d_42,fixed,34,474,0.5072438575567552,0.5769149535342157,0.006675736961451247,0.006883826945412312,0.755910777794959,below_0.60,17,0.595522697230562,0.5805626598465473
current_30d_42,fixed,35,336,0.34446304199076694,0.27654238752613,0.0048253968253968256,0.00486891496673247,0.7371095294582839,below_0.60,17,0.4043850596017238,0.5284810126582279
current_30d_42,fixed,36,2992,0.58483183802025,0.6721955923833292,0.043118466898954703,0.04342948537138433,0.7326101410562053,below_0.60,17,0.6803316562405172,0.6843528218992903
current_30d_42,fixed,37,300,0.414769297724552,0.4910989387196166,0.0005834305717619603,0.0023743282610593844,0.6518372781065089,below_0.60,17,0.4871903047124918,0.5456790123456791
current_30d_42,fixed,38,1766,0.5688997087343457,0.6741484840087957,0.025480734079110917,0.025583395844494903,0.8005022155535841,below_0.60,17,0.6647499146638483,0.7025697102241663
current_30d_42,fixed,39,2306,0.5283089262742797,0.6773764493559791,0.03326984126984127,0.03350316955472691,0.7475268605870021,below_0.60,17,0.6155868163256804,0.6844795539033457
current_30d_42,fixed,40,1490,0.542901485314588,0.6869246379731688,0.02145034843205575,0.02155848508102428,0.7870439296204572,below_0.60,17,0.6348760942992313,0.6887914840325611
current_30d_42,fixed,41,449,0.5025587735280206,0.6849229537722634,0.006470717262557578,0.0065175896871168286,0.8041100771294434,below_0.60,17,0.5900826587362703,0.701195219123506
typical_30d_49,scaled,0,217,0.9720648652042062,0.9794339096486335,0.9270833333333334,0.9304000686813187,1.0,at_least_0.85,17,0.9707297335008,0.9772727272727273
typical_30d_49,scaled,1,274,0.9421482971721172,0.9416591251885369,0.9066666666666666,0.9130892018779342,0.968558279109243,at_least_0.85,17,0.944469628693278,0.948051948051948
typical_30d_49,scaled,2,401,0.7790486353179356,0.8634414022427394,0.005696145124716554,0.005791996951219513,0.9611370716510903,0.75_to_0.85,17,0.86482909836312,0.8854748603351955
typical_30d_49,scaled,3,348,0.7145405130292638,0.8564458140729327,0.004917973286875726,0.004986017608262817,0.9414419359457782,0.60_to_0.75,17,0.8397435271056553,0.8669064748201439
typical_30d_49,scaled,4,2864,0.5281269873465411,0.42472293978347386,0.04134240362811791,0.04157364857566291,0.9231630635429054,below_0.60,17,0.6139582451257128,0.7817949808592088
typical_30d_49,scaled,5,1816,0.7291653950900484,0.8472453751376762,0.02584987120415049,0.02605633107800602,0.8887876661347759,0.60_to_0.75,17,0.8532163619286706,0.854828660436137
typical_30d_49,scaled,6,268,0.48986763751590906,0.5459430979978925,0.0021321961620469083,0.0029166721230434803,0.8384470909433251,below_0.60,17,0.575636560903388,0.630901287553648
typical_30d_49,scaled,7,1288,0.6367724237683897,0.8064828126715987,0.01837641723356009,0.01846899800499274,0.8541670507030426,0.60_to_0.75,17,0.7458593637347529,0.8175115207373271
typical_30d_49,scaled,8,417,0.6768432406274442,0.8230576153708942,0.006024970963995354,0.006127282091698468,0.9298048048048049,0.60_to_0.75,17,0.7951926466123016,0.8583333333333333
typical_30d_49,scaled,9,2741,0.7017422828934932,0.8844090099642483,0.03903854875283447,0.03909238669695625,0.9053874487893536,0.60_to_0.75,17,0.8186322857905248,0.8859461768475011
typical_30d_49,scaled,10,397,0.5066464574465473,0.5619533056314573,0.005680168408826946,0.005734428109011569,0.775524845734063,below_0.60,17,0.5950350100432175,0.5954356846473029
typical_30d_49,scaled,11,634,0.564557816716938,0.6701783148785012,0.008874128919860627,0.009069607161613676,0.8033857808857808,below_0.60,17,0.6625678905723759,0.6808176100628931
typical_30d_49,scaled,12,214,0.40316542245969494,0.5502291401691801,0.0,0.0004144851657940667,0.8900824175824176,below_0.60,17,0.4737580293935506,0.5868725868725869
typical_30d_49,scaled,13,680,0.7004847812138413,0.8287989647105669,0.009779191343130803,0.009864687700041631,0.8940817126002396,0.60_to_0.75,17,0.8223483341267372,0.8424657534246576
typical_30d_49,scaled,14,1050,0.5771424722833767,0.6288617419543572,0.015134898003948235,0.015160814918971779,0.8579733520336605,below_0.60,17,0.6763045969975153,0.711556829035339
typical_30d_49,scaled,15,1132,0.6511278574589773,0.7470205099778271,0.016453514739229024,0.01649959349593496,0.8048428632818918,0.60_to_0.75,17,0.7631053761789107,0.7551020408163265
typical_30d_49,scaled,16,269,0.24339917063711952,0.03218159688989159,0.0,0.00019619991738950866,0.7375020850708924,below_0.60,17,0.28565436763972607,0.054963544587773416
typical_30d_49,scaled,17,205,0.4281402839735309,0.6072825479605141,0.0013605442176870747,0.0014664630697884854,0.9010755708039835,below_0.60,17,0.5031680390774906,0.630901287553648
typical_30d_49,scaled,18,531,0.5652087141474601,0.646405962458594,0.007585656213704994,0.007672514843773685,0.7348531153504505,below_0.60,17,0.6635797877310058,0.6491935483870968
typical_30d_49,scaled,19,263,0.566015664642149,0.6514053694564037,0.0036462585034013604,0.003733119192799071,0.9159999999999999,below_0.60,17,0.6652191274825945,0.7093023255813954
typical_30d_49,scaled,20,1017,0.6589890076709504,0.8493730849730665,0.014784580498866213,0.014795876887340301,0.8804651576561798,0.60_to_0.75,17,0.772663038758514,0.8519362186788155
typical_30d_49,scaled,21,576,0.5714738748436582,0.6966049531912151,0.008353440081889303,0.008418209104216375,0.8411899574216902,below_0.60,17,0.6708307695300659,0.7105751391465677
typical_30d_49,scaled,22,4035,0.603358109567269,0.7271993643512519,0.05846605957261546,0.058530646765131054,0.8554195304687376,0.60_to_0.75,17,0.6994966137741234,0.7494026284348865
typical_30d_49,scaled,23,680,0.6571273998292773,0.807990664456686,0.009854094076655053,0.009947095535368619,0.8501581008705361,0.60_to_0.75,17,0.7713288612711523,0.8114186851211073
typical_30d_49,scaled,24,514,0.42120206787634495,0.5394972923598877,0.00742232868757259,0.007429602379569714,0.7087842340014686,below_0.60,17,0.494208283686159,0.5745062836624776
typical_30d_49,scaled,25,1568,0.5639636555832477,0.7366260375557341,0.022657596371882086,0.02270479819976771,0.8279354787337513,below_0.60,17,0.6594561462935788,0.7443056576047025
typical_30d_49,scaled,26,1313,0.46348759793346284,0.5866299816813184,0.01819501133786848,0.0184482868757259,0.7044602772887324,below_0.60,17,0.5419560036933109,0.5975609756097561
typical_30d_49,scaled,27,201,0.40556280303697473,0.0029937572590011613,0.0,0.0,0.9211566091954023,below_0.60,17,0.47661061682202127,0.8532608695652174
typical_30d_49,scaled,28,210,0.07846123061210376,0.0018619515332138064,0.00041288191577208916,0.0006056291539588161,0.7138339920948616,below_0.60,17,0.09176376386283239,0.0017421602787456446
typical_30d_49,scaled,29,229,0.5017236905649113,0.7602332746478874,0.0009033423667570009,0.001859094392693199,0.8314990512333965,below_0.60,17,0.5896746917040095,0.772020725388601
typical_30d_49,scaled,30,221,0.6811527770006658,0.8274546591619762,0.003012485481997677,0.0030575730106802055,0.8677050561797752,0.60_to_0.75,17,0.8007998693797399,0.8315789473684211
typical_30d_49,scaled,31,227,0.5790054111910795,0.7613594932093701,0.0032665505226480837,0.003300426552734915,0.8231034399048381,below_0.60,17,0.6805878978383578,0.7788018433179723
typical_30d_49,scaled,32,484,0.48930198208280995,0.564217032967033,0.0067664399092970525,0.007000406504065041,0.7511479481173,below_0.60,17,0.5743889136452425,0.5974358974358974
typical_30d_49,scaled,33,1196,0.7258079353134946,0.8444930360957745,0.01711309523809524,0.01721339994331066,0.8765824167920686,0.60_to_0.75,17,0.8508315930845844,0.8461538461538461
typical_30d_49,scaled,34,295,0.7053792903330692,0.8407807775666926,0.0042465156794425085,0.004278481198183883,0.9164359256297481,0.60_to_0.75,17,0.8290919349670327,0.8470149253731343
typical_30d_49,scaled,35,821,0.48662396946366127,0.5714148946718776,0.012031794425087108,0.01203823402328411,0.8499548694033359,below_0.60,17,0.5703610074561808,0.5879120879120879
typical_30d_49,scaled,36,281,0.3934273927279873,0.575136612021858,0.0007692307692307692,0.0023347404627892445,0.7588600957574531,below_0.60,17,0.4621335387277143,0.5842293906810035
typical_30d_49,scaled,37,2717,0.5700003148223092,0.6687591100814714,0.039180458768873404,0.039492189833250375,0.7266581086071534,below_0.60,17,0.6635836374570634,0.6715357283853138
typical_30d_49,scaled,38,316,0.46338539789111516,0.5488131489158748,0.004571428571428572,0.004589496225319396,0.6708714167012879,below_0.60,17,0.544343980868148,0.5616883116883117
typical_30d_49,scaled,39,800,0.5561489025577391,0.7503395150639934,0.011392290249433107,0.011506413327526133,0.8013602186591884,below_0.60,17,0.6522449026673772,0.7591776798825257
typical_30d_49,scaled,40,751,0.379328064997445,0.46242533389686014,0.010612244897959184,0.010717606707317074,0.7019916089925523,below_0.60,17,0.44435625200657103,0.4921402660217654
typical_30d_49,scaled,41,211,0.3692167613366414,0.08222986766882975,0.0030669279907084785,0.0030948377873570906,0.8341828478964401,below_0.60,17,0.4338173792795237,0.5636363636363636
typical_30d_49,scaled,42,1840,0.5365488473006874,0.664113142011962,0.026993197278911564,0.02704118394308943,0.7640690814168725,below_0.60,17,0.6264233559105584,0.700502512562814
typical_30d_49,scaled,43,2185,0.6221510716603911,0.7242723539173751,0.031721835075493615,0.031744078205889543,0.7606308540408998,0.60_to_0.75,17,0.7263104098329368,0.7263530601922105
typical_30d_49,scaled,44,2337,0.5713850025694656,0.7163010019621188,0.03379591836734694,0.03390091446536939,0.7782535496284501,below_0.60,17,0.6661929342470919,0.7268806899856253
typical_30d_49,scaled,45,408,0.36003036809234934,0.3726263511539585,0.005916085946573751,0.005962474331573213,0.7453465346534653,below_0.60,17,0.42250377361830227,0.5552407932011332
typical_30d_49,scaled,46,1779,0.5818966961778936,0.761695896840994,0.02546938775510204,0.02551818955702483,0.8649118156393539,below_0.60,17,0.6800457735725741,0.7636265515380464
typical_30d_49,scaled,47,490,0.5513801812355834,0.7042635601614358,0.007110477443883893,0.007181026209723132,0.8243655123339658,below_0.60,17,0.6474083311235024,0.7134146341463414
typical_30d_49,scaled,48,1802,0.6014467811694695,0.71687827370456,0.025987224157955867,0.026111773408550414,0.803242047717472,0.60_to_0.75,17,0.702948352123723,0.7402113113735239
typical_30d_49,fixed,0,217,9.838314782228367e-05,0.0,0.0,0.0,0.0010167417105514305,below_0.60,17,0.00011574487979092195,0.0
typical_30d_49,fixed,1,274,0.8506448130285029,0.9416591251885369,0.00027319916218923596,0.007139011297999134,0.968558279109243,at_least_0.85,17,0.8912072608740725,0.948051948051948
typical_30d_49,fixed,2,401,0.7790486353179356,0.8634414022427394,0.005696145124716554,0.005791996951219513,0.9611370716510903,0.75_to_0.85,17,0.86482909836312,0.8854748603351955
typical_30d_49,fixed,3,348,0.6505558386997619,0.8564458140729327,0.001893939393939394,0.0024833463949843265,0.9414419359457782,0.60_to_0.75,17,0.7644674396591825,0.8669064748201439
typical_30d_49,fixed,4,2864,0.5128109090190321,0.4093921827471614,0.04134240362811791,0.04157364857566291,0.9228901630597642,below_0.60,17,0.5959393294462908,0.5225976305397104
typical_30d_49,fixed,5,1816,0.7291653950900484,0.8472453751376762,0.02584987120415049,0.02605633107800602,0.8887876661347759,0.60_to_0.75,17,0.8532163619286706,0.854828660436137
typical_30d_49,fixed,6,268,0.3227771464524938,0.29649122807017547,0.0021321961620469083,0.002516461808604039,0.8384470909433251,below_0.60,17,0.37905951259348764,0.4936708860759494
typical_30d_49,fixed,7,1288,0.6405652958684315,0.7816007496313289,0.01837641723356009,0.01846899800499274,0.8499348388405022,0.60_to_0.75,17,0.7503215662053903,0.8163082437275986
typical_30d_49,fixed,8,417,0.648485713584121,0.8517388451443569,0.0018472906403940886,0.0038316887941046915,0.9298048048048049,0.60_to_0.75,17,0.7618308500907451,0.8732782369146006
typical_30d_49,fixed,9,2741,0.7102634693880451,0.8844090099642483,0.03903854875283447,0.03909238669695625,0.9053874487893536,0.60_to_0.75,17,0.828657211078233,0.8859461768475011
typical_30d_49,fixed,10,397,0.48209370399844503,0.5428323670152164,0.005680168408826946,0.005734428109011569,0.775524845734063,below_0.60,17,0.5661494177513323,0.5687885010266941
typical_30d_49,fixed,11,634,0.5521800764133966,0.6701783148785012,0.008874128919860627,0.009069607161613676,0.8033857808857808,below_0.60,17,0.6480058431564448,0.6808176100628931
typical_30d_49,fixed,12,214,0.05995064736992589,0.0029926582505148177,0.0,0.0,0.36914883209000793,below_0.60,17,0.06997594105264592,0.0020964360587002098
typical_30d_49,fixed,13,680,0.7004847812138413,0.8287989647105669,0.009779191343130803,0.009864687700041631,0.8940817126002396,0.60_to_0.75,17,0.8223483341267372,0.8424657534246576
typical_30d_49,fixed,14,1050,0.6289918899841389,0.7255700811843362,0.015134898003948235,0.015160814918971779,0.8647905444401693,0.60_to_0.75,17,0.7373039119395886,0.7798434442270059
typical_30d_49,fixed,15,1132,0.6511278574589773,0.7470205099778271,0.016453514739229024,0.01649959349593496,0.8048428632818918,0.60_to_0.75,17,0.7631053761789107,0.7551020408163265
typical_30d_49,fixed,16,269,0.07295492568631838,0.003943186875700425,0.0,0.0,0.48807526061530604,below_0.60,17,0.08513172652113653,0.003092783505154639
typical_30d_49,fixed,17,205,0.16393562481245008,0.002614383552280836,0.0,0.0003373579545454549,0.7016603379532941,below_0.60,17,0.19233902829974853,0.002364066193853428
typical_30d_49,fixed,18,531,0.5652087141474601,0.646405962458594,0.007585656213704994,0.007672514843773685,0.7348531153504505,below_0.60,17,0.6635797877310058,0.6491935483870968
typical_30d_49,fixed,19,263,0.4461462925659605,0.5976544290700715,0.0010587612493382743,0.002287822445018241,0.9159999999999999,below_0.60,17,0.5241963368047257,0.6142433234421365
typical_30d_49,fixed,20,1017,0.6225756969242721,0.8493730849730665,0.014784580498866213,0.014795876887340301,0.8804651576561798,0.60_to_0.75,17,0.7298238496447748,0.8519362186788155
typical_30d_49,fixed,21,576,0.5800344276754459,0.7051771942973457,0.008353440081889303,0.008418209104216375,0.8411899574216902,below_0.60,17,0.6809020081556986,0.7257019438444925
typical_30d_49,fixed,22,4035,0.6081145308539032,0.6827786292290894,0.05846605957261546,0.058530646765131054,0.8554195304687376,0.60_to_0.75,17,0.7050924035231048,0.7302709069493521
typical_30d_49,fixed,23,680,0.6551688435674319,0.807990664456686,0.009854094076655053,0.009947095535368619,0.8501581008705361,0.60_to_0.75,17,0.7690246774336872,0.8114186851211073
typical_30d_49,fixed,24,514,0.3571104659133903,0.45959304580537563,0.00742232868757259,0.007429602379569714,0.7087842340014686,below_0.60,17,0.41880639902385935,0.5362595419847328
typical_30d_49,fixed,25,1568,0.50937740301864,0.7047215728356264,0.022657596371882086,0.02270479819976771,0.8279354787337513,below_0.60,17,0.5952370256293344,0.7340350877192983
typical_30d_49,fixed,26,1313,0.415029680147944,0.5351892333177455,0.01819501133786848,0.0184482868757259,0.7044602772887324,below_0.60,17,0.48494668865152424,0.5858041329739443
typical_30d_49,fixed,27,201,0.0008865821459308783,0.00021793219654411627,0.0,0.0,0.0029964503484320557,below_0.60,17,0.0005209451854991189,0.0
typical_30d_49,fixed,28,210,0.009151816328040826,0.0018021545807286286,0.0008186655751125665,0.000891861683743436,0.04297957460968448,below_0.60,17,0.010223276469817164,0.0017421602787456446
typical_30d_49,fixed,29,229,0.13315450011423108,0.0033143083949965157,0.0003247807729782397,0.0004905907683472687,0.6488057897984363,below_0.60,17,0.1560638794090917,0.001893939393939394
typical_30d_49,fixed,30,221,0.11424961353270051,0.0017572337659937534,0.0,0.0,0.8058064516129032,below_0.60,17,0.13385497118213371,0.0007215007215007215
typical_30d_49,fixed,31,227,0.21100976365498308,0.13279054460120768,0.0008718395815170009,0.0009499437595710369,0.7029185867895543,below_0.60,17,0.24765184191353853,0.14249363867684478
typical_30d_49,fixed,32,484,0.5057124542892177,0.564217032967033,0.0067664399092970525,0.007000406504065041,0.7511479481173,below_0.60,17,0.5936953515351339,0.5974358974358974
typical_30d_49,fixed,33,1196,0.6688647517563433,0.7764292060346153,0.01711309523809524,0.01721339994331066,0.8764811119972484,0.60_to_0.75,17,0.7838396124291123,0.8387413962635202
typical_30d_49,fixed,34,295,0.7053792903330692,0.8407807775666926,0.0042465156794425085,0.004278481198183883,0.9164359256297481,0.60_to_0.75,17,0.8290919349670327,0.8470149253731343
typical_30d_49,fixed,35,821,0.5157261609357396,0.6676323495262206,0.012031794425087108,0.01203823402328411,0.8499548694033359,below_0.60,17,0.604598879776273,0.7469733656174334
typical_30d_49,fixed,36,281,0.3405912392247507,0.2488730320534602,0.0040650406504065045,0.004072921851667496,0.7588600957574531,below_0.60,17,0.3999733581356712,0.5836065573770491
typical_30d_49,fixed,37,2717,0.5663835731006021,0.6542277380772953,0.039180458768873404,0.039492189833250375,0.7266581086071534,below_0.60,17,0.6593286471962317,0.669297881179892
typical_30d_49,fixed,38,316,0.4246338025797568,0.517575942294016,0.0,0.0021714285714285737,0.6603376653818105,below_0.60,17,0.49875386873713834,0.5567010309278351
typical_30d_49,fixed,39,800,0.5420643542505289,0.7503395150639934,0.011392290249433107,0.011506413327526133,0.8013602186591884,below_0.60,17,0.6356748458353654,0.7591776798825257
typical_30d_49,fixed,40,751,0.3799028846681182,0.47145213640646844,0.010612244897959184,0.010717606707317074,0.7222790742909235,below_0.60,17,0.44503251044265724,0.49902152641878667
typical_30d_49,fixed,41,211,0.23132072808165893,0.07650156158331184,0.0030669279907084785,0.0030948377873570906,0.8165048543689319,below_0.60,17,0.2715867519207208,0.08031206975676916
typical_30d_49,fixed,42,1840,0.4982576791297949,0.6422526400531887,0.026993197278911564,0.02704118394308943,0.7446943742137212,below_0.60,17,0.5813749227683319,0.6465183752417795
typical_30d_49,fixed,43,2185,0.5987239092784933,0.7242723539173751,0.031721835075493615,0.031744078205889543,0.7606308540408998,below_0.60,17,0.6987490423248218,0.7263530601922105
typical_30d_49,fixed,44,2337,0.5517798689052977,0.7136674471504394,0.03379591836734694,0.03390091446536939,0.7782535496284501,below_0.60,17,0.6431280711127769,0.7239863214460186
typical_30d_49,fixed,45,408,0.34887814297545966,0.37099809629384095,0.005916085946573751,0.005962474331573213,0.7453465346534653,below_0.60,17,0.4093835087749027,0.5552407932011332
typical_30d_49,fixed,46,1779,0.5816563658710324,0.761695896840994,0.02546938775510204,0.02551818955702483,0.8649118156393539,below_0.60,17,0.6797630320350904,0.7636265515380464
typical_30d_49,fixed,47,490,0.5158861149250741,0.696106848536516,0.007110477443883893,0.007181026209723132,0.8243655123339658,below_0.60,17,0.6056506060523149,0.7052023121387283
typical_30d_49,fixed,48,1802,0.5724384924437216,0.6978751966000099,0.025987224157955867,0.026111773408550414,0.803242047717472,below_0.60,17,0.668820953622843,0.7297830374753451
robust_20d_49,scaled,0,218,0.9698498241466605,0.9737599342285558,0.9375,0.9384787087912088,0.9942892613283674,at_least_0.85,13,0.9629482928312185,0.9640718562874252
robust_20d_49,scaled,1,272,0.9378179515422923,0.9369458779939129,0.90625,0.9074116847826087,0.9666218209359803,at_least_0.85,13,0.9413170442763417,0.9464285714285714
robust_20d_49,scaled,2,400,0.6097443181773188,0.8493137326604745,0.005696145124716554,0.005697127129592423,0.9422463768115942,0.60_to_0.75,13,0.87076305251058,0.8878504672897196
robust_20d_49,scaled,3,1168,0.4535262139045472,0.5784579203685118,0.016786135559386624,0.016852906219476237,0.874196007325016,below_0.60,13,0.688548432798229,0.7840670859538784
robust_20d_49,scaled,4,314,0.555228610810548,0.7408878368959108,0.004409843205574913,0.004426815085441754,0.9341180731618979,below_0.60,13,0.8517672541311769,0.8960573476702509
robust_20d_49,scaled,5,1779,0.5616824257309722,0.8282596975753678,0.02530566338932627,0.02540198482713845,0.8862282912505496,below_0.60,13,0.8502590914081455,0.8645076007931263
robust_20d_49,scaled,6,1593,0.3346865136150968,0.45136944336451723,0.022611378277833227,0.022737916029506016,0.5705470625187077,below_0.60,13,0.502483590119514,0.5401854714064915
robust_20d_49,scaled,7,813,0.36888914430687236,0.28613295853895615,0.011613137361640356,0.011637486684022183,0.8805013611615244,below_0.60,13,0.5611636329982509,0.6977058029689609
robust_20d_49,scaled,8,173,0.4307689037958344,0.41476813495913395,0.0,0.0009713701431492852,0.8939788732394366,below_0.60,13,0.6613698404750696,0.8571428571428571
robust_20d_49,scaled,9,173,0.38719994906962846,0.09438374064464157,0.0,0.0010602486162780158,0.9465780651340995,below_0.60,13,0.5943336135896844,0.7741935483870968
robust_20d_49,scaled,10,2908,0.49372583302142486,0.5638285679913239,0.04156009070294785,0.04169475075822381,0.9059369929348381,below_0.60,13,0.73685997091211,0.8893034825870647
robust_20d_49,scaled,11,185,0.42434344622120806,0.6062721031828584,0.0009090909090909091,0.0009869293796332423,0.8694582533047113,below_0.60,13,0.6513908070269068,0.7727272727272727
robust_20d_49,scaled,12,909,0.5253658990435116,0.7560747019205495,0.012937760841952459,0.012964178175806005,0.8883941695247427,below_0.60,13,0.8011745749409006,0.8463385354141657
robust_20d_49,scaled,13,599,0.5403624017938395,0.761132557348265,0.008399854862119013,0.00857333910067981,0.9004955252918289,below_0.60,13,0.8266054263924727,0.8254901960784313
robust_20d_49,scaled,14,334,0.3393649236604468,0.4436226930963773,0.004536793394428818,0.0046396586554808515,0.5975091512239762,below_0.60,13,0.51949750317639,0.5450236966824644
robust_20d_49,scaled,15,415,0.5442095697085041,0.7744926916729005,0.005900245538168359,0.00591608290862712,0.9489853388163776,below_0.60,13,0.834001599692188,0.8509485094850948
robust_20d_49,scaled,16,1127,0.5063080138017009,0.7498485119249358,0.016095082562148432,0.016205723860367404,0.8222639748527005,below_0.60,13,0.7700782463419138,0.7658349328214972
robust_20d_49,scaled,17,1255,0.49593726787278525,0.6443006403774857,0.0178140589569161,0.01783221549219481,0.8720376721294308,below_0.60,13,0.7531851910678463,0.8420091324200913
robust_20d_49,scaled,18,193,0.4925509546829411,0.6682164669146347,0.0026673924877517693,0.0026842812828270484,0.8889882888744307,below_0.60,13,0.7562682632284239,0.7868020304568528
robust_20d_49,scaled,19,474,0.45520925200228424,0.6367389984167263,0.006712626995645864,0.006713205565383285,0.7940169468173051,below_0.60,13,0.6966109403129727,0.7066381156316917
robust_20d_49,scaled,20,10140,0.33476190070126083,0.17864255865245232,0.147156462585034,0.14719907190169418,0.8867385941266257,below_0.60,13,0.43554483963622626,0.1893234016139044
robust_20d_49,scaled,21,337,0.4756892193982041,0.6816396307734076,0.00466255442670537,0.00473128778603846,0.7951363846509477,below_0.60,13,0.7291949718616577,0.7197452229299363
robust_20d_49,scaled,22,3960,0.5126135137731067,0.738143155920421,0.05735950368247288,0.0574708434071687,0.8477244246744732,below_0.60,13,0.7575619845754695,0.8092997508995294
robust_20d_49,scaled,23,534,0.504553030966473,0.7222175498560164,0.007510885341074021,0.007555216636404676,0.8455169373846632,below_0.60,13,0.7720523459823541,0.8126232741617357
robust_20d_49,scaled,24,205,0.5344674487778298,0.8654504178456275,0.002812046444121916,0.0028341138066990223,0.9279350649350648,below_0.60,13,0.8206657421534982,0.877906976744186
robust_20d_49,scaled,25,170,0.06243694365643219,0.007822886989553655,0.001851851851851852,0.0020668511461924637,0.19933230823124415,below_0.60,13,0.09474300302687205,0.11496350364963503
robust_20d_49,scaled,26,198,0.3710277917436643,0.3875914788783421,0.002812046444121916,0.002829649852722122,0.7793395103706221,below_0.60,13,0.5692549932036759,0.6159420289855072
robust_20d_49,scaled,27,202,0.3865574139886607,0.390738769427294,0.00268578168950186,0.0027373806963697143,0.8404304795394606,below_0.60,13,0.5931438667620713,0.6802030456852792
robust_20d_49,scaled,28,511,0.4524438515176118,0.622804807377359,0.007186411149825784,0.0072285080887819035,0.8010960786338756,below_0.60,13,0.6920908808802679,0.671875
robust_20d_49,scaled,29,400,0.4982468061697113,0.7687325385669912,0.005498094719651606,0.005592463188692653,0.8184322892255383,below_0.60,13,0.7633929456227213,0.7955801104972375
robust_20d_49,scaled,30,215,0.5006853480246352,0.8053467000835421,0.0029580429732868757,0.0030097369199267032,0.8794807659134034,below_0.60,13,0.7685716247537505,0.8272251308900523
robust_20d_49,scaled,31,171,0.2480396625081716,0.020700265583844146,0.0008936550491510277,0.0009097996985779445,0.7134730538922156,below_0.60,13,0.3802562824717116,0.532967032967033
robust_20d_49,scaled,32,314,0.5659493465482115,0.8573849878934625,0.004464285714285714,0.0044761756972184555,0.9022727272727272,below_0.60,13,0.8682300702913874,0.8639705882352942
robust_20d_49,scaled,33,262,0.4936065735034364,0.6921511266027636,0.0036462585034013604,0.003663968167560982,0.9116885721337776,below_0.60,13,0.757347081604769,0.8502415458937198
robust_20d_49,scaled,34,215,0.4772855700599445,0.707384403036577,0.0030478955007256893,0.0030482895893826655,0.8065997621171573,below_0.60,13,0.7326096737911706,0.7262569832402235
robust_20d_49,scaled,35,1165,0.5769108290622674,0.8696745255159863,0.016527876050000907,0.016598973631244667,0.8895041577586259,below_0.60,13,0.8784631817711563,0.8804780876494024
robust_20d_49,scaled,36,204,0.3470461051901792,0.49467300744673004,0.0027036835420068952,0.0027810086055623283,0.6515199481738619,below_0.60,13,0.5323194116077932,0.569023569023569
robust_20d_49,scaled,37,209,0.5063455731163199,0.7377677862999206,0.0027852090739179827,0.002797956824764851,0.8380644233534655,below_0.60,13,0.7774167243207237,0.7906976744186046
robust_20d_49,scaled,38,506,0.3072904624984816,0.4026464457267152,0.006895925959531803,0.0070588306220323764,0.6720501660695626,below_0.60,13,0.4688116792861864,0.4780600461893764
robust_20d_49,scaled,39,250,0.3266441252358573,0.3305831270749035,0.0035378000326566155,0.0035380744673352512,0.6913838064295486,below_0.60,13,0.500571158783486,0.6113207547169811
robust_20d_49,scaled,40,2641,0.45623100443356474,0.6428421589383455,0.03791727140783745,0.03794836118830165,0.7528567500939127,below_0.60,13,0.6812095421424776,0.6863455269829771
robust_20d_49,scaled,41,164,0.2333940237020738,0.04997086247086247,0.0,0.0003098499673842142,0.7374237804878049,below_0.60,13,0.3578029521794713,0.470873786407767
robust_20d_49,scaled,42,455,0.4360397139751715,0.6662084651898734,0.006387225548902195,0.0064039102491678475,0.7901781602578862,below_0.60,13,0.6672830935646583,0.7078947368421052
robust_20d_49,scaled,43,1757,0.44883911519769104,0.6180525840346123,0.02492743105950653,0.025051549970584716,0.8116022925889542,below_0.60,13,0.6768359702664184,0.7595345830639948
robust_20d_49,scaled,44,1834,0.4682182746959932,0.6636610905637684,0.0261611030478955,0.026345732555429692,0.7685650830061039,below_0.60,13,0.705985761830324,0.7154742096505824
robust_20d_49,scaled,45,1404,0.4459205376277193,0.5377032495925005,0.019974600870827287,0.020122847638276688,0.8252714801095573,below_0.60,13,0.6750597994329897,0.7889160554197229
robust_20d_49,scaled,46,689,0.3412169454979111,0.3388024339693492,0.009414965986394557,0.009675272212543554,0.7164263171736652,below_0.60,13,0.5195357834480693,0.6228172293364377
robust_20d_49,scaled,47,269,0.20832821349528446,0.10411281744622597,0.0037551020408163266,0.0037816419860627177,0.7004770992366411,below_0.60,13,0.3184042874210239,0.12430080795525171
robust_20d_49,scaled,48,1145,0.35462175680323654,0.46640268936148865,0.016088247150657823,0.01627969332448723,0.7125900178253118,below_0.60,13,0.536635617417583,0.5283600493218249
robust_20d_49,fixed,0,218,0.9698498241466605,0.9737599342285558,0.9375,0.9384787087912088,0.9942892613283674,at_least_0.85,12,0.9630482644105051,0.9654613425083535
robust_20d_49,fixed,1,272,0.9378179515422923,0.9369458779939129,0.90625,0.9074116847826087,0.9666218209359803,at_least_0.85,12,0.9427161061421375,0.9475133511348465
robust_20d_49,fixed,2,400,0.6097443181773188,0.8493137326604745,0.005696145124716554,0.005697127129592423,0.9422463768115942,0.60_to_0.75,12,0.8715673809605358,0.8898316663933978
robust_20d_49,fixed,3,1168,0.3761196019820069,0.13239112284771723,0.016786135559386624,0.016852906219476237,0.874196007325016,below_0.60,12,0.6154826916344015,0.7813863613485468
robust_20d_49,fixed,4,314,0.4933729485498345,0.7001710720515228,0.004409843205574913,0.004426815085441754,0.9341180731618979,below_0.60,12,0.8192569990356112,0.8887694145758662
robust_20d_49,fixed,5,1779,0.5189504748404885,0.8199044036033435,0.02530566338932627,0.02540198482713845,0.8846416497633536,below_0.60,12,0.8477419756192979,0.8503140010654595
robust_20d_49,fixed,6,1593,0.38598710322145136,0.5142149927565374,0.022611378277833227,0.022737916029506016,0.8500404576606135,below_0.60,12,0.6279272086928388,0.5523788835821604
robust_20d_49,fixed,7,813,0.34291156929738614,0.2846515311831096,0.011613137361640356,0.011637486684022183,0.8396704754131809,below_0.60,12,0.563626155306896,0.6671735121715033
robust_20d_49,fixed,8,173,0.04498403502660223,0.0023454326879663676,0.0,0.0,0.45347158185933323,below_0.60,12,0.07329109841444843,0.0020513014718877027
robust_20d_49,fixed,9,173,0.13848511322828372,0.0025945986118024447,0.0,0.0,0.7713896780303029,below_0.60,12,0.229129251084933,0.010966592861261648
robust_20d_49,fixed,10,2908,0.4512476715799473,0.534333095568049,0.041546937057305486,0.041553185038985606,0.9059369929348381,below_0.60,12,0.7240057879975477,0.7393551311240408
robust_20d_49,fixed,11,185,0.2704929598513852,0.0027155587737711963,0.0,0.0,0.8694582533047113,below_0.60,12,0.4490286353615354,0.6062721031828584
robust_20d_49,fixed,12,909,0.48348488841613013,0.7415997125035295,0.012937760841952459,0.012938912772063844,0.8883941695247427,below_0.60,12,0.7970590896438421,0.8290516206482593
robust_20d_49,fixed,13,599,0.4956989351515773,0.7535943991058813,0.008399854862119013,0.008556990701120764,0.8960285736744881,below_0.60,12,0.820322545258512,0.8210291217078547
robust_20d_49,fixed,14,334,0.25116009932944106,0.01748678608544067,0.004536793394428818,0.00460749604154708,0.5975091512239762,below_0.60,12,0.4153904511333651,0.5520257372301212
robust_20d_49,fixed,15,415,0.5161010000449655,0.7744926916729005,0.005900245538168359,0.00591608290862712,0.9417247994419253,below_0.60,12,0.8561294227113669,0.8716068514276303
robust_20d_49,fixed,16,1127,0.4691194290714803,0.7389792502639384,0.016095082562148432,0.016205723860367404,0.8222639748527005,below_0.60,12,0.7708809599994688,0.7666032670149783
robust_20d_49,fixed,17,1255,0.5138299595188154,0.8217934258044226,0.0178140589569161,0.01783221549219481,0.8680743167726427,below_0.60,12,0.8442526037087189,0.844654473100176
robust_20d_49,fixed,18,193,0.3204928310329164,0.1158358810915136,0.0009505703422053232,0.001354905285513651,0.8826834402566158,below_0.60,12,0.5322876110962482,0.6466604511433973
robust_20d_49,fixed,19,474,0.41766280741548095,0.5956310238225132,0.006712626995645864,0.006713205565383285,0.7940169468173051,below_0.60,12,0.6915078908696967,0.6914485542187235
robust_20d_49,fixed,20,10140,0.3360303265941861,0.17619116379565283,0.147156462585034,0.14719907190169418,0.8867385941266257,below_0.60,12,0.46156623914095163,0.22256838646497762
robust_20d_49,fixed,21,337,0.4124401875476085,0.5442668803058414,0.00466255442670537,0.00473128778603846,0.7951363846509477,below_0.60,12,0.6841160470972331,0.7337729047201
robust_20d_49,fixed,22,3960,0.47311495732346354,0.6401100116725283,0.05735950368247288,0.0574708434071687,0.8477244246744732,below_0.60,12,0.7500474584700361,0.7791778919592267
robust_20d_49,fixed,23,534,0.4634987746147818,0.6553426811406909,0.007510885341074021,0.007555216636404676,0.8455169373846632,below_0.60,12,0.7673088878926877,0.8100444465111233
robust_20d_49,fixed,24,205,0.5313324123104173,0.8654504178456275,0.002812046444121916,0.0028341138066990223,0.9070295857988165,below_0.60,12,0.8835823988671656,0.8840401935744051
robust_20d_49,fixed,25,170,0.06583643616777889,0.006458028443844047,0.001851851851851852,0.0020668511461924637,0.19933230823124415,below_0.60,12,0.10809663689637222,0.11568785869504652
robust_20d_49,fixed,26,198,0.31529531031247593,0.3711818594972134,0.002812046444121916,0.002829649852722122,0.7791592394533571,below_0.60,12,0.523559871172352,0.4306380724063651
robust_20d_49,fixed,27,202,0.32800622604183366,0.34904347826086957,0.00268578168950186,0.0027373806963697143,0.8404304795394606,below_0.60,12,0.544744690548789,0.4256486572454219
robust_20d_49,fixed,28,511,0.3895992154728577,0.5849872573662896,0.007186411149825784,0.0072285080887819035,0.7798476372936191,below_0.60,12,0.6444078615477012,0.6658430311599326
robust_20d_49,fixed,29,400,0.42974657269152344,0.5746943678891951,0.005498094719651606,0.005592463188692653,0.8184322892255383,below_0.60,12,0.7123554062896953,0.790460821230052
robust_20d_49,fixed,30,215,0.4670173747811335,0.8117970806413017,0.0,0.0014050704123112672,0.8794807659134034,below_0.60,12,0.7762558265097171,0.8467703349282296
robust_20d_49,fixed,31,171,0.09049221080688494,0.002543456660196887,0.0,0.0001476990049751245,0.6907684630738522,below_0.60,12,0.14915778260722612,0.02042770911181374
robust_20d_49,fixed,32,314,0.5231829438310637,0.8560523446019629,0.004464285714285714,0.0044761756972184555,0.9022727272727272,below_0.60,12,0.8689223945666424,0.8662482423248183
robust_20d_49,fixed,33,262,0.38364625205955427,0.03262595711390502,0.0036462585034013604,0.003663968167560982,0.9116885721337776,below_0.60,12,0.6368504746704878,0.8685169993619543
robust_20d_49,fixed,34,215,0.31913332327837746,0.12027394080217038,0.0030478955007256893,0.0030482895893826655,0.8065997621171573,below_0.60,12,0.5297973274157738,0.707384403036577
robust_20d_49,fixed,35,1165,0.49233294142931616,0.6608001663832184,0.016527876050000907,0.016598973631244667,0.8895041577586259,below_0.60,12,0.8092822204208946,0.8696745255159863
robust_20d_49,fixed,36,204,0.287741401167062,0.27265338069721234,0.0007032348804500703,0.001653447994689563,0.6252476727729384,below_0.60,12,0.4775910948498107,0.5657617845117845
robust_20d_49,fixed,37,209,0.29059945298191303,0.0030707841897559636,0.0015625,0.0017897002551020412,0.8380644233534655,below_0.60,12,0.4823713890081896,0.7552162988857329
robust_20d_49,fixed,38,506,0.22616085188871096,0.06248607806830256,0.006895925959531803,0.0070588306220323764,0.6720501660695626,below_0.60,12,0.37203488874365326,0.4249712299956349
robust_20d_49,fixed,39,250,0.30032842216873984,0.06002638358450495,0.0035378000326566155,0.0035380744673352512,0.7039507198228129,below_0.60,12,0.4981239126938252,0.6124785591766724
robust_20d_49,fixed,40,2641,0.4191509721934417,0.6136600766708974,0.03791727140783745,0.03794836118830165,0.7528567500939127,below_0.60,12,0.672917440172086,0.6732484462072326
robust_20d_49,fixed,41,164,0.13785524363789622,0.0024148257821120355,0.0,0.0002692743764172338,0.7029129109225873,below_0.60,12,0.2281872286142942,0.056444164181119666
robust_20d_49,fixed,42,455,0.4338996094481157,0.6689877717391304,0.006387225548902195,0.0064039102491678475,0.7901781602578862,below_0.60,12,0.7187664522178282,0.7151267296004138
robust_20d_49,fixed,43,1757,0.4318188878348602,0.5992592592592593,0.02492743105950653,0.025051549970584716,0.8049250872799496,below_0.60,12,0.7027090839544395,0.7568467739719235
robust_20d_49,fixed,44,1834,0.42912160942000066,0.6130562377206557,0.0261611030478955,0.026345732555429692,0.7685650830061039,below_0.60,12,0.6974375264966288,0.7091023804564092
robust_20d_49,fixed,45,1404,0.37116916053604115,0.1741597238286111,0.019974600870827287,0.020122847638276688,0.8252714801095573,below_0.60,12,0.6049811904734471,0.7979233476643177
robust_20d_49,fixed,46,689,0.26743624172496994,0.08925727837118348,0.009414965986394557,0.009675272212543554,0.701096123093153,below_0.60,12,0.4389992874839323,0.5528371664958622
robust_20d_49,fixed,47,269,0.18761051107414803,0.11267830265019863,0.003514230804429395,0.0036286446417131877,0.7004770992366411,below_0.60,12,0.3101156214371793,0.12480626432675304
robust_20d_49,fixed,48,1145,0.3425224543434612,0.46640268936148865,0.016088247150657823,0.01627969332448723,0.7096265597147949,below_0.60,12,0.5597697182073899,0.5298994926173817
robust_20d_29,scaled,0,400,0.8309043327779753,0.8597590953785644,0.6003861003861004,0.6288630402554454,0.9422463768115942,0.75_to_0.85,17,0.8286796504026523,0.8797653958944281
robust_20d_29,scaled,1,1168,0.5276848698389243,0.794434378050008,0.017205088313352247,0.017231480342979926,0.874196007325016,below_0.60,17,0.617762108699187,0.8392857142857143
robust_20d_29,scaled,2,314,0.5390683229340402,0.6554685443537773,0.001288659793814433,0.0017309304095106243,0.9353921568627451,below_0.60,17,0.6333617545831407,0.8814814814814815
robust_20d_29,scaled,3,1779,0.764922629195516,0.8371930292993162,0.02582546306464602,0.025908576991964666,0.8846416497633536,0.75_to_0.85,17,0.8456943644638137,0.8382656572608397
robust_20d_29,scaled,4,1593,0.6525069143754678,0.8036986175958986,0.023171959366706324,0.023410560303464677,0.8809710395326833,0.60_to_0.75,17,0.7634920058025978,0.8166089965397924
robust_20d_29,scaled,5,813,0.5739914354563902,0.761791483113069,0.011907453462958776,0.01195238789122923,0.8927205532784251,below_0.60,17,0.673168078723573,0.7681818181818182
robust_20d_29,scaled,6,2908,0.666122995161498,0.8834351164598262,0.041546937057305486,0.04218768708646663,0.9141863843918638,0.60_to_0.75,17,0.7760857844550781,0.8893034825870647
robust_20d_29,scaled,7,909,0.6340771315676575,0.765381370478335,0.012940185957976425,0.013086429379321066,0.9024005797811531,0.60_to_0.75,17,0.7436213279117228,0.7775377969762419
robust_20d_29,scaled,8,599,0.6123467710486509,0.7634806876623197,0.008730667154754278,0.00876141386712297,0.8960285736744881,0.60_to_0.75,17,0.7188462307168342,0.7883064516129032
robust_20d_29,scaled,9,334,0.23697440254189903,0.07805317474694867,0.0022189349112426036,0.0026837258004247496,0.6764988974313128,below_0.60,17,0.27796611493749246,0.13801079414032383
robust_20d_29,scaled,10,415,0.727869077630472,0.8367781470710427,0.005900245538168359,0.005979399986200659,0.9351789896286383,0.60_to_0.75,17,0.8552422406116827,0.8509485094850948
robust_20d_29,scaled,11,1127,0.660525686514067,0.7666032670149783,0.016655978011910214,0.016664532683502296,0.8298138137572515,0.60_to_0.75,17,0.774122130619016,0.7775510204081633
robust_20d_29,scaled,12,1255,0.7024718314865964,0.827623810301062,0.018230072297977486,0.018482967079512004,0.8674447483665653,0.60_to_0.75,17,0.8231387409107838,0.8321858864027539
robust_20d_29,scaled,13,474,0.5975601077426582,0.6738102475765866,0.006918641896220372,0.006943514080693832,0.8082873407427487,below_0.60,17,0.7017734150575831,0.7066381156316917
robust_20d_29,scaled,14,10140,0.4722446792339972,0.2515808977864642,0.14850578082342378,0.14857740256535995,0.8776156449679297,below_0.60,17,0.5290818160830263,0.5044648318042814
robust_20d_29,scaled,15,337,0.4888190256061599,0.6264875499064555,0.0,0.00020803678966385653,0.7797930155567925,below_0.60,17,0.5741916366695625,0.6930379746835443
robust_20d_29,scaled,16,3960,0.6648510726776765,0.7486627433685427,0.05776516884780818,0.057778430579903416,0.8537506620862907,0.60_to_0.75,17,0.7718272153747293,0.7566244239631337
robust_20d_29,scaled,17,6019,0.5178667800757875,0.6968474139350586,0.0879340357306459,0.08839956902580728,0.8342630518999874,below_0.60,17,0.5935972927009309,0.7049180327868853
robust_20d_29,scaled,18,534,0.6049894896592724,0.7092748659916617,0.007604214383875401,0.007739352663184627,0.8556468277687644,0.60_to_0.75,17,0.7103666354402944,0.7406679764243614
robust_20d_29,scaled,19,464,0.5645257027012136,0.7204186549260498,0.004916420845624385,0.005801518935670471,0.8278017470970491,below_0.60,17,0.6629329396004852,0.7681498829039812
robust_20d_29,scaled,20,511,0.43875195240009324,0.3868553523927289,0.007394391975986529,0.007528938918554287,0.7936803044359036,below_0.60,17,0.514826686890328,0.5662878787878788
robust_20d_29,scaled,21,400,0.4464020327064076,0.28395061728395066,0.005838748055275922,0.005866514633458777,0.8183113243163389,below_0.60,17,0.5241403735102472,0.5393258426966292
robust_20d_29,scaled,22,4129,0.5888497237245891,0.6944202223063605,0.06069369451816601,0.06069980731544427,0.7375019818788731,below_0.60,17,0.6819769881762421,0.700168918918919
robust_20d_29,scaled,23,1603,0.6589554210548545,0.7532779420683224,0.023252831018433687,0.02350132098313106,0.8715650088905652,0.60_to_0.75,17,0.7710633387369689,0.764102564102564
robust_20d_29,scaled,24,314,0.48016224229064236,0.5029214559386973,0.00414651002073255,0.004309343458103044,0.9116651624548736,below_0.60,17,0.5640942246128203,0.8540925266903915
robust_20d_29,scaled,25,455,0.45066543153389,0.6634378010597303,0.006523252831018434,0.006598039849398982,0.7940955462922334,below_0.60,17,0.5290089560499264,0.6923076923076923
robust_20d_29,scaled,26,1757,0.5232268426024917,0.7232117693727378,0.02521300961978928,0.025551247112715093,0.8103821313563395,below_0.60,17,0.6110261585367196,0.7541589648798521
robust_20d_29,scaled,27,1834,0.5736241239503184,0.6829044559220032,0.02663128031481651,0.026758568791877414,0.7710921367320093,below_0.60,17,0.6700939112545369,0.7025819265143992
robust_20d_29,scaled,28,1871,0.4889697065551353,0.6487929295987378,0.026642235455794777,0.02692393576309797,0.7367299703062002,below_0.60,17,0.5704390947015824,0.6974190005491488
robust_20d_29,fixed,0,400,0.7435621348241535,0.843741316756774,0.0005920663114268798,0.0010354724946585326,0.9422463768115942,0.60_to_0.75,17,0.7206770970513854,0.8472622478386167
robust_20d_29,fixed,1,1168,0.5244223720553911,0.7784918763102726,0.016882571120571524,0.017062158816770045,0.874196007325016,below_0.60,17,0.6139428476122529,0.8048016701461378
robust_20d_29,fixed,2,314,0.1567826254485517,0.0222552406061603,0.0009242144177449168,0.0010412016446184613,0.6584709792050538,below_0.60,17,0.18362081660429522,0.06922174423152132
robust_20d_29,fixed,3,1779,0.7650910333635028,0.8371930292993162,0.025853248556603085,0.025923164375242124,0.8862282912505496,0.75_to_0.85,17,0.8458908525736832,0.8382656572608397
robust_20d_29,fixed,4,1593,0.5925257435977631,0.5742997899984311,0.023240942062085473,0.023446776218538728,0.8789257965060062,below_0.60,17,0.6929218647290993,0.6924846625766872
robust_20d_29,fixed,5,813,0.4848886839445205,0.2916951952199906,0.011657013392775575,0.011775972426112596,0.8927205532784251,below_0.60,17,0.5683651270456093,0.6815203145478375
robust_20d_29,fixed,6,2908,0.665555493639652,0.8834351164598262,0.04289588448711841,0.04298497548517021,0.9141863843918638,0.60_to_0.75,17,0.7753277528161,0.8893034825870647
robust_20d_29,fixed,7,909,0.5798896312905142,0.7415997125035295,0.013248066845017774,0.013412270411826946,0.8940919296190546,below_0.60,17,0.6798328821382222,0.7580299785867237
robust_20d_29,fixed,8,599,0.5542013866231688,0.7532737008640623,0.008459556741152181,0.00861908089998187,0.9004955252918289,below_0.60,17,0.6504558437700082,0.7583497053045186
robust_20d_29,fixed,9,334,0.16712987286368802,0.006705835810013307,0.0,0.00081896551724138,0.5828415787841191,below_0.60,17,0.19579656347905428,0.018448121645796064
robust_20d_29,fixed,10,415,0.7013527299852331,0.8337837103299399,0.005900245538168359,0.005961636508349629,0.9430629394614988,0.60_to_0.75,17,0.8240622339999518,0.8922651933701657
robust_20d_29,fixed,11,1127,0.6621109103452044,0.7666032670149783,0.016655978011910214,0.016668142818497295,0.8298138137572515,0.60_to_0.75,17,0.7759866527565779,0.7775510204081633
robust_20d_29,fixed,12,1255,0.6805851785889625,0.8169418732011375,0.018160890139404015,0.01844664644626093,0.8720376721294308,0.60_to_0.75,17,0.7973938070405422,0.8236994219653179
robust_20d_29,fixed,13,474,0.5694608611415595,0.6914485542187235,0.001707067258449983,0.004207437395864381,0.8082873407427487,below_0.60,17,0.668704376844469,0.7233009708737864
robust_20d_29,fixed,14,10140,0.47312742416751624,0.2576898327344686,0.14744842959200452,0.14795067142692866,0.8776156449679297,below_0.60,17,0.5301914062310501,0.5044648318042814
robust_20d_29,fixed,15,337,0.2961417759859219,0.09900235139840377,0.0,0.00047858942065491224,0.7797930155567925,below_0.60,17,0.34753239242658307,0.37925445705024313
robust_20d_29,fixed,16,3960,0.6966005493683936,0.8055155554274246,0.057793088283798144,0.05782666331712967,0.8619737806342284,0.60_to_0.75,17,0.8091737406745911,0.8218814508994396
robust_20d_29,fixed,17,6019,0.5100345118946402,0.6861681617374364,0.0879340357306459,0.08826551127119599,0.8342630518999874,below_0.60,17,0.5843994611261585,0.7049180327868853
robust_20d_29,fixed,18,534,0.6058044991324614,0.7092748659916617,0.007604214383875401,0.0077154224325891975,0.8556468277687644,0.60_to_0.75,17,0.7113284336106835,0.7406679764243614
robust_20d_29,fixed,19,464,0.5514471248037683,0.7204186549260498,0.004916420845624385,0.005801518935670471,0.8262430627258647,below_0.60,17,0.6475298834862798,0.7681498829039812
robust_20d_29,fixed,20,511,0.37323628740895,0.3615726712515321,0.007016133452705049,0.007330353193831509,0.7387769079175327,below_0.60,17,0.4377716844609406,0.37850919651500486
robust_20d_29,fixed,21,400,0.34433245946645774,0.27641438097202176,0.005737150792055691,0.005813176070268156,0.8039304812834225,below_0.60,17,0.40406449894931906,0.2858499525166192
robust_20d_29,fixed,22,4129,0.5979598846972216,0.698105789799061,0.06051415102958104,0.060605546983937164,0.7375019818788731,below_0.60,17,0.6927053859963145,0.7013487475915221
robust_20d_29,fixed,23,1603,0.6071059210140216,0.6688471069457598,0.023252831018433687,0.023333971873283777,0.8680928507243518,0.60_to_0.75,17,0.7100846512721931,0.6750272628135223
robust_20d_29,fixed,24,314,0.1006031845448869,0.1326388835593485,0.0008278145695364238,0.0010641586463558607,0.16867899082949497,below_0.60,17,0.11755463069121981,0.13725490196078433
robust_20d_29,fixed,25,455,0.29429365158888304,0.06944343524457192,0.0002977963073257892,0.003254888156079798,0.7940955462922334,below_0.60,17,0.3450417706433531,0.1635725037631711
robust_20d_29,fixed,26,1757,0.4778772012257682,0.6480021451089146,0.02521300961978928,0.025551247112715093,0.8103821313563395,below_0.60,17,0.5576752423937564,0.68
robust_20d_29,fixed,27,1834,0.5099193404382927,0.6409735042855232,0.026548025798907384,0.026714860171025125,0.7704209524593898,below_0.60,17,0.5951520044472073,0.6869271587071877
robust_20d_29,fixed,28,1871,0.4536456093364216,0.6324755915600317,0.026642235455794777,0.027109295955884016,0.7267772669848399,below_0.60,17,0.5288583784451655,0.6555607695917409
direct_2d_70,scaled,0,267,0.8689841873439288,0.8998063340168603,0.543010752688172,0.629283543712015,0.9649916943521595,at_least_0.85,18,0.8687528023417448,0.9035892483502335
direct_2d_70,scaled,1,232,0.9505000409318998,0.9586197636949516,0.8492462311557789,0.8670806864511236,0.9920078577336642,at_least_0.85,18,0.9467672840892324,0.9522883410790058
direct_2d_70,scaled,2,225,0.21271591312642918,0.2278024354159554,0.0004982561036372695,0.001207799593851798,0.4562717560113533,below_0.60,18,0.22137503620437884,0.2278024354159554
direct_2d_70,scaled,3,488,0.46964561450625786,0.47410367026472744,0.00697716894977169,0.0071288388386312315,0.6744039363890623,below_0.60,18,0.521035480399802,0.4800880666003665
direct_2d_70,scaled,4,436,0.716404602451642,0.7916711882799783,0.006301139684395091,0.006314646800251752,0.8608446668549982,0.60_to_0.75,18,0.7953034074239259,0.7939583907412511
direct_2d_70,scaled,5,206,0.3486413537066655,0.2502579979360165,0.001937984496124031,0.00205005055611729,0.8569398907103825,below_0.60,18,0.38705275052591304,0.3652287581699346
direct_2d_70,scaled,6,772,0.33896846799693237,0.3485647457212927,0.011287465069131157,0.011323843352312062,0.5635199504661169,below_0.60,18,0.37537321355228087,0.3627851316880636
direct_2d_70,scaled,7,258,0.5493569462876793,0.595077690499398,0.003830648838948578,0.007592759265594893,0.8601819119163352,below_0.60,18,0.576954301988508,0.6092902782374054
direct_2d_70,scaled,8,737,0.4230020360182764,0.4172156739498859,0.010652852009266522,0.010798036609365217,0.6837286716428579,below_0.60,18,0.4688016313642952,0.4264499678575897
direct_2d_70,scaled,9,1872,0.6451261430639891,0.7311846592301605,0.027507205136623983,0.027559090915905672,0.7738748456313678,0.60_to_0.75,18,0.7137444009881663,0.7334819174049911
direct_2d_70,scaled,10,541,0.7249764316785462,0.8254357400993826,0.00754337899543379,0.007712029686653925,0.8708228119763104,0.60_to_0.75,18,0.8046714900829598,0.8347520866729312
direct_2d_70,scaled,11,247,0.12454168912910332,0.11662483415875657,0.003465003465003465,0.003534710263427361,0.36930650684931504,below_0.60,18,0.13797606259142312,0.12704349033355317
direct_2d_70,scaled,12,202,0.35780966569100775,0.27257449421498287,0.0027247956403269754,0.002766590770532393,0.8816201117318435,below_0.60,18,0.39724889889029974,0.4389101745423585
direct_2d_70,scaled,13,290,0.3839076372117221,0.23591450132478117,0.004031301873369694,0.004189949465254249,0.8003519493134994,below_0.60,18,0.4260975636420789,0.24474081595459396
direct_2d_70,scaled,14,607,0.48350323802355766,0.4507967780142854,0.008737527589792233,0.008794964541718547,0.7363519610470829,below_0.60,18,0.5362482658551542,0.478823406224456
direct_2d_70,scaled,15,954,0.4672278783981813,0.508091853407062,0.01395433789954338,0.014145038360212428,0.7533072916666667,below_0.60,18,0.5175693009728055,0.5167532318057921
direct_2d_70,scaled,16,288,0.36105878138183556,0.17669646107779982,0.003958337133580197,0.004012830191476635,0.7243018659076533,below_0.60,18,0.40073023506346667,0.35011231390541736
direct_2d_70,scaled,17,610,0.5131374522107244,0.6265778528076615,0.008774009959686982,0.00885749678134708,0.740807089224156,below_0.60,18,0.5691680701425168,0.627197249442469
direct_2d_70,scaled,18,328,0.3210230533183612,0.45486522253952777,0.004523813866948797,0.004717425249591599,0.5356811145510836,below_0.60,18,0.35616699087347214,0.46101515726089104
direct_2d_70,scaled,19,235,0.3202173062002453,0.18777692086679065,0.0026666666666666666,0.0030657534246575345,0.7894647562582345,below_0.60,18,0.35540659588861073,0.2262500277907468
direct_2d_70,scaled,20,526,0.32316929954314916,0.393734518233702,0.007652968036529681,0.007691582867579243,0.7192444882794828,below_0.60,18,0.3582221533560426,0.40672398465529697
direct_2d_70,scaled,21,369,0.4533001429130453,0.4604278418398484,0.005187214611872146,0.0054093021547337245,0.643206885026738,below_0.60,18,0.5030644931286304,0.46656281116500176
direct_2d_70,scaled,22,261,0.08604745572728041,0.012227841274783359,0.0007849293563579278,0.0009389875238460931,0.4601554253266843,below_0.60,18,0.09519354367586377,0.015604594130285213
direct_2d_70,scaled,23,267,0.47607942350490473,0.580602063046906,0.0038124076540012037,0.00391018981743739,0.8539851277754503,below_0.60,18,0.5285420998668839,0.6343838929994308
direct_2d_70,scaled,24,340,0.6470618204891456,0.7103448275862069,0.0050045662100456625,0.005096797672524753,0.8036014444330215,0.60_to_0.75,18,0.7183907281034925,0.7182087174234665
direct_2d_70,scaled,25,947,0.387911111787076,0.43102289959114726,0.011357224760206031,0.012521207522778535,0.7784361738114275,below_0.60,18,0.4296142942330355,0.4872051411547448
direct_2d_70,scaled,26,642,0.29573325628386193,0.21595963480216507,0.009388127853881278,0.009399681553889082,0.6693928938180325,below_0.60,18,0.32754803035502844,0.22385292076148877
direct_2d_70,scaled,27,870,0.4132785759140276,0.28785537557519497,0.012221593914740701,0.012576154156837042,0.7907026748757201,below_0.60,18,0.45779899376867406,0.2956563706563706
direct_2d_70,scaled,28,855,0.38045814948263146,0.2989636738746335,0.012182648401826484,0.012227141209010747,0.7376402171103643,below_0.60,18,0.42137244576562327,0.3080914794506934
direct_2d_70,scaled,29,485,0.361631605147786,0.3877988455578337,0.006794520547945206,0.006807669793572256,0.615574449014025,below_0.60,18,0.4010564099576364,0.40862451146240447
direct_2d_70,scaled,30,1398,0.6866428326394838,0.7567541837859505,0.020357162401269585,0.02045646003235603,0.7978013800568259,0.60_to_0.75,18,0.7606629600190412,0.7615222346151981
direct_2d_70,scaled,31,316,0.4195783887459785,0.44522023362983604,0.004414366757264552,0.004529871314687177,0.5803001988940616,below_0.60,18,0.4656942152175406,0.44953984801619123
direct_2d_70,scaled,32,233,0.48409150499487286,0.6446072446072446,0.0007601672367920942,0.0017920496761486952,0.7379528985507247,below_0.60,18,0.537491060535361,0.6607276880404633
direct_2d_70,scaled,33,452,0.5045017064186711,0.5101196207688319,0.006548585396107331,0.006778189981358176,0.7068570985598456,below_0.60,18,0.5598029766392776,0.5118216439225642
direct_2d_70,scaled,34,349,0.0485044242347091,0.04039425696416843,0.005242009132420091,0.005290771709571349,0.15760976207996064,below_0.60,18,0.05330565602067674,0.04138966268781664
direct_2d_70,scaled,35,212,0.12776347401573548,0.032694999893201945,0.0030645190711588626,0.003101109955280777,0.4169756838905775,below_0.60,18,0.14161463381845193,0.03496582884307095
direct_2d_70,scaled,36,247,0.1069416463105983,0.028553816974869604,0.003392860400211598,0.0035511147238097194,0.38725961538461534,below_0.60,18,0.11842855768969411,0.03953118089341
direct_2d_70,scaled,37,2098,0.7311814095329148,0.8644859527257117,0.03081109710883422,0.03097462938223282,0.8957733512637336,0.60_to_0.75,18,0.8089812065539063,0.8700149879828096
direct_2d_70,scaled,38,280,0.25587010479992156,0.278670987968141,0.0032102728731942215,0.00350491826663535,0.5617032173666218,below_0.60,18,0.2838650883384338,0.30168853255587946
direct_2d_70,scaled,39,414,0.3757026713629702,0.4409623015873016,0.00587355441246215,0.005903250769738976,0.6170207174827071,below_0.60,18,0.41679132221042114,0.45860734037204626
direct_2d_70,scaled,40,424,0.19107126041964567,0.06927409124618152,0.006202002882107221,0.006214499001690766,0.6261000967117988,below_0.60,18,0.2116108275004735,0.0718549267653858
direct_2d_70,scaled,41,262,0.1848609774700511,0.05420178799489144,0.0037029605443169586,0.0037919994912458555,0.6118380713489407,below_0.60,18,0.2049792321054334,0.05470313825275657
direct_2d_70,scaled,42,3075,0.5173343807543899,0.5606308741188146,0.04469406392694064,0.04490917661540061,0.6935516340070801,below_0.60,18,0.5698248121342281,0.5759604797650282
direct_2d_70,scaled,43,1141,0.27996405815310793,0.30908498586546446,0.01669406392694064,0.016709787695096345,0.48991877969550035,below_0.60,18,0.309214440696582,0.318157565479945
direct_2d_70,scaled,44,375,0.4749201333981013,0.5721940858206374,0.005552511415525114,0.0055750892881015245,0.7044999999999999,below_0.60,18,0.5270694507093142,0.5849277724126831
direct_2d_70,scaled,45,246,0.23098326730059654,0.12273389200477472,0.0010193679918450561,0.002207428825769184,0.5896964593773104,below_0.60,18,0.2562444725044247,0.16420882823206945
direct_2d_70,scaled,46,373,0.22318080335872675,0.13328228841380416,0.005588939014812515,0.005628872029127422,0.5560159145410942,below_0.60,18,0.2473530066467272,0.19298581343131252
direct_2d_70,scaled,47,238,0.24650013009838542,0.22071228304726914,0.003452054794520548,0.0034759248343238128,0.543136649449809,below_0.60,18,0.273502679981294,0.2569785286218894
direct_2d_70,scaled,48,819,0.39957482110322834,0.43744873391448735,0.012073059360730594,0.012100290459635381,0.5676609158363967,below_0.60,18,0.4426273874841018,0.4515426306281024
direct_2d_70,scaled,49,3362,0.6147238880247923,0.6770993978742366,0.04885844748858448,0.049105656566464255,0.7583151220619492,0.60_to_0.75,18,0.6775689125197066,0.6829703047311418
direct_2d_70,scaled,50,742,0.5376939068108243,0.5948263465476382,0.010904109589041096,0.010984047184198235,0.6942385455525334,below_0.60,18,0.5962167570757994,0.5976324689966178
direct_2d_70,scaled,51,583,0.442621443608469,0.5037657132446711,0.008390945075792123,0.008413465342873057,0.6384868713840676,below_0.60,18,0.4908666428294002,0.5218856814591412
direct_2d_70,scaled,52,252,0.2595754059988971,0.26523437150099877,0.003593513434632714,0.0036304301696205308,0.5612396800825592,below_0.60,18,0.28801352075925535,0.2855939965137235
direct_2d_70,scaled,53,675,0.37812945601727754,0.4244174742599882,0.00959486328231882,0.009644152538285874,0.6067951499301613,below_0.60,18,0.41907197927368034,0.4403039566944466
direct_2d_70,scaled,54,271,0.14944773552163723,0.07588810441037895,0.0039400959486328236,0.003968550373032232,0.46294743490089374,below_0.60,18,0.1656119230268951,0.08913813459268005
direct_2d_70,scaled,55,204,0.09279879340566596,0.08610973598694549,0.0028310502283105023,0.0029072896772634623,0.21928599233441126,below_0.60,18,0.10278629241964667,0.08784498407679175
direct_2d_70,scaled,56,1027,0.41107824921972125,0.45882156606279145,0.014684153882636216,0.014823336039525566,0.6296958766617607,below_0.60,18,0.45510575897566763,0.4702801369759688
direct_2d_70,scaled,57,1054,0.4275410290208438,0.4797698433779294,0.01504995342550821,0.015144800090994098,0.6339264049633931,below_0.60,18,0.4733622775764091,0.4856293272417051
direct_2d_70,scaled,58,778,0.3974848499407294,0.45646579239697005,0.011232876712328766,0.01149456787507437,0.6934086707120508,below_0.60,18,0.44037112870145867,0.5417003689163329
direct_2d_70,scaled,59,215,0.07647239484747018,0.04767305193947996,0.0031010014410536107,0.003146290596735794,0.3023800813008128,below_0.60,18,0.08461947491535479,0.05059186506355866
direct_2d_70,scaled,60,225,0.27019176751898194,0.22153190111195076,0.0031739661808431077,0.003201948683298796,0.5783842165898617,below_0.60,18,0.29985713930480373,0.2731139820645604
direct_2d_70,scaled,61,332,0.37362232613228696,0.4830412150778284,0.004675799086757991,0.004724909987248662,0.6024139636075949,below_0.60,18,0.41461064072793163,0.4908583023690937
direct_2d_70,scaled,62,3306,0.49092696706404204,0.5536431022976451,0.0480365296803653,0.048180269634699034,0.6194292249388518,below_0.60,18,0.540120203971663,0.556272644419203
direct_2d_70,scaled,63,286,0.1000975081997433,0.058356861514866326,0.0041954725378960615,0.004293490662304108,0.2565112640801001,below_0.60,18,0.11074182583183063,0.08067447614357243
direct_2d_70,scaled,64,379,0.23312540072090893,0.22598805042486655,0.005563561408949125,0.005566988461159478,0.5076893939393937,below_0.60,18,0.258409648708529,0.3439392171731902
direct_2d_70,scaled,65,2569,0.42998027002289,0.5048689948411629,0.037503876251801314,0.03757903274909066,0.5919752540383777,below_0.60,18,0.47357996798607666,0.51396553610999
direct_2d_70,scaled,66,208,0.11637576624914443,0.024998892620340676,0.0028310502283105023,0.0029159542401134653,0.4960609597924773,below_0.60,18,0.12898191551323676,0.02563155840900546
direct_2d_70,scaled,67,1303,0.4300778751337197,0.5286408520242629,0.01864840182648402,0.018992176705607017,0.735875031357757,below_0.60,18,0.4757520534685445,0.5975522966846907
direct_2d_70,scaled,68,429,0.14806937852422963,0.09875819536153052,0.005910143922949235,0.006174058436260677,0.4740717669197327,below_0.60,18,0.16383398184094367,0.10648782418461833
direct_2d_70,scaled,69,1233,0.2942908623397904,0.302792625249806,0.017844748858447487,0.01798106862358765,0.5298248453942009,below_0.60,18,0.3249911533388706,0.3233738835715335
direct_2d_70,fixed,0,267,0.8689841873439288,0.8998063340168603,0.543010752688172,0.629283543712015,0.9649916943521595,at_least_0.85,16,0.8874022370849586,0.9041170200616697
direct_2d_70,fixed,1,232,0.08954401315097879,3.681817345041512e-05,0.0,0.0,0.8873479104214425,below_0.60,16,0.11191739135474849,0.0001339405304045004
direct_2d_70,fixed,2,225,0.18562001665252342,0.1860343685792396,0.0008928571428571428,0.0014149651394422314,0.44526730172379037,below_0.60,16,0.1991167565283117,0.1860343685792396
direct_2d_70,fixed,3,488,0.307049957647146,0.22805720898534473,0.0022865853658536584,0.0029324536707650583,0.7052889397254823,below_0.60,16,0.35270882523425406,0.4018062792836187
direct_2d_70,fixed,4,436,0.7043368796245433,0.7855907015478276,0.006301139684395091,0.006314646800251752,0.8608446668549982,0.60_to_0.75,16,0.7828471639079241,0.7935243158633345
direct_2d_70,fixed,5,206,0.08538989806832521,0.0030150617155172785,0.0015378700499807767,0.0017279244118988226,0.4085374477659912,below_0.60,16,0.10600138962431876,0.03526372241229478
direct_2d_70,fixed,6,772,0.2957433365459954,0.34303926215586367,0.011287465069131157,0.011295728530290459,0.5635199504661169,below_0.60,16,0.3668453504717719,0.3497113537898075
direct_2d_70,fixed,7,258,0.45255145594879675,0.5515769554247267,0.003830648838948578,0.0038719856357578306,0.8374947196910265,below_0.60,16,0.4850351338575677,0.5515769554247267
direct_2d_70,fixed,8,737,0.3368833872931001,0.3894191024026247,0.010652852009266522,0.010798036609365217,0.5983251770288807,below_0.60,16,0.41836299351603967,0.40278907139372255
direct_2d_70,fixed,9,1872,0.5731625070121746,0.7247074204621374,0.02733024350768778,0.027395128737394817,0.7738748456313678,below_0.60,16,0.7095830880782334,0.7311846592301605
direct_2d_70,fixed,10,541,0.6448270555962016,0.8015911760970343,0.00754337899543379,0.007712029686653925,0.8708228119763104,0.60_to_0.75,16,0.804066461719759,0.8347520866729312
direct_2d_70,fixed,11,247,0.09329805039949625,0.10460788327688242,0.003531424157148375,0.003556223599192654,0.18070467341250865,below_0.60,16,0.11572383089921907,0.10780275072080922
direct_2d_70,fixed,12,202,0.07252819112191615,0.0030947395526281906,0.0,0.0006358768406961184,0.5663190784520402,below_0.60,16,0.08992765052889944,0.004832640471262169
direct_2d_70,fixed,13,290,0.22688279804512995,0.21717877348391101,0.004031301873369694,0.004134573654206643,0.7132232889237199,below_0.60,16,0.2825349737632513,0.22153611942661477
direct_2d_70,fixed,14,607,0.3699851901437781,0.4386961488506017,0.008737527589792233,0.008789427476640186,0.5959458527656586,below_0.60,16,0.46027001629351827,0.4477500227308304
direct_2d_70,fixed,15,954,0.40954887426722514,0.4540992503426551,0.01379462561386084,0.013870488949560047,0.7533072916666667,below_0.60,16,0.5084167011998338,0.46604663131268703
direct_2d_70,fixed,16,288,0.25648869122840234,0.14600297858364386,0.003958337133580197,0.004012830191476635,0.7066951296647691,below_0.60,16,0.31957552132856615,0.1592136587207534
direct_2d_70,fixed,17,610,0.4709562094106309,0.6234618530202126,0.008774009959686982,0.008835596939374133,0.740807089224156,below_0.60,16,0.5864689152440106,0.627698974522745
direct_2d_70,fixed,18,328,0.1491544709891452,0.03820541953353196,0.00411214953271028,0.0041513281691024275,0.5356811145510836,below_0.60,16,0.18525081026811877,0.0648755998963954
direct_2d_70,fixed,19,235,0.21083795188046484,0.11155624036979969,0.003232718808881664,0.003362930799320408,0.6892856554337973,below_0.60,16,0.2626797207789122,0.17874983240851666
direct_2d_70,fixed,20,526,0.2836578534314852,0.36060120221962455,0.007652968036529681,0.007678442036242954,0.7192444882794828,below_0.60,16,0.3526371174656946,0.38742532134051344
direct_2d_70,fixed,21,369,0.39378787815943617,0.4511321614376384,0.005187214611872146,0.005224026578389192,0.643206885026738,below_0.60,16,0.49088446314643897,0.49988790272594197
direct_2d_70,fixed,22,261,0.049937518492414755,0.012227841274783359,0.0,0.00016660820764643997,0.3736059766609074,below_0.60,16,0.06148066039953524,0.019547435089888873
direct_2d_70,fixed,23,267,0.32696409554342637,0.23287615785231727,0.0013908205841446453,0.0025410744423265113,0.8499492694805194,below_0.60,16,0.4077295234740297,0.4867840909090909
direct_2d_70,fixed,24,340,0.579022485611828,0.7103448275862069,0.004782136879471758,0.004809461820345401,0.8036014444330215,below_0.60,16,0.7225390380228909,0.7318887626467565
direct_2d_70,fixed,25,947,0.3443070763255609,0.31212503115870116,0.011357224760206031,0.012521207522778535,0.7784361738114275,below_0.60,16,0.42704849412437407,0.4872051411547448
direct_2d_70,fixed,26,642,0.2331869747698169,0.20909544806351144,0.009236339453947612,0.009308438943916104,0.657096096096096,below_0.60,16,0.2891439899002554,0.21595963480216507
direct_2d_70,fixed,27,870,0.3708685228056809,0.2792623158873583,0.012221593914740701,0.01253184167925027,0.7907026748757201,below_0.60,16,0.4603949865808604,0.28785537557519497
direct_2d_70,fixed,28,855,0.3080780881163504,0.2903976103944131,0.012182648401826484,0.012227141209010747,0.6154779702058217,below_0.60,16,0.3819825326408684,0.2989636738746335
direct_2d_70,fixed,29,485,0.3004114043956846,0.3081870883496678,0.006794520547945206,0.006807669793572256,0.615574449014025,below_0.60,16,0.37376576792381555,0.3594776950731683
direct_2d_70,fixed,30,1398,0.5895007419847085,0.7403867769974571,0.020323707927165716,0.020339598802365053,0.7978013800568259,below_0.60,16,0.7317548974339518,0.7561464585834334
direct_2d_70,fixed,31,316,0.30507121882036775,0.3686178833350823,0.004414366757264552,0.004528722212838948,0.577203329028555,below_0.60,16,0.3801890987777603,0.4108843537414966
direct_2d_70,fixed,32,233,0.20859442963091884,0.014770485197673126,0.0008278145695364238,0.001246106065863115,0.6756933652121937,below_0.60,16,0.25989021232328247,0.03588925850126994
direct_2d_70,fixed,33,452,0.384363587328714,0.44637978796366184,0.006548585396107331,0.006605609948687682,0.6849812896510705,below_0.60,16,0.4787612766448517,0.46911089143455253
direct_2d_70,fixed,34,349,0.04057809693767185,0.03829769064091379,0.005079986699671186,0.005087030170852359,0.1301504629629628,below_0.60,16,0.049425028791982045,0.04012362962989338
direct_2d_70,fixed,35,212,0.10359906876973475,0.029268081608961563,0.0030645190711588626,0.0030678840814510845,0.3951216336854635,below_0.60,16,0.12870423638949374,0.032887383003923056
direct_2d_70,fixed,36,247,0.0685757729906036,0.022560160115223105,0.003392860400211598,0.0035285709545334622,0.38725961538461534,below_0.60,16,0.08481396683766614,0.0241318647534573
direct_2d_70,fixed,37,2098,0.6799072036392045,0.8644859527257117,0.030701025214740926,0.03075330936443524,0.8957733512637336,0.60_to_0.75,16,0.8421506923749346,0.8708737203345205
direct_2d_70,fixed,38,280,0.22746850985772973,0.2520553417096376,0.0037684264972106256,0.003797948919243962,0.5617032173666218,below_0.60,16,0.28334285839958673,0.30168853255587946
direct_2d_70,fixed,39,414,0.32482050943163177,0.4171454337274929,0.00587355441246215,0.005903250769738976,0.6170207174827071,below_0.60,16,0.40451913737380196,0.4409623015873016
direct_2d_70,fixed,40,424,0.20511377349660473,0.06661970737918507,0.006179992275009656,0.006190447313381,0.6261000967117988,below_0.60,16,0.2548330647129554,0.0718549267653858
direct_2d_70,fixed,41,262,0.1412226050119138,0.04844522615505385,0.003696959664514705,0.0036998100824207755,0.6118380713489407,below_0.60,16,0.17559054753812833,0.0502397397611752
direct_2d_70,fixed,42,3075,0.4535456099552285,0.5444222661650981,0.04469406392694064,0.04490917661540061,0.707418077058141,below_0.60,16,0.5556050897417718,0.5593353916885178
direct_2d_70,fixed,43,1141,0.24050566484308084,0.2736006742046492,0.01669406392694064,0.016709787695096345,0.48991877969550035,below_0.60,16,0.29642585112332087,0.30908498586546446
direct_2d_70,fixed,44,375,0.44112100503760815,0.5511330852230107,0.005462671743088892,0.005505345587496098,0.7044999999999999,below_0.60,16,0.550007205544442,0.5898101935874168
direct_2d_70,fixed,45,246,0.19472335985865935,0.0779997198536588,0.003520548694843217,0.0035344511356602787,0.5705697174447174,below_0.60,16,0.2425043024713418,0.12273389200477472
direct_2d_70,fixed,46,373,0.1623487994050888,0.0709204986889449,0.005241957733267119,0.0054067738420011825,0.5405944055944054,below_0.60,16,0.20155236973550972,0.10074175428489127
direct_2d_70,fixed,47,238,0.1231333410413203,0.04187633089053405,0.003452054794520548,0.0034759248343238128,0.4724717969379531,below_0.60,16,0.15301889566921725,0.07130920698664889
direct_2d_70,fixed,48,819,0.34507283066517924,0.4090138346134843,0.011955342198679395,0.012011257850653715,0.5379334977360931,below_0.60,16,0.42830989388673235,0.43744873391448735
direct_2d_70,fixed,49,3362,0.5472438205678041,0.641378060990248,0.04885844748858448,0.049105656566464255,0.7583151220619492,below_0.60,16,0.6717090132099648,0.6777047192108847
direct_2d_70,fixed,50,742,0.47906392065977005,0.5751455816693689,0.010704629476356012,0.010799382529881427,0.6942385455525334,below_0.60,16,0.5960946170163968,0.5976324689966178
direct_2d_70,fixed,51,583,0.34897091579168227,0.4614765121971539,0.008368123545276536,0.00837896377227144,0.5934536056846518,below_0.60,16,0.43410886215651284,0.47213599408721363
direct_2d_70,fixed,52,252,0.18096204806327565,0.20892138902250562,0.0035682098254520038,0.0035802290398128413,0.3944561511729748,below_0.60,16,0.22529112820690084,0.2263802801762746
direct_2d_70,fixed,53,675,0.25238373571771133,0.2622716539369746,0.00959486328231882,0.00960882943594875,0.5501979556579325,below_0.60,16,0.31304810289246704,0.37266652838686737
direct_2d_70,fixed,54,271,0.10626647318748741,0.0364691970991812,0.0038992808401846642,0.00391866801669754,0.46294743490089374,below_0.60,16,0.1318287402181889,0.05238124575825319
direct_2d_70,fixed,55,204,0.06314049373334843,0.07572317595957705,0.0028310502283105023,0.0029072896772634623,0.16147162302205875,below_0.60,16,0.0780721628717837,0.08280087634605496
direct_2d_70,fixed,56,1027,0.31827680130728353,0.37811227234304157,0.014684153882636216,0.014711249728421697,0.5934629981024668,below_0.60,16,0.39413051045053615,0.4427196117047031
direct_2d_70,fixed,57,1054,0.3012280962051269,0.2744850571098058,0.01504995342550821,0.015113749793335008,0.6339264049633931,below_0.60,16,0.3727060641744042,0.4455122615577535
direct_2d_70,fixed,58,778,0.33948273454319183,0.3215440469238432,0.011232876712328766,0.011244057161905064,0.6934086707120508,below_0.60,16,0.42149784241309474,0.45646579239697005
direct_2d_70,fixed,59,215,0.06357052704851932,0.03938601092990665,0.003089996137504828,0.0030952236566905,0.3023800813008128,below_0.60,16,0.07868248664395862,0.04633608597670792
direct_2d_70,fixed,60,225,0.10837238493107967,0.05296878417298414,0.0031739661808431077,0.003201948683298796,0.42308270522903196,below_0.60,16,0.13465377392535582,0.0897855220580458
direct_2d_70,fixed,61,332,0.2390289974939214,0.10562782512680721,0.004675799086757991,0.004718621320710505,0.6008510293026705,below_0.60,16,0.2975893581015334,0.35424417870430636
direct_2d_70,fixed,62,3306,0.4549311445472467,0.5577538504208359,0.0480365296803653,0.048180269634699034,0.6290888882346013,below_0.60,16,0.5565692989997297,0.5615550003507868
direct_2d_70,fixed,63,286,0.08147915278636976,0.041635020954320937,0.00413788007536853,0.004165236495069107,0.23428940416096608,below_0.60,16,0.10078054843350825,0.06523998905792984
direct_2d_70,fixed,64,379,0.1625498336555146,0.0914165943575583,0.005563561408949125,0.005566988461159478,0.5076893939393937,below_0.60,16,0.20179211074994668,0.101161731967786
direct_2d_70,fixed,65,2569,0.38242405718398026,0.44861144199589703,0.037503876251801314,0.03757903274909066,0.5919752540383777,below_0.60,16,0.4685626822612209,0.5027715356252983
direct_2d_70,fixed,66,208,0.047131106686313776,0.02379158315426339,0.0028310502283105023,0.0029159542401134653,0.26255756654692786,below_0.60,16,0.058152506272272114,0.02434993228105111
direct_2d_70,fixed,67,1303,0.35937952097491965,0.1888011812504689,0.01864840182648402,0.01891591433940435,0.7243429565131327,below_0.60,16,0.44444611134405887,0.5251465737746784
direct_2d_70,fixed,68,429,0.09270778966608609,0.06196422579466618,0.005910143922949235,0.006094937725654677,0.37699905691151414,below_0.60,16,0.11432209859489366,0.08777317747147756
direct_2d_70,fixed,69,1233,0.22674225640527884,0.18630450521988928,0.017844748858447487,0.017932427092385156,0.5099972504615297,below_0.60,16,0.27891899827010275,0.2647737857394226
direct_2d_historical_params,scaled,0,235,0.9550398595864996,0.9668367346938775,0.8366336633663366,0.8634187197789547,1.0,at_least_0.85,19,0.9526735364068417,0.9642857142857143
direct_2d_historical_params,scaled,1,293,0.5331272880363029,0.5561234676356667,0.004404965597582729,0.176679695546326,0.7546132639389879,below_0.60,19,0.5609547786909724,0.5822784810126582
direct_2d_historical_params,scaled,2,265,0.8719815308850501,0.896147717686756,0.579250720461095,0.6448674978072924,0.9530753968253968,at_least_0.85,19,0.8730163127681849,0.8986784140969163
direct_2d_historical_params,scaled,3,208,0.27844835267603346,0.1663613857967572,0.0006854771476740093,0.0017905983940951211,0.7511638397690363,below_0.60,19,0.25724465116852563,0.15741789354473387
direct_2d_historical_params,scaled,4,411,0.719538205547601,0.8282380616325571,0.005897557246350432,0.005975111177607559,0.887518063583815,0.60_to_0.75,19,0.7570982396687193,0.8338461538461538
direct_2d_historical_params,scaled,5,311,0.6400867297224622,0.7829668891506347,0.004514463001839226,0.004533625253456043,0.8771591743317355,0.60_to_0.75,19,0.6735177981972525,0.784452296819788
direct_2d_historical_params,scaled,6,554,0.6599069559066629,0.8240528534646181,0.007915809579782544,0.007966172710573514,0.8809532557913179,0.60_to_0.75,19,0.694214499092762,0.8398268398268398
direct_2d_historical_params,scaled,7,161,0.3416718570645968,0.2662293959961216,0.0015961691939345571,0.0019272004450729043,0.8853763143331488,below_0.60,19,0.3595338981158352,0.2786516853932584
direct_2d_historical_params,scaled,8,161,0.3825184151341337,0.30457267283614586,0.0023141345871290036,0.0023356615641246426,0.8153893725322297,below_0.60,19,0.4025168408146032,0.36363636363636365
direct_2d_historical_params,scaled,9,235,0.7301162613658703,0.8762135922330097,0.0034895680282104025,0.003518014696116661,0.9697859788722732,0.60_to_0.75,19,0.7683566195561727,0.8786407766990292
direct_2d_historical_params,scaled,10,197,0.37361233234891145,0.38487403392552444,0.0027296529441256756,0.0027678275664564586,0.75805791186513,below_0.60,19,0.393121898457486,0.45267489711934156
direct_2d_historical_params,scaled,11,194,0.3538390193541488,0.4208311181995392,0.0026757435654738066,0.002727811441730581,0.7040998217468805,below_0.60,19,0.3723212970272369,0.44107744107744107
direct_2d_historical_params,scaled,12,799,0.38701445772734566,0.45348118001425586,0.01141286541191889,0.011557368141788493,0.7237752202330207,below_0.60,19,0.4067829625860523,0.46636085626911317
direct_2d_historical_params,scaled,13,562,0.5502973524681872,0.6786195943659039,0.008133251629435685,0.008151958942001027,0.8875367463593885,below_0.60,19,0.5788235149268222,0.6813559322033899
direct_2d_historical_params,scaled,14,968,0.4664490998460263,0.5147012176569974,0.0142151371007732,0.014310429794179383,0.7408625345643488,below_0.60,19,0.4902383863789227,0.5195530726256983
direct_2d_historical_params,scaled,15,245,0.4166065819091497,0.3861477568145395,0.0034766464013979395,0.0034827841741338593,0.8349784411276948,below_0.60,19,0.43835026272534705,0.6101083032490975
direct_2d_historical_params,scaled,16,1251,0.5006093922776917,0.4107835087822186,0.017929302122392514,0.018184666767379096,0.8395245754744697,below_0.60,19,0.5260136075490234,0.41194029850746267
direct_2d_historical_params,scaled,17,1092,0.5226825408437814,0.6275480201666948,0.015978548339700263,0.016159428461968436,0.7579053588812118,below_0.60,19,0.5493299322849234,0.6278836509528586
direct_2d_historical_params,scaled,18,416,0.4242084671726,0.5329485205537696,0.005618183821099402,0.005837347299699087,0.6814434238258517,below_0.60,19,0.4462152506754658,0.5390428211586902
direct_2d_historical_params,scaled,19,1688,0.65596419088911,0.8087554607863532,0.02473652596516136,0.02474851366630745,0.8686606102997932,0.60_to_0.75,19,0.6891866995693177,0.8092105263157895
direct_2d_historical_params,scaled,20,2858,0.6106882113679746,0.8348190329131506,0.040991663329571514,0.04151584804967065,0.8897402976979684,0.60_to_0.75,19,0.640672240212101,0.837171052631579
direct_2d_historical_params,scaled,21,186,0.09841064884578218,0.010171156645538634,0.0010515247108307045,0.0012404562702875693,0.4636486486486486,below_0.60,19,0.10341113770375927,0.013827655310621242
direct_2d_historical_params,scaled,22,213,0.4899319251704207,0.6392651888341543,0.0019193857965451055,0.0024342857196760423,0.8519454733802109,below_0.60,19,0.515559743040721,0.6594827586206896
direct_2d_historical_params,scaled,23,225,0.3401317919370217,0.46053889613211646,0.0024390243902439024,0.002715742091528455,0.6290340909090908,below_0.60,19,0.3578744342509757,0.48717948717948717
direct_2d_historical_params,scaled,24,272,0.21208140169970804,0.28161476355247983,0.0037834263884807522,0.003784689767345675,0.41392033744607165,below_0.60,19,0.22304431304530006,0.29333333333333333
direct_2d_historical_params,scaled,25,456,0.17622963221985227,0.06855561998948272,0.006698460082274564,0.006788101486443793,0.4954397234172117,below_0.60,19,0.1851523254902511,0.06915007493042175
direct_2d_historical_params,scaled,26,2031,0.6656181531285459,0.8675896304467733,0.02985435089544475,0.02994560533252562,0.8928225399208407,0.60_to_0.75,19,0.6990623229922791,0.8681081081081081
direct_2d_historical_params,scaled,27,222,0.5193691058574028,0.6727931692720426,0.003268155905891965,0.0032807277896518567,0.773997461928934,below_0.60,19,0.5465309207430767,0.6807511737089202
direct_2d_historical_params,scaled,28,233,0.16088358319093854,0.162987896952503,0.0032309577747242544,0.0033217215419126212,0.45747112239334853,below_0.60,19,0.1691710328646796,0.16454081632653061
direct_2d_historical_params,scaled,29,325,0.3013863631216947,0.3204968290471047,0.0046051074828446096,0.004712069003502245,0.6094018817204301,below_0.60,19,0.31700642920794997,0.32360742705570295
direct_2d_historical_params,scaled,30,593,0.3358464764555735,0.40551114349824313,0.008393218576495274,0.008428166905172509,0.5298645809800164,below_0.60,19,0.35306084224161394,0.40874524714828897
direct_2d_historical_params,scaled,31,1289,0.4855107837983789,0.6612482762894905,0.018641639729650307,0.018873922636798802,0.7858689863881962,below_0.60,19,0.510057106294279,0.6615523465703971
direct_2d_historical_params,scaled,32,271,0.4228718806196984,0.5609273182957393,0.003985454011166617,0.003988729389323934,0.7723165495706479,below_0.60,19,0.44491753148496554,0.575187969924812
direct_2d_historical_params,scaled,33,714,0.3377383970103219,0.3769629476277999,0.010268122400475341,0.01031040094159944,0.6743072006355625,below_0.60,19,0.3549689900184718,0.39191290824261277
direct_2d_historical_params,scaled,34,368,0.16265573325001514,0.14211533147703362,0.005385029617662897,0.005426868730289771,0.42053992012242913,below_0.60,19,0.17092340788543128,0.16043956043956045
direct_2d_historical_params,scaled,35,242,0.3410972250528926,0.32318982387475537,0.0034895039394662896,0.003543888219451168,0.6980326492155174,below_0.60,19,0.35886002652091387,0.34637964774951074
direct_2d_historical_params,scaled,36,250,0.3914088856505374,0.4806693669834346,0.003549455750118315,0.0035834241596259977,0.6120443221394616,below_0.60,19,0.4118225398558226,0.48854961832061067
direct_2d_historical_params,scaled,37,1216,0.6363719415439347,0.7786733461841839,0.017456041355710075,0.017626624180158014,0.8464432943495989,0.60_to_0.75,19,0.6689464626064728,0.780209324452902
direct_2d_historical_params,scaled,38,315,0.32554577026057,0.38570114096429886,0.004386763260402635,0.004405515448708151,0.5568741724433366,below_0.60,19,0.3424488758921577,0.40034965034965037
direct_2d_historical_params,scaled,39,3296,0.3924790582489171,0.43656492783727746,0.0473616192504414,0.047826207732106184,0.6725497874119085,below_0.60,19,0.41064313398567903,0.44781712572606336
direct_2d_historical_params,scaled,40,253,0.4906851300573013,0.6811757180587652,0.0036768721103789728,0.003720880205821874,0.8225788911736792,below_0.60,19,0.5163171436334552,0.6971153846153846
direct_2d_historical_params,scaled,41,328,0.4470069301361166,0.5254842481119854,0.004607438784230669,0.004703364909007232,0.7954295532646048,below_0.60,19,0.4702797359668214,0.5401459854014599
direct_2d_historical_params,scaled,42,301,0.19682519352116595,0.20859247135842882,0.004259346900141978,0.004277554419077624,0.3818139315036118,below_0.60,19,0.20696023808016722,0.20949263502454993
direct_2d_historical_params,scaled,43,3881,0.46713982856375597,0.5660613146164428,0.0563362335723907,0.056498539963148374,0.6866260826564871,below_0.60,19,0.48876107040540684,0.5682281059063137
direct_2d_historical_params,scaled,44,197,0.3448548771869312,0.4279585326953748,0.0024330900243309003,0.0024592934185124933,0.6184969982847341,below_0.60,19,0.3628614312190321,0.44363636363636366
direct_2d_historical_params,scaled,45,475,0.3816490420009823,0.46229280444572196,0.006948314940734961,0.006980402810826789,0.6041148495428694,below_0.60,19,0.4013583746931942,0.4694835680751174
direct_2d_historical_params,scaled,46,3170,0.5192351612389653,0.6203601200959425,0.04627034111179876,0.046283160087298554,0.7248188014080731,below_0.60,19,0.5441280465088162,0.623249299719888
direct_2d_historical_params,scaled,47,466,0.18430234601268036,0.1729316110586373,0.0067348647566347515,0.006781102263468919,0.42998116066167913,below_0.60,19,0.19364800292089326,0.19767441860465115
direct_2d_historical_params,scaled,48,493,0.22776749249624242,0.18191434468524253,0.006916888128435691,0.006981351574510724,0.5469302294908994,below_0.60,19,0.23939120851560064,0.29248366013071897
direct_2d_historical_params,scaled,49,412,0.20299483650363132,0.12066492914049395,0.005770140886089774,0.005890769748329662,0.6171119592875316,below_0.60,19,0.21337508364139665,0.16163141993957703
direct_2d_historical_params,scaled,50,297,0.20950214966485986,0.20498583002957044,0.0042793123714369675,0.004293976712835939,0.5361739130434781,below_0.60,19,0.22029482226448707,0.2533136966126657
direct_2d_historical_params,scaled,51,250,0.14520251568558087,0.05772769162576971,0.003549455750118315,0.003609885081023134,0.3825214859736587,below_0.60,19,0.15265793989271048,0.0581039755351682
direct_2d_historical_params,scaled,52,761,0.308554487320073,0.19796706846721973,0.011202764463270539,0.011211766506308422,0.7091138328530259,below_0.60,19,0.3241887299633495,0.2993920972644377
direct_2d_historical_params,scaled,53,217,0.23488722888610986,0.1950934895246677,0.0029123739488150276,0.0029771404580064,0.5092964480874317,below_0.60,19,0.24709643177754642,0.22956521739130434
direct_2d_historical_params,scaled,54,272,0.4017681077710771,0.5010574915400676,0.003893623273582133,0.003920358123468801,0.6635885000387988,below_0.60,19,0.42270590780281375,0.5108359133126935
direct_2d_historical_params,scaled,55,1104,0.4289715930018153,0.5117056347271022,0.015927045032582184,0.01593317763963477,0.6565875035340684,below_0.60,19,0.45071077973703816,0.5163081193615545
direct_2d_historical_params,scaled,56,396,0.15847168748270304,0.1333223219916514,0.005711871877754922,0.0057654879871956105,0.4652154360116497,below_0.60,19,0.166505736934549,0.14084507042253522
direct_2d_historical_params,scaled,57,1287,0.4461877789641284,0.5227286365435441,0.01845797825448134,0.018775354929952952,0.6719432554488615,below_0.60,19,0.4686577635024226,0.5353293413173653
direct_2d_historical_params,scaled,58,300,0.161015804619889,0.06674345287310016,0.004224213928886277,0.004334586024436228,0.5762602668955008,below_0.60,19,0.16925273225142723,0.06911344137273594
direct_2d_historical_params,scaled,59,712,0.4037162598580313,0.5082955661902196,0.010247915832392878,0.010274274971571351,0.6187014658162694,below_0.60,19,0.4244251200699069,0.5143884892086331
direct_2d_historical_params,scaled,60,659,0.34664047891879185,0.3881424457066702,0.009246787287487714,0.009337526949458714,0.5711146208888741,below_0.60,19,0.3643980416362289,0.39581351094196005
direct_2d_historical_params,scaled,61,2051,0.3843637763715409,0.3691179362323842,0.029560595580472533,0.029878885115833885,0.7140750306321024,below_0.60,19,0.4030376279921234,0.43344068706387545
direct_2d_historical_params,scaled,62,261,0.16299764053101518,0.048209040426524435,0.0038406931449998178,0.0038862690131892274,0.5900438339080039,below_0.60,19,0.1713743219723844,0.054816824966078696
direct_2d_historical_params,fixed,0,235,0.9550398595864996,0.9668367346938775,0.8366336633663366,0.8634187197789547,1.0,at_least_0.85,18,0.9535673236597962,0.9668367346938775
direct_2d_historical_params,fixed,1,293,0.4812038725974526,0.5149842271293376,0.004179538433581683,0.00428661633648218,0.7546132639389879,below_0.60,18,0.534194052662105,0.5561234676356667
direct_2d_historical_params,fixed,2,265,0.8719815308850501,0.896147717686756,0.579250720461095,0.6448674978072924,0.9530753968253968,at_least_0.85,18,0.8790088015246664,0.9016213647248067
direct_2d_historical_params,fixed,3,208,0.10624480639950322,0.14316291031040052,0.0006854771476740093,0.0007049410649857217,0.24802400555500445,below_0.60,18,0.1178377965464723,0.1473865106489795
direct_2d_historical_params,fixed,4,411,0.6827278019064316,0.8282380616325571,0.005897557246350432,0.005927503445153196,0.887518063583815,0.60_to_0.75,18,0.7579276599448261,0.8375817595578074
direct_2d_historical_params,fixed,5,311,0.6004947963596122,0.7771043771043771,0.004514463001839226,0.0045194534016179885,0.8771591743317355,0.60_to_0.75,18,0.6666930294102312,0.7829668891506347
direct_2d_historical_params,fixed,6,554,0.6174339453563722,0.8006274187637676,0.007915809579782544,0.007953866468289666,0.8809532557913179,0.60_to_0.75,18,0.6851455190228667,0.8240528534646181
direct_2d_historical_params,fixed,7,161,0.24091620361558846,0.175398378529494,0.0,0.001061732209057208,0.7670208244793878,below_0.60,18,0.2674330983065235,0.19856188089270796
direct_2d_historical_params,fixed,8,161,0.17278480338888397,0.10576351752822341,0.000846740050804403,0.0013282594569048703,0.6459849531705816,below_0.60,18,0.19171332358902307,0.14296288003184554
direct_2d_historical_params,fixed,9,235,0.7001795909064528,0.8762135922330097,0.003307407138184197,0.0033939335609466446,0.9697859788722732,0.60_to_0.75,18,0.7775963864022641,0.885133196231288
direct_2d_historical_params,fixed,10,197,0.2622837941973626,0.1405156640902132,0.0027296529441256756,0.0027623910492823203,0.75805791186513,below_0.60,18,0.29110815179947136,0.18284276003591127
direct_2d_historical_params,fixed,11,194,0.2828667144815105,0.21710204764109686,0.0026757435654738066,0.002727811441730581,0.7040998217468805,below_0.60,18,0.31399222059966475,0.35220627325890486
direct_2d_historical_params,fixed,12,799,0.3722059749942558,0.397554850240355,0.011321509049938214,0.011364903321879035,0.7237752202330207,below_0.60,18,0.4122991736346254,0.45671778565356125
direct_2d_historical_params,fixed,13,562,0.49693561536169406,0.6532838648988843,0.008133251629435685,0.00813707929779218,0.8875367463593885,below_0.60,18,0.5512372628667305,0.664631402960916
direct_2d_historical_params,fixed,14,968,0.43902079947954525,0.5024432029795158,0.014083739187322817,0.014146153196211748,0.7408625345643488,below_0.60,18,0.4862155330379216,0.5514432029795158
direct_2d_historical_params,fixed,15,245,0.4096999332668462,0.3861477568145395,0.0034527876717307554,0.003464120568322668,0.8349784411276948,below_0.60,18,0.4548371795146553,0.6619243806321824
direct_2d_historical_params,fixed,16,1251,0.48488186917283355,0.4107835087822186,0.017772770226066728,0.017847122876821477,0.8395245754744697,below_0.60,18,0.5367741839504562,0.5827541644773279
direct_2d_historical_params,fixed,17,1092,0.4925544452093343,0.6275480201666948,0.01550119938940176,0.01572794014079355,0.7579053588812118,below_0.60,18,0.5455114222963998,0.6348209463555502
direct_2d_historical_params,fixed,18,416,0.3987398820492835,0.4847469744891195,0.005618183821099402,0.005837347299699087,0.6814434238258517,below_0.60,18,0.44173530793805565,0.5414286270741904
direct_2d_historical_params,fixed,19,1688,0.6135264042446371,0.8070057685274462,0.024514346980682913,0.024619881998310174,0.8686606102997932,0.60_to_0.75,18,0.678959845108161,0.8111603538134038
direct_2d_historical_params,fixed,20,2858,0.589143265293471,0.8348190329131506,0.040991663329571514,0.04106340147002112,0.8897402976979684,below_0.60,18,0.650040608419232,0.8480513026096126
direct_2d_historical_params,fixed,21,186,0.044475431136385246,0.0048053166063270845,0.00040404040404040404,0.0006585497835497837,0.2556306102094478,below_0.60,18,0.04910493471477637,0.010171156645538634
direct_2d_historical_params,fixed,22,213,0.4415664253874302,0.6036414565826331,0.0019193857965451055,0.0024342857196760423,0.844575072533849,below_0.60,18,0.49029087698755686,0.6392651888341543
direct_2d_historical_params,fixed,23,225,0.21013832166455843,0.04110887163227851,0.0007508916838746011,0.0014381741779902102,0.6290340909090908,below_0.60,18,0.23314046116747533,0.13243800894537866
direct_2d_historical_params,fixed,24,272,0.09149185791063022,0.03250825555324742,0.0037834263884807522,0.003784689767345675,0.3067911583684454,below_0.60,18,0.10122214387258527,0.03619428987534713
direct_2d_historical_params,fixed,25,456,0.14546401169298828,0.06334989092215786,0.001864975755315181,0.004026197391842863,0.4954397234172117,below_0.60,18,0.16089815876304164,0.06713824611671804
direct_2d_historical_params,fixed,26,2031,0.6234614380838002,0.8664252047898351,0.02985435089544475,0.02994560533252562,0.8928225399208407,0.60_to_0.75,18,0.6893814306223933,0.8675896304467733
direct_2d_historical_params,fixed,27,222,0.41792180201474494,0.6236641576061704,0.0,0.0013748191027496393,0.773997461928934,below_0.60,18,0.4639877495792799,0.6521445497630332
direct_2d_historical_params,fixed,28,233,0.14101677810172875,0.15260376385666408,0.0032309577747242544,0.0033217215419126212,0.45747112239334853,below_0.60,18,0.1563023645781274,0.15849526656701546
direct_2d_historical_params,fixed,29,325,0.2798674731274481,0.29174136352977664,0.0046051074828446096,0.004661993415118411,0.6094018817204301,below_0.60,18,0.3104455270958807,0.3047888334033842
direct_2d_historical_params,fixed,30,593,0.3158102795720731,0.38714534586266525,0.008393218576495274,0.008428166905172509,0.5298645809800164,below_0.60,18,0.3499414153486042,0.40551114349824313
direct_2d_historical_params,fixed,31,1289,0.4249886143711851,0.5090815771407846,0.018641639729650307,0.018669157143593778,0.7858689863881962,below_0.60,18,0.4701078922177777,0.6030670833389824
direct_2d_historical_params,fixed,32,271,0.37679757603457775,0.4742426089606827,0.003985454011166617,0.003988729389323934,0.7723165495706479,below_0.60,18,0.41821636245218463,0.5280422909956589
direct_2d_historical_params,fixed,33,714,0.3243177580539906,0.3769629476277999,0.010231155048339028,0.010248714540603776,0.6743072006355625,below_0.60,18,0.3592092708986667,0.4054802636451159
direct_2d_historical_params,fixed,34,368,0.13150117273075704,0.08598011412366065,0.005385029617662897,0.005399467364712434,0.42053992012242913,below_0.60,18,0.1455021174757457,0.10568536017445083
direct_2d_historical_params,fixed,35,242,0.2614014028261966,0.2412777087497524,0.0033619248382641565,0.00342252491133517,0.6654695498676079,below_0.60,18,0.2900590074736211,0.26748224686054833
direct_2d_historical_params,fixed,36,250,0.36524859971818086,0.46590275454444074,0.003549455750118315,0.0035639621971395126,0.6120443221394616,below_0.60,18,0.4054356968319397,0.4806693669834346
direct_2d_historical_params,fixed,37,1216,0.5996837949831408,0.7786733461841839,0.017456041355710075,0.017626624180158014,0.8464432943495989,below_0.60,18,0.6643521140378268,0.7822979707766369
direct_2d_historical_params,fixed,38,315,0.29217252874162497,0.3337465314106355,0.004386763260402635,0.004405515448708151,0.5568741724433366,below_0.60,18,0.32413196052029003,0.3454355491706935
direct_2d_historical_params,fixed,39,3296,0.37578881754991184,0.4191544389986973,0.0473616192504414,0.047826207732106184,0.6813728602169213,below_0.60,18,0.41220628544681426,0.4270466981855237
direct_2d_historical_params,fixed,40,253,0.42286805132784855,0.5308098260902228,0.0035799956385839937,0.003626011962686609,0.8225788911736792,below_0.60,18,0.46945023104488937,0.6230384044738644
direct_2d_historical_params,fixed,41,328,0.36937526057586345,0.4459254615910645,0.004597659373409901,0.0046023045935497655,0.7954295532646048,below_0.60,18,0.40989355182172965,0.4514543736217579
direct_2d_historical_params,fixed,42,301,0.17900086621793604,0.1751806684733514,0.004259346900141978,0.004277554419077624,0.38785186445622055,below_0.60,18,0.19840890090659974,0.19456113232708977
direct_2d_historical_params,fixed,43,3881,0.4423015600490343,0.5683004965291067,0.0563362335723907,0.056498539963148374,0.6866260826564871,below_0.60,18,0.48516243716990914,0.5744925166938947
direct_2d_historical_params,fixed,44,197,0.2652001472788229,0.27922753459746297,0.0024330900243309003,0.0024592934185124933,0.6018880316930775,below_0.60,18,0.29435562941455,0.3431152181152181
direct_2d_historical_params,fixed,45,475,0.36076260987093794,0.46229280444572196,0.006832760907884933,0.006887649073488696,0.6041148495428694,below_0.60,18,0.40006931753677316,0.47956937024445523
direct_2d_historical_params,fixed,46,3170,0.49327216455219547,0.6139084117725765,0.04627034111179876,0.046283160087298554,0.7248188014080731,below_0.60,18,0.5429341517943029,0.6187154530784349
direct_2d_historical_params,fixed,47,466,0.13583546957047166,0.09508655724028088,0.006651159409755034,0.0066909194495229,0.42998116066167913,below_0.60,18,0.1501846315135024,0.10902516008901403
direct_2d_historical_params,fixed,48,493,0.2073559930121575,0.0658769755864258,0.006916888128435691,0.006981351574510724,0.5469302294908994,below_0.60,18,0.22961652769653484,0.18191434468524253
direct_2d_historical_params,fixed,49,412,0.16747370325656913,0.06555377166373734,0.005770140886089774,0.005843345917657697,0.5307215743440229,below_0.60,18,0.1854322037501817,0.12066492914049395
direct_2d_historical_params,fixed,50,297,0.16085628903843807,0.13223733751838584,0.0042793123714369675,0.004293976712835939,0.4643543312357745,below_0.60,18,0.178242185534656,0.18336495294625918
direct_2d_historical_params,fixed,51,250,0.12512407914445273,0.05086824203365557,0.003470960238424075,0.003508245606478839,0.3825214859736587,below_0.60,18,0.13863673149447286,0.056736928347981525
direct_2d_historical_params,fixed,52,761,0.2950179185100017,0.09437594829287052,0.011012575416151778,0.011102915213533189,0.7091138328530259,below_0.60,18,0.32654677320478126,0.19796706846721973
direct_2d_historical_params,fixed,53,217,0.1789165784582472,0.08893061045234958,0.0029123739488150276,0.0029771404580064,0.5008963208609685,below_0.60,18,0.19845065489321914,0.11630978660779986
direct_2d_historical_params,fixed,54,272,0.3112038838014094,0.3886370153900777,0.003893623273582133,0.003908657561365228,0.6635885000387988,below_0.60,18,0.3453445830252417,0.4670135806852477
direct_2d_historical_params,fixed,55,1104,0.35996889773493146,0.47527388679132526,0.015927045032582184,0.01593317763963477,0.6157138662863854,below_0.60,18,0.3981931790857011,0.5030729534764462
direct_2d_historical_params,fixed,56,396,0.13068106452697537,0.07984701789624768,0.005711871877754922,0.0057654879871956105,0.4652154360116497,below_0.60,18,0.14454745074073125,0.0912060568221657
direct_2d_historical_params,fixed,57,1287,0.365310002965172,0.4608042544654579,0.01845797825448134,0.01862452668420603,0.601719626611497,below_0.60,18,0.4037851877799619,0.48634196395486295
direct_2d_historical_params,fixed,58,300,0.09618740101205638,0.06364946292450456,0.004224213928886277,0.004334586024436228,0.5055230206125987,below_0.60,18,0.10637473425817857,0.06405378421740189
direct_2d_historical_params,fixed,59,712,0.32168465527509815,0.46637793549746487,0.010247915832392878,0.010274274971571351,0.6187014658162694,below_0.60,18,0.3562745247844907,0.4927826716658462
direct_2d_historical_params,fixed,60,659,0.251095605592506,0.3639921143274625,0.009246787287487714,0.009337526949458714,0.5037150276428212,below_0.60,18,0.2779483449638088,0.3646760207478166
direct_2d_historical_params,fixed,61,2051,0.3577402122237103,0.2941257275792663,0.029094279276004942,0.02931577952062705,0.7140750306321024,below_0.60,18,0.3942305205343183,0.3691179362323842
direct_2d_historical_params,fixed,62,261,0.15933718531758215,0.03860084048333631,0.0037617213055171914,0.003799232929271439,0.5900438339080039,below_0.60,18,0.1766189606611737,0.048209040426524435
