finalist,cluster,role,rank,paper_index,title,authors,year,url,specter_centroid_similarity
current_30d_42,0,centroid,1,57988,An Overview of Neutrosophic and Plithogenic Theories and Applications,"Smarandache, Florentin",2023,https://philpapers.org/rec/SMAAOO-3,0.9754049777984619
current_30d_42,0,centroid,2,58070,Neutrosophic Triplet Structures. Volume I,"Smarandache, Florentin",2019,https://philpapers.org/rec/SMANTS,0.9704084992408752
current_30d_42,0,centroid,3,58007,Degrees of Membership > 1 and < 0 of the Elements with Respect to a Neutrosophic OffSet,"Smarandache, Florentin",2016,https://philpapers.org/rec/SMADOM,0.9689489006996155
current_30d_42,0,random,1,50129,Multi-Attribute Decision Making Based on Several Trigonometric Hamming Similarity Measures under Interval Rough Neutrosophic Environment,"Pramanik, Surapati",2018,https://philpapers.org/rec/PRAMDM,0.9244762659072876
current_30d_42,0,random,2,58043,NeutroAlgebra is a Generalization of Partial Algebra,"Smarandache, Florentin",2020,https://philpapers.org/rec/SMANIA-3,0.944449782371521
current_30d_42,1,centroid,1,69250,"Our Toil Respite Only: Woolf, Diamond and the Difficulty of Reality","Zumhagen-Yekplé, Karen",2015,https://philpapers.org/rec/ZUMOTR,0.9747512936592102
current_30d_42,1,centroid,2,21258,Gramsci’s ‘Non-contemporaneity’,"Frosini, Fabio",2014,https://philpapers.org/rec/FROGN,0.9743435382843018
current_30d_42,1,centroid,3,55647,A Defense of Integrity as a Conservation Concept,"Scoville, J. Michael",2016,https://philpapers.org/rec/SCOADO-4,0.9735368490219116
current_30d_42,1,random,1,58866,Interval neutrosophic sets applied to ideals in BCK/BCI-algebras,"Song, Seok-Zun",2017,https://philpapers.org/rec/SONINS,0.9449870586395264
current_30d_42,1,random,2,25764,How Does the Ascetic Ideal Function in Nietzsche's Genealogy?,"Hatab, Lawrence J.",2008,https://philpapers.org/rec/HATHDT,0.967119574546814
current_30d_42,2,centroid,1,58189,Philosophy and Biomedical Information Systems,"Smith, Barry",2008,https://philpapers.org/rec/SMIBAP,0.9590931534767151
current_30d_42,2,centroid,2,58386,Ontological realism: A methodology for coordinated evolution of scientiﬁc ontologies,"Smith, Barry",2010,https://philpapers.org/rec/SMIORA-2,0.9590026140213013
current_30d_42,2,centroid,3,29467,The Ontology of Tendencies and Medical Information Sciences,"Jansen, Ludger",2006,https://philpapers.org/rec/JANTOO,0.956326425075531
current_30d_42,2,random,1,33945,An ontology for carcinoma classification for clinical bioinformatics,"Kumar, Anand",2005,https://philpapers.org/rec/KUMAOF,0.8321256637573242
current_30d_42,2,random,2,58536,The ontology of the Gene Ontology,"Smith, Barry",2003,https://philpapers.org/rec/SMITOO-22,0.9312499165534973
current_30d_42,3,centroid,1,28626,Book Notice of Rosenberg & Arp (eds) Philosophy of Biology: An Anthology,"Ioannidis, Stavros",2011,https://philpapers.org/rec/IOABN,0.9652309417724609
current_30d_42,3,centroid,2,67163,Biological Individuals,"Wilson, Robert A.",2024,https://philpapers.org/rec/WILBI-2,0.9630115032196045
current_30d_42,3,centroid,3,23406,"Symbiosis, History of","Gontier, Nathalie",2016,https://philpapers.org/rec/GONSHO-2,0.9629051089286804
current_30d_42,3,random,1,35029,"Can a biologist fix a radio?—Or, what I learned while studying apoptosis","Lazebnik, Yuri",2002,https://philpapers.org/rec/LAZCAB,0.827354371547699
current_30d_42,3,random,2,10993,An evolutionary metaphysics of human enhancement technologies,"Cheshko, Valentin",manuscript,https://philpapers.org/rec/CHEAEM-5,0.8671875
current_30d_42,4,centroid,1,4252,Prediction of Heart Disease Using a Collection of Machine and Deep Learning Algorithms,"Barhoom, Ali M. A.",2022,https://philpapers.org/rec/BARPOH-3,0.8885404467582703
current_30d_42,4,centroid,2,4253,Prediction of Heart Disease Using a Collection of Machine and Deep Learning Algorithms,"Barhoom, Ali M. A.",2022,https://philpapers.org/rec/BARPOH-4,0.8885404467582703
current_30d_42,4,centroid,3,218,Leveraging Artificial Neural Networks for Cancer Prediction: A Synthetic Dataset Approach,"Abu Nasser, Mohammed S.",2023,https://philpapers.org/rec/ABULAN,0.8757449984550476
current_30d_42,4,random,1,31116,Using Deep Learning to Detect the Quality of Lemons,"Karaja, Mohammed B.",2024,https://philpapers.org/rec/KARUDL,0.7828444838523865
current_30d_42,4,random,2,25429,Developing an Expert System to Warts and Verruca,"Harazin, Dalia",2023,https://philpapers.org/rec/HARDAE-7,0.7983814477920532
current_30d_42,5,centroid,1,7928,The Medical Ethics of Miracle Max,"Brendan, Shea",2015,https://philpapers.org/rec/BRETME-3,0.9532052874565125
current_30d_42,5,centroid,2,51933,"Toward a Critical Theory of Harm: Ableism, Normativity, and Transability (On Body Integrity Identity Disorder)","Reynolds, Joel Michael",2016,https://philpapers.org/rec/REYTAC-4,0.9484730362892151
current_30d_42,5,centroid,3,66088,To be Real: Telling the Truth and Changing the Face of Feminism,"Walker, Rebecca",1995,https://philpapers.org/rec/WALTBR,0.9436386823654175
current_30d_42,5,random,1,63920,Vices in autonomous paternalism: The case of advance directives and persons living with dementia 1,"Um, Sungwoo",2022,https://philpapers.org/rec/UMVIA-3,0.8910943865776062
current_30d_42,5,random,2,35818,Abortion,"Lewis, Jonathan",2017,https://philpapers.org/rec/LEWALC-3,0.8496430516242981
current_30d_42,6,centroid,1,36803,For the Common Good: Philosophical Foundations of Research Ethics,"London, Alex John",2021,https://philpapers.org/rec/LONFTC,0.9421891570091248
current_30d_42,6,centroid,2,35090,Digital Literature Analysis for Empirical Philosophy of Science,"Lean, Oliver M.",2021,https://philpapers.org/rec/LEAWCP,0.9413089752197266
current_30d_42,6,centroid,3,61921,Should editors with multiple retractions or a record of academic misconduct serve on journal editorial boards?,"Teixeira da Silva, Jaime A.",2022,https://philpapers.org/rec/TEISEW,0.9398089051246643
current_30d_42,6,random,1,43740,"Open Access, Open Business, Closed Fairness!","Moustafa, K.",2015,https://philpapers.org/rec/MOUOAO-2,0.9365561604499817
current_30d_42,6,random,2,49570,The Bigger Picture: A Commentary on the Forcehimes–Karjiker Debate,"Pirhayati, Ali",2019,https://philpapers.org/rec/PIRTBP-2,0.8867784738540649
current_30d_42,7,centroid,1,11142,The Cosmic Void,"Chen, Eddy Keming",2021,https://philpapers.org/rec/CHETCV,0.9619895815849304
current_30d_42,7,centroid,2,13453,"The philosophical implications of the loophole-free violation of Bell’s inequality: Quantum entanglement, timelessness, triple-aspect monism, mathematical Platonism and scientific morality.","Côté, Gilbert B.",manuscript,https://philpapers.org/rec/CTTPI,0.9615773558616638
current_30d_42,7,centroid,3,5785,Privileged-Perspective Realism in the Quantum Multiverse,"Berenstain, Nora",2020,https://philpapers.org/rec/BERPRI-4,0.9574450850486755
current_30d_42,7,random,1,7006,Turning the Tables on McTaggart,"Boccardi, Emiliano",2018,https://philpapers.org/rec/BOCTTT,0.9206405282020569
current_30d_42,7,random,2,27245,Non-Kolmogorovian Probabilities and Quantum Technologies,"Holik, Federico",2023,https://philpapers.org/rec/HOLNPA-5,0.8799950480461121
current_30d_42,8,centroid,1,23077,Purposeful Explanation and Causal Gaps,"Goetz, Stewart",2013,https://philpapers.org/rec/GOEPEA,0.9693630337715149
current_30d_42,8,centroid,2,31475,Making Something Happen. Where Causation and Agency Meet.,"Keil, Geert",2007,https://philpapers.org/rec/KEIMSH,0.9678739905357361
current_30d_42,8,centroid,3,66840,Review of Making Things Happen,"Weslake, Brad",2006,https://philpapers.org/rec/WESU,0.9657022953033447
current_30d_42,8,random,1,17067,"Power, Harmony, and Freedom: Debating Causation in 18th Century Germany","Dyck, Corey",forthcoming,https://philpapers.org/rec/DYCPHA,0.9218223094940186
current_30d_42,8,random,2,35338,How Simple is the Humean Theory of Motivation?,"Leffler, Olof",2022,https://philpapers.org/rec/LEFHSI,0.9061012268066406
current_30d_42,9,centroid,1,37525,Scientific Realism,"Lyons, Timothy D.",2014,https://philpapers.org/rec/LYOSR,0.974923849105835
current_30d_42,9,centroid,2,53207,A methodological argument against scientific realism,"Rowbottom, Darrell P.",2019,https://philpapers.org/rec/ROWAMA-2,0.9728580117225647
current_30d_42,9,centroid,3,42986,"An empiricist regarding science, an empiricist regarding representation","Monton, Bradley",2010,https://philpapers.org/rec/MONAER,0.9728119969367981
current_30d_42,9,random,1,47629,Critiques of Minimal Realism,"Park, Seungbae",2017,https://philpapers.org/rec/PARCOM,0.9127337336540222
current_30d_42,9,random,2,61607,Inconsistent idealizations and inferentialism about scientific representation,"Tan, Peter",2021,https://philpapers.org/rec/TANIIA-3,0.945137083530426
current_30d_42,10,centroid,1,39561,Philosophy for life and other dangerous situations,"Matchett, Nancy J.",2015,https://philpapers.org/rec/MATPFL,0.9558930993080139
current_30d_42,10,centroid,2,10394,"Commentary: Not in the drug, not in the brain: Causality in psychedelic experiences from an enactive perspective","Cea, Ignacio",2023,https://philpapers.org/rec/CEACNI,0.9556733965873718
current_30d_42,10,centroid,3,10835,Review of The Self,"Chattopadhyay, Subhasis",2020,https://philpapers.org/rec/CHAROT-32,0.9554864168167114
current_30d_42,10,random,1,64542,"Van Gordon, W., Shonin, E., Griffiths, M. D., Singh, N. N. (2014). There is only one mindfulness: Why science and Buddhism need to work more closely together. Mindfulness, In Press.","Van Gordon, William",2014,https://philpapers.org/rec/VANVGW-2,0.886224627494812
current_30d_42,10,random,2,49981,"The Classification, Definition, and Ontology of Delusion","Porcher, José Eduardo",2016,https://philpapers.org/rec/PORTCD,0.8861574530601501
current_30d_42,11,centroid,1,67648,The specifics of suburban architecture,"Winskowski, Piotr",2015,https://philpapers.org/rec/WINTSO-21,0.9622268676757812
current_30d_42,11,centroid,2,15886,Editorial: Projected interiorities or the production of subjectivity through spatial and performative means,"Djalali, Amir",2022,https://philpapers.org/rec/DJAPIO,0.9612966179847717
current_30d_42,11,centroid,3,10948,"Ugliness in architecture in the Australian, American, British and Italian milieus: Subtopia between the 1950s and the 1970s","Charitonidou, Marianna",2022,https://philpapers.org/rec/CHAUIA,0.9609665274620056
current_30d_42,11,random,1,39565,Portraits of the Landscape,"Matthes, Erich Hatala",2019,https://philpapers.org/rec/MATPOT-17,0.9211075305938721
current_30d_42,11,random,2,640,Middle Ages,"Ajvazi, Irfan",2022,https://philpapers.org/rec/AJVMA,0.8963722586631775
current_30d_42,12,centroid,1,66157,"Climate Injustice: A Critical Review of 'What Do Climate Change Winners Owe, and to Whom?'","Wang, Ziyuan",unknown,https://philpapers.org/rec/WANCIA-8,0.9655238389968872
current_30d_42,12,centroid,2,32807,Climate change and the duties of the disadvantaged: reply to Caney,"Knight, Carl",2011,https://philpapers.org/rec/KNICCA,0.9638527035713196
current_30d_42,12,centroid,3,59697,"Collapse, Social Tipping Dynamics, and Framing Climate Change","Steel, Daniel",2024,https://philpapers.org/rec/STECST-9,0.9637933969497681
current_30d_42,12,random,1,26214,How Uncertainty Interacts with Ethical Values in Climate Change Research,"Helgeson, Casey",forthcoming,https://philpapers.org/rec/HELHUI,0.9377564787864685
current_30d_42,12,random,2,35535,A Subjective Bayesian Response to Winsberg’s use of the 'Adequacy for Purpose ' model criterion,"Lepp, John",manuscript,https://philpapers.org/rec/LEPASB,0.882892906665802
current_30d_42,13,centroid,1,30174,"Saving Animals, Saving Ourselves: Why Animals Matter for Pandemics, Climate Change, and Other Catastrophes; By Jeff Sebo","Johannsen, Kyle",forthcoming,https://philpapers.org/rec/JOHSAS-11,0.9615467190742493
current_30d_42,13,centroid,2,18497,Vegetarianism,"Engel, Mylan",2016,https://philpapers.org/rec/ENGV-3,0.9610142111778259
current_30d_42,13,centroid,3,17098,"Veganism, (Almost) Harm-Free Animal Flesh, and Nonmaleficence: Navigating dietary ethics in an unjust world","E. Abbate, C.",2019,https://philpapers.org/rec/EABVAH,0.9594401121139526
current_30d_42,13,random,1,9996,"Monkeys, Men, and Moral Responsibility","Carron, Paul",2017,https://philpapers.org/rec/CARMMA-13,0.8697132468223572
current_30d_42,13,random,2,62941,"Singer, Peter","Torcello, Lawrence",2015,https://philpapers.org/rec/TORSP,0.9417402148246765
current_30d_42,14,centroid,1,22058,The Philosophical Foundations of Ecological Civilization: A Manifesto for the Future,"Gare, Arran",2016,https://philpapers.org/rec/GARTPF-3,0.9707860946655273
current_30d_42,14,centroid,2,31897,Is Naturalism Bleak? A Reply to Holland and Cottingham,"Kidd, Ian James",2013,https://philpapers.org/rec/KIDINB,0.964617133140564
current_30d_42,14,centroid,3,50923,"King-Tak Ip, ed. _Environmental Ethics: Intercultural Perspectives_.","Ralston, Shane",2010,https://philpapers.org/rec/RALKIE,0.9629336595535278
current_30d_42,14,random,1,42049,How Ecology Can Edify Ethics: The Scope of Morality,"Miller, Lantz Fleming",2018,https://philpapers.org/rec/MILHEC-3,0.9373197555541992
current_30d_42,14,random,2,65737,Kingfisher (bird species),"Wiki, Page",2024,https://philpapers.org/rec/VUOKGE-2,0.8237569332122803
current_30d_42,15,centroid,1,50761,Why We Need a New Normativism about Collective Action,"Rachar, Matthew",2022,https://philpapers.org/rec/RACWWN,0.9667086005210876
current_30d_42,15,centroid,2,52807,Goods and Groups: Thomistic Social Action and Metaphysics,"Rooney, James Dominic",2016,https://philpapers.org/rec/ROOGAG-2,0.9626181721687317
current_30d_42,15,centroid,3,1589,Introduction,"Altner, Franz",2024,https://philpapers.org/rec/ALTIVO,0.9620062708854675
current_30d_42,15,random,1,55171,Joint Moral Duties,"Schwenkenbecher, Anne",2014,https://philpapers.org/rec/SCHJMD-2,0.9489841461181641
current_30d_42,15,random,2,67190,Collective Intentionality in Non-Human Animals,"Wilson, Robert A.",2017,https://philpapers.org/rec/WILCII-4,0.9130948185920715
current_30d_42,16,centroid,1,45305,The opacity of play: a reply to commentators,"Nguyen, C. Thi",2021,https://philpapers.org/rec/NGUTOO-2,0.9621374607086182
current_30d_42,16,centroid,2,67842,Too Much Playing Games – A Response to Kretchmar,"Wolf-Root, Alex",2020,https://philpapers.org/rec/WOLTMP-2,0.9575933814048767
current_30d_42,16,centroid,3,26262,What is a Metagame?,"Hemmingsen, Michael",forthcoming,https://philpapers.org/rec/HEMWIA-2,0.9506576061248779
current_30d_42,16,random,1,990,Pseudo-visibility: A Game Mechanic Involving Willful Ignorance,"Alexander, Samuel Allen",2022,https://philpapers.org/rec/ALEPAG,0.837275505065918
current_30d_42,16,random,2,27673,"Simulation, seduction, and bullshit: cooperative and destructive misleading","Howe, Leslie A.",2017,https://philpapers.org/rec/HOWSSA-7,0.9126972556114197
current_30d_42,17,centroid,1,9601,"Not Just A Tool: Why Social-Media Use Is Bad and Bad For Us, and The Duty to Quit","Campbell, Douglas R.",2024,https://philpapers.org/rec/CAMNJA,0.9399318099021912
current_30d_42,17,centroid,2,63858,Can Humans Dream of Electric Sheep?,"Umbrello, Steven",2021,https://philpapers.org/rec/UMBCHD,0.9393934011459351
current_30d_42,17,centroid,3,34932,Why Cognitive Science of Religion Matters for Christian Theology and Philosophy : An Overview,"Launonen, Lari",2021,https://philpapers.org/rec/LAUWCS,0.9375919103622437
current_30d_42,17,random,1,65674,FOMO as a mediator between the number of SNS accounts used and Subjective Wellbeing,"V. T., Shehla",manuscript,https://philpapers.org/rec/VTFAA,0.8429496884346008
current_30d_42,17,random,2,20727,Ectogestative Technology and the Beginning of Life,"Frank, Lily",2023,https://philpapers.org/rec/FRAETA-5,0.9129657745361328
current_30d_42,18,centroid,1,16909,Understanding Artificial Agency,"Dung, Leonard",forthcoming,https://philpapers.org/rec/DUNUAA,0.9511799216270447
current_30d_42,18,centroid,2,49621,Anthropomorphism in AI: Hype and Fallacy,"Placani, Adriana",2024,https://philpapers.org/rec/PLAAIA-4,0.9509192109107971
current_30d_42,18,centroid,3,13275,Shortcuts to Artificial Intelligence,"Cristianini, Nello",2021,https://philpapers.org/rec/CRISTA-3,0.9484555125236511
current_30d_42,18,random,1,39195,The purpose of qualia: What if human thinking is not (only) information processing?,"Korth, Martin",manuscript,https://philpapers.org/rec/MARTPO-202,0.899949848651886
current_30d_42,18,random,2,52835,Toward a Philosophy of the Internet,"Ropolyi, Laszlo",2018,https://philpapers.org/rec/ROPTAP,0.8994143009185791
current_30d_42,19,centroid,1,60961,Extended and constructive remembering: two notes on Martin and Deutscher,"Sutton, John",2009,https://philpapers.org/rec/SUTEAC,0.973060667514801
current_30d_42,19,centroid,2,19460,Memory: A Self-Referential Account,"Fernández, Jordi",2019,https://philpapers.org/rec/FERMAS-6,0.9686604142189026
current_30d_42,19,centroid,3,41737,Is external memory memory? Biological memory and extended mind,"Michaelian, Kourken",2012,https://philpapers.org/rec/MICIEM,0.9675906896591187
current_30d_42,19,random,1,66791,Mnemonics as signs of memory: semiotics and agency,"West, Joel",2023,https://philpapers.org/rec/WESMAS-4,0.938334584236145
current_30d_42,19,random,2,19460,Memory: A Self-Referential Account,"Fernández, Jordi",2019,https://philpapers.org/rec/FERMAS-6,0.9686604142189026
current_30d_42,20,centroid,1,43972,"Searle, Derrida, and the ends of phenomenology","Mulligan, Kevin",2003,https://philpapers.org/rec/MULSDA-2,0.9768223166465759
current_30d_42,20,centroid,2,59361,Merleau-ponty in dialogue with the cognitive sciences in light of recent imitation research,"Stawarska, Beata",2003,https://philpapers.org/rec/STAMID-2,0.9716119170188904
current_30d_42,20,centroid,3,53450,"Review of Heinämaa, Sara, Mirja Hartimo, and Timo Miettinen : Phenomenology and the Transcendental: Routledge, New York , 2014, 330 pp. US-$145 , ISBN 978-0-415-86988-1","Rump, Jacob",2016,https://philpapers.org/rec/RUMHSM,0.9714203476905823
current_30d_42,20,random,1,50042,Introduction: Roman ingarden’s philosophy reconsidered,"Płotka, Witold",2020,https://philpapers.org/rec/POTIRI,0.9593568444252014
current_30d_42,20,random,2,68500,The Essence of Dispositional Essentialism,"Yates, David",2013,https://philpapers.org/rec/YATTEO,0.9432694911956787
current_30d_42,21,centroid,1,60507,Leibniz Reinterpreted,"Strickland, Lloyd",2006,https://philpapers.org/rec/STRLR-3,0.9595304727554321
current_30d_42,21,centroid,2,3132,Religious Pluralism and its Discontents: Faith and the ‘Logic of Exclusion',"Axtell, Guy",2003,https://philpapers.org/rec/AXTRPA-3,0.9580904245376587
current_30d_42,21,centroid,3,47332,THE BALD BOY AND THE MOST BEAUTIFUL GIRL IN THE WORLD,"Paksoy, H. B.",2003,https://philpapers.org/rec/PAKTBB,0.9576295614242554
current_30d_42,21,random,1,34606,"Passion, Counter-Passion, Catharsis : Beckett and Flaubert on feeling nothing","Landy, Joshua",2007,https://philpapers.org/rec/LANPCC,0.9163996577262878
current_30d_42,21,random,2,25828,William Whewell: A Composite Portrait by Menachem Fisch; Simon Schaffer,"Hatfield, Gary",1993,https://philpapers.org/rec/HATWWA,0.9512678980827332
current_30d_42,22,centroid,1,53480,Cognitive systems and the supersized mind,"Rupert, Robert D.",2011,https://philpapers.org/rec/RUPCSA,0.9672784209251404
current_30d_42,22,centroid,2,41229,Editorial Introduction: Socializing the Extended Mind,"Merritt, Michele",2013,https://philpapers.org/rec/MEREIS,0.9636291861534119
current_30d_42,22,centroid,3,67287,How to situate cognition: Letting nature take its course,"Wilson, Robert A.",2008,https://philpapers.org/rec/WILHTS,0.9630889296531677
current_30d_42,22,random,1,26508,The only wrong cell is the dead one: On the enactive approach to normativity,"Heras-Escribano, Manuel",2013,https://philpapers.org/rec/HERTOW-3,0.9308969974517822
current_30d_42,22,random,2,49755,"Simple Tasks, Abstractions, and Semantic Dispositionalism","Podlaskowski, Adam C.",2012,https://philpapers.org/rec/PODSTA,0.9086048603057861
current_30d_42,23,centroid,1,13076,"""Purple Haze: The Puzzle of Consciousness"" by Joseph Levine, ""Phenomenal Consciousness: A Naturalistic Theory"" by Peter Carruthers, and ""The Nature of Consciousness"" by Mark Rowlands","Crane, Tim",2002,https://philpapers.org/rec/CRARQH,0.9689227938652039
current_30d_42,23,centroid,2,7565,The Transition to Self-consciousness in The Phenomenology of Spirit,"Bowman, Caroline",2022,https://philpapers.org/rec/BOWTTT,0.9683651924133301
current_30d_42,23,centroid,3,23096,Is Consciousness Everywhere? Essays on Panpsychism,"Goff, Philip",2021,https://philpapers.org/rec/GOFICE,0.9673831462860107
current_30d_42,23,random,1,942,Explanation of Qualia and Self-Awareness Using Elastic Membrane Concept,"Egoyan, Alexander",2017,https://philpapers.org/rec/ALEEOQ,0.8626622557640076
current_30d_42,23,random,2,53117,Philosophy of Mind: Declassification of the main Biblical and philosophical secrets,"Rotenfeld, Yuriy",manuscript,https://philpapers.org/rec/ROTPOP,0.9243287444114685
current_30d_42,24,centroid,1,50966,"Understanding How Experience ""seems""","Raleigh, Thomas",2009,https://philpapers.org/rec/RALUHE,0.9676133394241333
current_30d_42,24,centroid,2,51636,The Disunity of Perception: An Introduction,"Reiland, Indrek",2015,https://philpapers.org/rec/REITDO-14,0.9675754904747009
current_30d_42,24,centroid,3,48062,"*Perception* (2021, preview)","Pautz, Adam",1996,https://philpapers.org/rec/PAUPP-3,0.9637150764465332
current_30d_42,24,random,1,16517,What is action-oriented perception?,"Drayson, Zoe",2017,https://philpapers.org/rec/DRAWIA-3,0.9351851344108582
current_30d_42,24,random,2,24825,Compositionality in visual perception,"Hafri, Alon",2023,https://philpapers.org/rec/HAFCIV,0.8979315757751465
current_30d_42,25,centroid,1,17804,"Composition, Persistence, and Identity","Effingham, Nikk",2009,https://philpapers.org/rec/EFFPAI,0.9661674499511719
current_30d_42,25,centroid,2,17805,"Persistence, composition, and identity","Effingham, Nikk",2009,https://philpapers.org/rec/EFFPCA,0.9661674499511719
current_30d_42,25,centroid,3,36926,Parts Ground the Whole and Are Identical to It,"Loss, Roberto",2016,https://philpapers.org/rec/LOSPGT,0.9644355773925781
current_30d_42,25,random,1,58775,Modal Realism and Coincident Objects,"Sohani, F.",manuscript,https://philpapers.org/rec/SOHMRA,0.9186605215072632
current_30d_42,25,random,2,42126,Non-Piecemeal Pluralism,"Miller, Elizabeth",2021,https://philpapers.org/rec/MILNP-2,0.9500337839126587
current_30d_42,26,centroid,1,34441,The Wrong of Rudeness,"Lambert, Andrew",2020,https://philpapers.org/rec/LAMTWO,0.9541684985160828
current_30d_42,26,centroid,2,34470,Are You Entitled to Affirmative Action?,"Landau, Iddo",1997,https://philpapers.org/rec/LANAYE,0.9541091322898865
current_30d_42,26,centroid,3,19630,The Politics of Being Part of Nature,"Field, Sandra Leonie",2020,https://philpapers.org/rec/FIETPO-12,0.950980544090271
current_30d_42,26,random,1,46249,Use of Educational Management Information System in University of Lagos Distance Learning Education,"Odusanya, Olatunbosun",2019,https://philpapers.org/rec/ODUUOE,0.6659662127494812
current_30d_42,26,random,2,52884,Can tolerance be grounded in equal respect?,"Rossi, Enzo",2013,https://philpapers.org/rec/ROSCTB-2,0.9104816317558289
current_30d_42,27,centroid,1,44788,A Counterexample to Parfit's Rule Consequentialism,"Nebel, Jacob",2012,https://philpapers.org/rec/NEBACT,0.9748499393463135
current_30d_42,27,centroid,2,18320,From Valuing to Value: A Defense of Subjectivism By David Sobel,"Elson, Luke",2018,https://philpapers.org/rec/ELSFVT,0.9709521532058716
current_30d_42,27,centroid,3,46053,Non-Consequentialism Demystified,"Ku, John",2015,https://philpapers.org/rec/NYEND,0.9709449410438538
current_30d_42,27,random,1,61810,Kantian Personal Autonomy,"Taylor, Robert S.",2005,https://philpapers.org/rec/TAYKPA-5,0.9321695566177368
current_30d_42,27,random,2,12033,"Autonomy, written by Andrew Sneddon","Cohen, Andrew Jason",2016,https://philpapers.org/rec/COHAWB,0.9381266236305237
current_30d_42,28,centroid,1,62061,Emotions: Philosophical Issues About,"Deonna, Julien",2015,https://philpapers.org/rec/TEREPI,0.9742122292518616
current_30d_42,28,centroid,2,50026,Arguments from the Priority of Feeling in Contemporary Emotion Theory and Max Scheler’s Phenomenology,"Potter, Joel M.",2012,https://philpapers.org/rec/POTAFT,0.9668360352516174
current_30d_42,28,centroid,3,61695,"Book ReviewsRobert C Roberts,. Emotions: An Essay in Aid of Moral Psychology.Cambridge: Cambridge University Press, 2003. Pp. 357. $29.99","Tappolet, Christine",2006,https://philpapers.org/rec/TAPBRC,0.965130627155304
current_30d_42,28,random,1,18865,Critical Realism in the Personal Domain: Spinoza and Explanatory Critique of the Emotions,"Evenden, Martin",2012,https://philpapers.org/rec/EVECRI,0.9114829897880554
current_30d_42,28,random,2,43846,Emotion as Position-Taking,"Mueller, Jean Moritz",2018,https://philpapers.org/rec/MUEEAP,0.9525556564331055
current_30d_42,29,centroid,1,41582,The Meaning of Life (Second Revised Edition),"Metz, Thaddeus",2021,https://philpapers.org/rec/METTMO-19,0.9691753387451172
current_30d_42,29,centroid,2,58606,The Good Cause Account of the Meaning of Life,"Smuts, Aaron",2013,https://philpapers.org/rec/SMUTGC,0.9679601192474365
current_30d_42,29,centroid,3,41425,Book Review of Meaning in Life: An Analytic Study,"Meseroll, Sean",2017,https://philpapers.org/rec/MESMIL,0.9642741680145264
current_30d_42,29,random,1,17617,People and Their Worth,"Edwards, Rem B.",2009,https://philpapers.org/rec/EDWPAT-10,0.9174664616584778
current_30d_42,29,random,2,42495,Well-being and Pluralism,"Mitchell, Polly",forthcoming,https://philpapers.org/rec/MITWAP-4,0.9150357246398926
current_30d_42,30,centroid,1,21226,The Real Foundation of Fictional Worlds,"Friend, Stacie",2017,https://philpapers.org/rec/FRITRF,0.9720195531845093
current_30d_42,30,centroid,2,53995,Fictionalism,"Salis, Fiora",2015,https://philpapers.org/rec/SALF-4,0.9713056087493896
current_30d_42,30,centroid,3,53996,Fictional Entities,"Salis, Fiora",2013,https://philpapers.org/rec/SALFE,0.9676424860954285
current_30d_42,30,random,1,46746,On behalf of the fool,"Oppy, G.",2011,https://philpapers.org/rec/OPPOBO,0.9019774198532104
current_30d_42,30,random,2,47843,Continuity and break points: some aspects of the contemporary debate in narrative theory,"Passalacqua, Franco",2011,https://philpapers.org/rec/PASCAB,0.9098932147026062
current_30d_42,31,centroid,1,24707,Seeing One Another Anew with Godfrey Reggio's Visitors,"Guter, Eran",2023,https://philpapers.org/rec/GUTSOA,0.9661313891410828
current_30d_42,31,centroid,2,55155,"Ideology, Socratic elenchus, and Inglourious Basterds","Schnee, Ian",2013,https://philpapers.org/rec/SCHISE-3,0.965034008026123
current_30d_42,31,centroid,3,23683,"American History X, Cinematic Manipulation, and Moral Conversion","Grau, Christopher",2010,https://philpapers.org/rec/GRAAHX,0.9624390006065369
current_30d_42,31,random,1,30267,A View to a Kill: Perspectives on Faux-Snuff and Self,"Jones, Steve",2016,https://philpapers.org/rec/JONAVT,0.9444378018379211
current_30d_42,31,random,2,30447,Screening the church: A study of clergy representation in contemporary Afrikaans cinema,"Joynt, Shaun",2018,https://philpapers.org/rec/JOYSTC,0.8690744638442993
current_30d_42,32,centroid,1,22379,"Music, Cage's Silence, and Art: An interview with Stephen Davies, PhD","Georgi, Marcella",2022,https://philpapers.org/rec/GEOMCS,0.9693555235862732
current_30d_42,32,centroid,2,49834,The Varieties of Musical Experience,"Polite, Brandon",2014,https://philpapers.org/rec/POLTVO-8,0.9665404558181763
current_30d_42,32,centroid,3,6694,"Nature, Fine Art, and _The Other One_: A Defense of the Artistic Sublime in Kant","Blevins, Shelby Alexis",manuscript,https://philpapers.org/rec/BLENFA,0.9636126160621643
current_30d_42,32,random,1,42718,"If Sounds were Dispositions, a framework proposal for an undeveloped theory","Mendez-Martinez, Jorge Luis",2020,https://philpapers.org/rec/MNDISW,0.8614333271980286
current_30d_42,32,random,2,28299,How the performer came to be prepared: Three moments in music’s encounter with everyday technologies,"Campbell, Iain",2023,https://philpapers.org/rec/IAIHTP,0.9181593656539917
current_30d_42,33,centroid,1,15014,"Attuned, Transcendent & Transfigured: Nietzsche's Aesthetic Psychology","Denham, A. E.",2014,https://philpapers.org/rec/DENAT,0.9747741222381592
current_30d_42,33,centroid,2,12492,Peter Lamarque,"Contesi, Filippo",2012,https://philpapers.org/rec/CONPL-2,0.9726636409759521
current_30d_42,33,centroid,3,45259,"Review of Jennifer Lena's ""Entitled: Discriminating Tastes and the Expansion of the Arts""","Nguyen, C. Thi",2020,https://philpapers.org/rec/NGUROJ,0.9725458025932312
current_30d_42,33,random,1,26890,Learning in Lithic Landscapes: A Reconsideration of the Hominid “Toolmaking” Niche,"Hiscock, Peter",2014,https://philpapers.org/rec/HISLIL,0.8621137738227844
current_30d_42,33,random,2,34853,"Culture Industry 2.0: Africa, Global South, World","Latecka, Ewa Maria",2023,https://philpapers.org/rec/LATCIR-3,0.8824822306632996
current_30d_42,34,centroid,1,8776,Decision Theory,"Buchak, Lara",2016,https://philpapers.org/rec/BUCDT,0.960774302482605
current_30d_42,34,centroid,2,18185,Normative Decision Theory,"Elliott, Edward",2019,https://philpapers.org/rec/ELLNDT,0.9595162272453308
current_30d_42,34,centroid,3,4437,Taking Stock of Infinite Value: Pascal’s Wager and Relative Utilities,"Bartha, Paul",2007,https://philpapers.org/rec/BARTSO-61,0.9579195976257324
current_30d_42,34,random,1,4836,What Will Be Best for Me? Big Decisions and the Problem of Inter‐World Comparisons,"Baumann, Peter",2018,https://philpapers.org/rec/BAUWWB-2,0.9249680042266846
current_30d_42,34,random,2,39431,"An additive representation on the product of complete, continuous extensive structures","Matsushita, Yutaka",2010,https://philpapers.org/rec/MATAAR-3,0.858948826789856
current_30d_42,35,centroid,1,42090,Lotze and the Early Cambridge Analytic Philosophy,"Milkov, Nikolay",2000,https://philpapers.org/rec/MILLAT-4,0.9762898087501526
current_30d_42,35,centroid,2,29399,Editors' Introduction,"Janssen-Lauret, Frederique",2014,https://philpapers.org/rec/JANEI,0.9729684591293335
current_30d_42,35,centroid,3,46009,Review of Science and Sensibilia,"Nunez, Tyke",2023,https://philpapers.org/rec/NUNROS,0.9728914499282837
current_30d_42,35,random,1,23422,The “Non-atheistic-thesis-of-Cartesian-metaphysics”,"González, Rodrigo Alfonso",2018,https://philpapers.org/rec/GONTNC,0.9146732687950134
current_30d_42,35,random,2,65001,"The American Reception of Logical Positivism: First Encounters, 1929–1932","Verhaegh, Sander",2020,https://philpapers.org/rec/VERTAR-2,0.9647582173347473
current_30d_42,36,centroid,1,23533,Incarnation,"Gorman, Michael",2011,https://philpapers.org/rec/GORI-4,0.9720212817192078
current_30d_42,36,centroid,2,41835,"Desmond M. Clarke and Catherine Wilson, eds., The Oxford Handbook of Philosophy in Early Modern Europe. Reviewed by","Mihali, Andreea",2012,https://philpapers.org/rec/MIHDMC-2,0.9690829515457153
current_30d_42,36,centroid,3,45077,“Religion” and Its Other,"Newheiser, David",2018,https://philpapers.org/rec/NEWRAI,0.9689228534698486
current_30d_42,36,random,1,12913,What sin is: A differential analysis,"Couenhoven, Jesse",2009,https://philpapers.org/rec/COUWSI,0.9362058043479919
current_30d_42,36,random,2,26738,Leibniz' Anthology of Maimonides' Guide,"Ben Maimon, R. Moses",2022,https://philpapers.org/rec/HILLAO-3,0.9188527464866638
current_30d_42,37,centroid,1,5760,Ontology and Metaontology: A Contemporary Guide,"Berto, Francesco",2015,https://philpapers.org/rec/BEROAM-2,0.9660446643829346
current_30d_42,37,centroid,2,64915,"Blurring Boundaries: Carnap, Quine, and the Internal–External Distinction","Verhaegh, Sander",2017,https://philpapers.org/rec/VERBBC,0.964586615562439
current_30d_42,37,centroid,3,17984,Carnap's Metaontology,"Eklund, Matti",2011,https://philpapers.org/rec/EKLCM,0.964179277420044
current_30d_42,37,random,1,46659,Arguments for the existence of God,"Oppy, Graham",2012,https://philpapers.org/rec/OPPAFT,0.9367253184318542
current_30d_42,37,random,2,61435,Natural Kind Essentialism Revisited,"Tahko, Tuomas E.",2015,https://philpapers.org/rec/TAHNKE,0.9117735028266907
current_30d_42,38,centroid,1,34808,Enkrasia or evidentialism? Learning to love mismatch,"Lasonen-Aarnio, Maria",2020,https://philpapers.org/rec/LASEOE,0.9733673334121704
current_30d_42,38,centroid,2,59409,"Reasons Fundamentalism and Rational Uncertainty – Comments on Lord, The Importance of Being Rational","Staffel, Julia",2020,https://philpapers.org/rec/STARFA-3,0.9714906811714172
current_30d_42,38,centroid,3,27327,"Knowledge, Certainty, and Factivity: A Possible Rapprochement","Hoops, Jeffrey",2020,https://philpapers.org/rec/HOOKCA,0.9688441157341003
current_30d_42,38,random,1,66881,A range of replies,"Whiting, Daniel",2024,https://philpapers.org/rec/WHIARO-16,0.9589528441429138
current_30d_42,38,random,2,65466,The New Relevant Alternatives Theory,"Vogel, Jonathan",1999,https://philpapers.org/rec/VOGTNR-3,0.9344932436943054
current_30d_42,39,centroid,1,20326,"Confusion of Tongues: A Theory of Normative Language, by Stephen Finlay","Fogal, Daniel",2016,https://philpapers.org/rec/FOGCOT,0.963901937007904
current_30d_42,39,centroid,2,31726,Kripke's Wittgenstein: The Meaning Sceptic,"Hossein Khani, Ali",forthcoming,https://philpapers.org/rec/KHAKW,0.9607492089271545
current_30d_42,39,centroid,3,54476,What Is Meaning? By Scott Soames. Soochow University Lectures in Philosophy,"Sandler, Sergeiy",2012,https://philpapers.org/rec/SANWIM-2,0.9590983986854553
current_30d_42,39,random,1,68515,A Referential Theory of Truth and Falsity,"Yavuz, Alper",2024,https://philpapers.org/rec/YAVART,0.9369921684265137
current_30d_42,39,random,2,27082,Conversational Exculpature,"Hoek, Daniel",2018,https://philpapers.org/rec/HOECE,0.8882207870483398
current_30d_42,40,centroid,1,68821,Hilbert's program then and now,"Zach, Richard",2002,https://philpapers.org/rec/ZACHPT,0.9620147943496704
current_30d_42,40,centroid,2,39065,"Review of Logic, Logic and Logic, by George Boolos","Mar, Gary",2000,https://philpapers.org/rec/MARROL-8,0.9611542224884033
current_30d_42,40,centroid,3,10061,"Philosophical Logic: An Introduction to Advanced Topics, by George Englebretsen and Charles Sayward","Carmichael, Chad",2013,https://philpapers.org/rec/CARPLA-5,0.9593906998634338
current_30d_42,40,random,1,26152,A mathematical theory of truth and an application to the regress problem,"Heikkilä, S.",forthcoming,https://philpapers.org/rec/HEIAMT,0.9047301411628723
current_30d_42,40,random,2,14068,Derivability and Metainferential Validity,"Da Ré, Bruno",2021,https://philpapers.org/rec/DARDAM,0.9072813391685486
current_30d_42,41,centroid,1,38335,New Directions in the Epistemology of Modality: Introduction,"Mallozzi, Antonella",2021,https://philpapers.org/rec/MALNDI,0.9740991592407227
current_30d_42,41,centroid,2,39425,What does nihilism tell us about modal logic?,"Masterman, Christopher James",2024,https://philpapers.org/rec/MASWDN,0.9714959859848022
current_30d_42,41,centroid,3,40285,"Review: Brian Leftow, God and Necessity","McIntosh, C. A.",2014,https://philpapers.org/rec/MCIBL,0.9710379838943481
current_30d_42,41,random,1,40412,Rationalism and Modal Knowledge,"McLeod, Stephen K.",2009,https://philpapers.org/rec/MCLRAM-2,0.9532657861709595
current_30d_42,41,random,2,59355,Models and reality,"Stalnaker, Robert",2016,https://philpapers.org/rec/STAMAR-5,0.9442682862281799
typical_30d_49,0,centroid,1,57988,An Overview of Neutrosophic and Plithogenic Theories and Applications,"Smarandache, Florentin",2023,https://philpapers.org/rec/SMAAOO-3,0.9754049777984619
typical_30d_49,0,centroid,2,58070,Neutrosophic Triplet Structures. Volume I,"Smarandache, Florentin",2019,https://philpapers.org/rec/SMANTS,0.9704084992408752
typical_30d_49,0,centroid,3,58007,Degrees of Membership > 1 and < 0 of the Elements with Respect to a Neutrosophic OffSet,"Smarandache, Florentin",2016,https://philpapers.org/rec/SMADOM,0.9689489006996155
typical_30d_49,0,random,1,5163,A generalized model of judgment and preference aggregation,"Beg, Ismat",2013,https://philpapers.org/rec/BEGAGM,0.8710521459579468
typical_30d_49,0,random,2,58092,"Thesis-Antithesis-Neutrothesis, and Neutrosynthesis","Smarandache, Florentin",2015,https://philpapers.org/rec/SMATAN,0.8467131853103638
typical_30d_49,1,centroid,1,69250,"Our Toil Respite Only: Woolf, Diamond and the Difficulty of Reality","Zumhagen-Yekplé, Karen",2015,https://philpapers.org/rec/ZUMOTR,0.9745826125144958
typical_30d_49,1,centroid,2,21258,Gramsci’s ‘Non-contemporaneity’,"Frosini, Fabio",2014,https://philpapers.org/rec/FROGN,0.9745151996612549
typical_30d_49,1,centroid,3,55647,A Defense of Integrity as a Conservation Concept,"Scoville, J. Michael",2016,https://philpapers.org/rec/SCOADO-4,0.9733538627624512
typical_30d_49,1,random,1,38456,"Believing without Reason, or: Why Liberals Shouldn’t Watch Fox News","Mandelbaum, Eric",2015,https://philpapers.org/rec/MANBWR,0.9572972059249878
typical_30d_49,1,random,2,47360,Dream Interpretation for Discovery of Oneself,"Palmquist, Stephen R.",2016,https://philpapers.org/rec/PALDIF,0.943459153175354
typical_30d_49,2,centroid,1,58189,Philosophy and Biomedical Information Systems,"Smith, Barry",2008,https://philpapers.org/rec/SMIBAP,0.959679901599884
typical_30d_49,2,centroid,2,58386,Ontological realism: A methodology for coordinated evolution of scientiﬁc ontologies,"Smith, Barry",2010,https://philpapers.org/rec/SMIORA-2,0.9595238566398621
typical_30d_49,2,centroid,3,29467,The Ontology of Tendencies and Medical Information Sciences,"Jansen, Ludger",2006,https://philpapers.org/rec/JANTOO,0.9572291374206543
typical_30d_49,2,random,1,58437,Relations in Biomedical Ontologies,"Smith, Barry",2005,https://philpapers.org/rec/SMIRIB-3,0.9122084975242615
typical_30d_49,2,random,2,49979,Towards an Ontological Modelling of Preference Relations,"Porello, Daniele",2018,https://philpapers.org/rec/PORTAO-7,0.8756222128868103
typical_30d_49,3,centroid,1,4252,Prediction of Heart Disease Using a Collection of Machine and Deep Learning Algorithms,"Barhoom, Ali M. A.",2022,https://philpapers.org/rec/BARPOH-3,0.8880647420883179
typical_30d_49,3,centroid,2,4253,Prediction of Heart Disease Using a Collection of Machine and Deep Learning Algorithms,"Barhoom, Ali M. A.",2022,https://philpapers.org/rec/BARPOH-4,0.8880647420883179
typical_30d_49,3,centroid,3,218,Leveraging Artificial Neural Networks for Cancer Prediction: A Synthetic Dataset Approach,"Abu Nasser, Mohammed S.",2023,https://philpapers.org/rec/ABULAN,0.8753854632377625
typical_30d_49,3,random,1,1277,Heart attack analysis & Prediction: A Neural Network Approach with Feature Analysis.,"Allouh, Majd N.",2023,https://philpapers.org/rec/ALLHAA-10,0.8462211489677429
typical_30d_49,3,random,2,1532,Predicting Heart Disease using Neural Networks,"Al-Sharif, Ahmed Muhammad Haider",2023,https://philpapers.org/rec/ALSPHD,0.8595491647720337
typical_30d_49,4,centroid,1,7928,The Medical Ethics of Miracle Max,"Brendan, Shea",2015,https://philpapers.org/rec/BRETME-3,0.9533669352531433
typical_30d_49,4,centroid,2,51933,"Toward a Critical Theory of Harm: Ableism, Normativity, and Transability (On Body Integrity Identity Disorder)","Reynolds, Joel Michael",2016,https://philpapers.org/rec/REYTAC-4,0.9482539892196655
typical_30d_49,4,centroid,3,66088,To be Real: Telling the Truth and Changing the Face of Feminism,"Walker, Rebecca",1995,https://philpapers.org/rec/WALTBR,0.9437755942344666
typical_30d_49,4,random,1,11368,Artificial Intelligence: From Talos to da Vinci,"Christodoulou, Konstantinos C.",2023,https://philpapers.org/rec/CHRAIF,0.7952064275741577
typical_30d_49,4,random,2,13479,Gender-neutrality and family leave policies,"Cull, Matthew",2023,https://philpapers.org/rec/CULGAF,0.8177365660667419
typical_30d_49,5,centroid,1,28626,Book Notice of Rosenberg & Arp (eds) Philosophy of Biology: An Anthology,"Ioannidis, Stavros",2011,https://philpapers.org/rec/IOABN,0.9654414057731628
typical_30d_49,5,centroid,2,67163,Biological Individuals,"Wilson, Robert A.",2024,https://philpapers.org/rec/WILBI-2,0.9635350704193115
typical_30d_49,5,centroid,3,23406,"Symbiosis, History of","Gontier, Nathalie",2016,https://philpapers.org/rec/GONSHO-2,0.9632290005683899
typical_30d_49,5,random,1,52996,"Reciprocity, altruism and the civil society: In praise of heterogeneity , Luigino Bruni. Routledge, 2008, XIII + 158 pages","Rosas, Alejandro",2010,https://philpapers.org/rec/ROSRAA-3,0.8977630138397217
typical_30d_49,5,random,2,60310,Mutationism and the Dual Causation of Evolutionary Change,"Stoltzfus, Arlin",2006,https://philpapers.org/rec/STOMAT-4,0.883364737033844
typical_30d_49,6,centroid,1,61921,Should editors with multiple retractions or a record of academic misconduct serve on journal editorial boards?,"Teixeira da Silva, Jaime A.",2022,https://philpapers.org/rec/TEISEW,0.9420478343963623
typical_30d_49,6,centroid,2,36803,For the Common Good: Philosophical Foundations of Research Ethics,"London, Alex John",2021,https://philpapers.org/rec/LONFTC,0.9413313865661621
typical_30d_49,6,centroid,3,35090,Digital Literature Analysis for Empirical Philosophy of Science,"Lean, Oliver M.",2021,https://philpapers.org/rec/LEAWCP,0.9404083490371704
typical_30d_49,6,random,1,65765,Reform retractions to make them more transparent,"Vuong, Quan-Hoang",2020,https://philpapers.org/rec/VUORRT,0.9117732644081116
typical_30d_49,6,random,2,55962,47 Vietnamese people are among the world's most influential scientists in 2023,"Service, Authority of Foreign Information",2023,https://philpapers.org/rec/SERVPC,0.8675921559333801
typical_30d_49,7,centroid,1,63858,Can Humans Dream of Electric Sheep?,"Umbrello, Steven",2021,https://philpapers.org/rec/UMBCHD,0.939807653427124
typical_30d_49,7,centroid,2,9601,"Not Just A Tool: Why Social-Media Use Is Bad and Bad For Us, and The Duty to Quit","Campbell, Douglas R.",2024,https://philpapers.org/rec/CAMNJA,0.9395296573638916
typical_30d_49,7,centroid,3,34932,Why Cognitive Science of Religion Matters for Christian Theology and Philosophy : An Overview,"Launonen, Lari",2021,https://philpapers.org/rec/LAUWCS,0.9374831914901733
typical_30d_49,7,random,1,8307,"""Fake News"" and Conceptual Ethics","Brown, Etienne",2019,https://philpapers.org/rec/BROFNA-2,0.8737640976905823
typical_30d_49,7,random,2,42013,Ethical aspects of multi-stakeholder recommendation systems,"Milano, Silvia",2021,https://philpapers.org/rec/MILEAO-10,0.8230374455451965
typical_30d_49,8,centroid,1,45305,The opacity of play: a reply to commentators,"Nguyen, C. Thi",2021,https://philpapers.org/rec/NGUTOO-2,0.9617910385131836
typical_30d_49,8,centroid,2,67842,Too Much Playing Games – A Response to Kretchmar,"Wolf-Root, Alex",2020,https://philpapers.org/rec/WOLTMP-2,0.9568275809288025
typical_30d_49,8,centroid,3,26262,What is a Metagame?,"Hemmingsen, Michael",forthcoming,https://philpapers.org/rec/HEMWIA-2,0.9498485922813416
typical_30d_49,8,random,1,6531,"Football is ""the most important of the least important things"": The Illusion of Sport and COVID-19","Black, Jack",2021,https://philpapers.org/rec/BLAFIT,0.9309409856796265
typical_30d_49,8,random,2,24479,The Experience Machine: Existential reflections on Virtual Worlds,"Gualeni, Stefano",2016,https://philpapers.org/rec/GUATEM,0.8669044375419617
typical_30d_49,9,centroid,1,11142,The Cosmic Void,"Chen, Eddy Keming",2021,https://philpapers.org/rec/CHETCV,0.9619715213775635
typical_30d_49,9,centroid,2,13453,"The philosophical implications of the loophole-free violation of Bell’s inequality: Quantum entanglement, timelessness, triple-aspect monism, mathematical Platonism and scientific morality.","Côté, Gilbert B.",manuscript,https://philpapers.org/rec/CTTPI,0.9616285562515259
typical_30d_49,9,centroid,3,5785,Privileged-Perspective Realism in the Quantum Multiverse,"Berenstain, Nora",2020,https://philpapers.org/rec/BERPRI-4,0.957830011844635
typical_30d_49,9,random,1,3895,Grete Hermann as Neo-Kantian Philosopher of Space and Time,"Banks, Erik C.",manuscript,https://philpapers.org/rec/BANGHA,0.9063299298286438
typical_30d_49,9,random,2,13080,"""All the Power in the World"" by Peter Unger","Crane, Tim",2007,https://philpapers.org/rec/CRARQT-3,0.9247525334358215
typical_30d_49,10,centroid,1,37525,Scientific Realism,"Lyons, Timothy D.",2014,https://philpapers.org/rec/LYOSR,0.9745680093765259
typical_30d_49,10,centroid,2,42986,"An empiricist regarding science, an empiricist regarding representation","Monton, Bradley",2010,https://philpapers.org/rec/MONAER,0.9728269577026367
typical_30d_49,10,centroid,3,53207,A methodological argument against scientific realism,"Rowbottom, Darrell P.",2019,https://philpapers.org/rec/ROWAMA-2,0.9726460576057434
typical_30d_49,10,random,1,47778,"Scientific Understanding, Fictional Understanding, and Scientific Progress","Park, Seungbae",2020,https://philpapers.org/rec/PARSUF-2,0.8948493003845215
typical_30d_49,10,random,2,69123,The Defense of Scientific Realism —From “No-Miracle Argument”,"Zhou, Huitong",manuscript,https://philpapers.org/rec/ZHOTDO-4,0.9667378664016724
typical_30d_49,11,centroid,1,23077,Purposeful Explanation and Causal Gaps,"Goetz, Stewart",2013,https://philpapers.org/rec/GOEPEA,0.9676904678344727
typical_30d_49,11,centroid,2,31475,Making Something Happen. Where Causation and Agency Meet.,"Keil, Geert",2007,https://philpapers.org/rec/KEIMSH,0.9663455486297607
typical_30d_49,11,centroid,3,28599,Reflections on Metaphysical Explanation,"Ingthorsson, Rognvaldur",2019,https://philpapers.org/rec/INGROM-2,0.9654207825660706
typical_30d_49,11,random,1,57964,"Review of Tad Schmaltz, Descartes on Causation.","Slowik, Edward",2011,https://philpapers.org/rec/SLOTMS,0.9533174633979797
typical_30d_49,11,random,2,62476,How Counterpart Theory Saves Nonreductive Physicalism,"Tiehen, Justin",2019,https://philpapers.org/rec/TIEHCT,0.8525676727294922
typical_30d_49,12,centroid,1,67648,The specifics of suburban architecture,"Winskowski, Piotr",2015,https://philpapers.org/rec/WINTSO-21,0.9626657366752625
typical_30d_49,12,centroid,2,15886,Editorial: Projected interiorities or the production of subjectivity through spatial and performative means,"Djalali, Amir",2022,https://philpapers.org/rec/DJAPIO,0.9611688256263733
typical_30d_49,12,centroid,3,10948,"Ugliness in architecture in the Australian, American, British and Italian milieus: Subtopia between the 1950s and the 1970s","Charitonidou, Marianna",2022,https://philpapers.org/rec/CHAUIA,0.9611570835113525
typical_30d_49,12,random,1,56214,Cosmology of Mythical Realities: A Case Study of Danuwar,"Shahu, Man Bahadur",2008,https://philpapers.org/rec/SHACOM-10,0.8901457190513611
typical_30d_49,12,random,2,3230,Around Water: A Research-Based Landscape Design Studio,"Aytac, Gülsen",2022,https://philpapers.org/rec/AYTAWA-2,0.9128323793411255
typical_30d_49,13,centroid,1,30174,"Saving Animals, Saving Ourselves: Why Animals Matter for Pandemics, Climate Change, and Other Catastrophes; By Jeff Sebo","Johannsen, Kyle",forthcoming,https://philpapers.org/rec/JOHSAS-11,0.9595564007759094
typical_30d_49,13,centroid,2,18497,Vegetarianism,"Engel, Mylan",2016,https://philpapers.org/rec/ENGV-3,0.9590284824371338
typical_30d_49,13,centroid,3,17098,"Veganism, (Almost) Harm-Free Animal Flesh, and Nonmaleficence: Navigating dietary ethics in an unjust world","E. Abbate, C.",2019,https://philpapers.org/rec/EABVAH,0.9582506418228149
typical_30d_49,13,random,1,18497,Vegetarianism,"Engel, Mylan",2016,https://philpapers.org/rec/ENGV-3,0.9590284824371338
typical_30d_49,13,random,2,66636,Liberty for Corvids,"Wells, Mark",2017,https://philpapers.org/rec/WELLFC,0.891442596912384
typical_30d_49,14,centroid,1,19570,"Review of Bryan Norton, Sustainable Values, Sustainable Change","Fesmire, Steven",2016,https://philpapers.org/rec/FESROB,0.9668026566505432
typical_30d_49,14,centroid,2,22058,The Philosophical Foundations of Ecological Civilization: A Manifesto for the Future,"Gare, Arran",2016,https://philpapers.org/rec/GARTPF-3,0.9627045392990112
typical_30d_49,14,centroid,3,40560,"Book Review: Anthony O’Hear, ed., Philosophy and the Environment","Mcshane, Katie",2013,https://philpapers.org/rec/MCSAOE-2,0.9608781337738037
typical_30d_49,14,random,1,65736,"Kingfisher: Bridging the connection between nature and humans through science, art, literature, and experience","Vuong, Quan-Hoang",manuscript,https://philpapers.org/rec/VUOKBT,0.922653079032898
typical_30d_49,14,random,2,53708,Bare Land: Alienation as Deracination in Anna Tsing and John Steinbeck,"Christiaens, Tim",2024,https://philpapers.org/rec/RYSBLA,0.8868038058280945
typical_30d_49,15,centroid,1,39561,Philosophy for life and other dangerous situations,"Matchett, Nancy J.",2015,https://philpapers.org/rec/MATPFL,0.955912709236145
typical_30d_49,15,centroid,2,10835,Review of The Self,"Chattopadhyay, Subhasis",2020,https://philpapers.org/rec/CHAROT-32,0.9553881883621216
typical_30d_49,15,centroid,3,10394,"Commentary: Not in the drug, not in the brain: Causality in psychedelic experiences from an enactive perspective","Cea, Ignacio",2023,https://philpapers.org/rec/CEACNI,0.9545611143112183
typical_30d_49,15,random,1,52069,Being free by losing control: What Obsessive-Compulsive Disorder can tell us about Free Will,"de Haan, Sanneke",2015,https://philpapers.org/rec/RIEBFB,0.8908337354660034
typical_30d_49,15,random,2,49466,Editorial,"Pinsent, Andrew",2013,https://philpapers.org/rec/PINE-9,0.9125507473945618
typical_30d_49,16,centroid,1,43972,"Searle, Derrida, and the ends of phenomenology","Mulligan, Kevin",2003,https://philpapers.org/rec/MULSDA-2,0.9774819612503052
typical_30d_49,16,centroid,2,59361,Merleau-ponty in dialogue with the cognitive sciences in light of recent imitation research,"Stawarska, Beata",2003,https://philpapers.org/rec/STAMID-2,0.9722827672958374
typical_30d_49,16,centroid,3,53450,"Review of Heinämaa, Sara, Mirja Hartimo, and Timo Miettinen : Phenomenology and the Transcendental: Routledge, New York , 2014, 330 pp. US-$145 , ISBN 978-0-415-86988-1","Rump, Jacob",2016,https://philpapers.org/rec/RUMHSM,0.9706225395202637
typical_30d_49,16,random,1,39616,The Kantian Roots of Merleau-Ponty's Account of Pathology,"Matherne, Samantha",2014,https://philpapers.org/rec/MATTKR-2,0.9143540263175964
typical_30d_49,16,random,2,8994,Phenomenology Without Egology: Edith Stein as an Original Phenomenological Thinker,"Burns, Timothy",2021,https://philpapers.org/rec/BURPWE,0.925167977809906
typical_30d_49,17,centroid,1,50761,Why We Need a New Normativism about Collective Action,"Rachar, Matthew",2022,https://philpapers.org/rec/RACWWN,0.9669092893600464
typical_30d_49,17,centroid,2,52807,Goods and Groups: Thomistic Social Action and Metaphysics,"Rooney, James Dominic",2016,https://philpapers.org/rec/ROOGAG-2,0.9625909924507141
typical_30d_49,17,centroid,3,1589,Introduction,"Altner, Franz",2024,https://philpapers.org/rec/ALTIVO,0.9618655443191528
typical_30d_49,17,random,1,12196,Collectives' Duties and Collectivisation Duties,"Collins, Stephanie",2013,https://philpapers.org/rec/COLCDA,0.9590679407119751
typical_30d_49,17,random,2,59205,Lewis on convention,"Miller, S. R.",1982,https://philpapers.org/rec/SRMLOC,0.8840005397796631
typical_30d_49,18,centroid,1,60507,Leibniz Reinterpreted,"Strickland, Lloyd",2006,https://philpapers.org/rec/STRLR-3,0.9605550169944763
typical_30d_49,18,centroid,2,53615,The Oxford Handbook of David Hume,"Russell, Paul",2016,https://philpapers.org/rec/RUSTOH-8,0.9583945870399475
typical_30d_49,18,centroid,3,3132,Religious Pluralism and its Discontents: Faith and the ‘Logic of Exclusion',"Axtell, Guy",2003,https://philpapers.org/rec/AXTRPA-3,0.9570305943489075
typical_30d_49,18,random,1,64660,Spinoza Now,"Vardoulakis, Dimitris",2011,https://philpapers.org/rec/VARSN-2,0.9389635324478149
typical_30d_49,18,random,2,43533,"Suppose, Suppose","Morton, Adam",1993,https://philpapers.org/rec/MORSS-3,0.9261049032211304
typical_30d_49,19,centroid,1,60961,Extended and constructive remembering: two notes on Martin and Deutscher,"Sutton, John",2009,https://philpapers.org/rec/SUTEAC,0.9729260802268982
typical_30d_49,19,centroid,2,19460,Memory: A Self-Referential Account,"Fernández, Jordi",2019,https://philpapers.org/rec/FERMAS-6,0.9684574604034424
typical_30d_49,19,centroid,3,41737,Is external memory memory? Biological memory and extended mind,"Michaelian, Kourken",2012,https://philpapers.org/rec/MICIEM,0.9674736261367798
typical_30d_49,19,random,1,46643,"(In defence of) preservationism and the previous awareness condition: What is a theory of remembering, anyway?","Openshaw, James",2023,https://philpapers.org/rec/OPEIDO,0.9433579444885254
typical_30d_49,19,random,2,60949,"Author's response to reviews by Catherine Wilson, Michael mascuch, and Theo Meyering","Sutton, John",2000,https://philpapers.org/rec/SUTAR,0.9580146670341492
typical_30d_49,20,centroid,1,16909,Understanding Artificial Agency,"Dung, Leonard",forthcoming,https://philpapers.org/rec/DUNUAA,0.9514394402503967
typical_30d_49,20,centroid,2,49621,Anthropomorphism in AI: Hype and Fallacy,"Placani, Adriana",2024,https://philpapers.org/rec/PLAAIA-4,0.9506036639213562
typical_30d_49,20,centroid,3,13275,Shortcuts to Artificial Intelligence,"Cristianini, Nello",2021,https://philpapers.org/rec/CRISTA-3,0.9481198191642761
typical_30d_49,20,random,1,34531,"Imagination, Creativity, and Artificial Intelligence","Langland-Hassan, Peter",2024,https://philpapers.org/rec/LANICA-5,0.8877595067024231
typical_30d_49,20,random,2,63490,Artificial Intelligence in Life Extension: from Deep Learning to Superintelligence,"Turchin, Alexey",2017,https://philpapers.org/rec/TURAII-2,0.794852614402771
typical_30d_49,21,centroid,1,41582,The Meaning of Life (Second Revised Edition),"Metz, Thaddeus",2021,https://philpapers.org/rec/METTMO-19,0.9686329364776611
typical_30d_49,21,centroid,2,58606,The Good Cause Account of the Meaning of Life,"Smuts, Aaron",2013,https://philpapers.org/rec/SMUTGC,0.9674251079559326
typical_30d_49,21,centroid,3,41425,Book Review of Meaning in Life: An Analytic Study,"Meseroll, Sean",2017,https://philpapers.org/rec/MESMIL,0.9641517996788025
typical_30d_49,21,random,1,39806,Our Global Problems And What We Need To Do About Them,"Maxwell, Nicholas",2012,https://philpapers.org/rec/MAXOGP,0.9276981353759766
typical_30d_49,21,random,2,56411,Sidgwick on Pleasure,"Shaver, Robert",2016,https://philpapers.org/rec/SHASOP-2,0.92467200756073
typical_30d_49,22,centroid,1,44788,A Counterexample to Parfit's Rule Consequentialism,"Nebel, Jacob",2012,https://philpapers.org/rec/NEBACT,0.9749511480331421
typical_30d_49,22,centroid,2,18320,From Valuing to Value: A Defense of Subjectivism By David Sobel,"Elson, Luke",2018,https://philpapers.org/rec/ELSFVT,0.9715366363525391
typical_30d_49,22,centroid,3,10669,Knowing What Matters,"Chappell, Richard Yetter",2017,https://philpapers.org/rec/CHAKWM,0.9712368249893188
typical_30d_49,22,random,1,40471,Contours of the Practical,"Mcnaughton, David",2013,https://philpapers.org/rec/MCNCOT,0.9443944096565247
typical_30d_49,22,random,2,11977,Cascading Morality After Dewey: A Proposal for a Pluralist Meta-Ethics with a Subsidiarity Hierarchy,"Coeckelbergh, Mark",2021,https://philpapers.org/rec/COECMA-2,0.9440838098526001
typical_30d_49,23,centroid,1,62061,Emotions: Philosophical Issues About,"Deonna, Julien",2015,https://philpapers.org/rec/TEREPI,0.973991334438324
typical_30d_49,23,centroid,2,50026,Arguments from the Priority of Feeling in Contemporary Emotion Theory and Max Scheler’s Phenomenology,"Potter, Joel M.",2012,https://philpapers.org/rec/POTAFT,0.9664915800094604
typical_30d_49,23,centroid,3,61695,"Book ReviewsRobert C Roberts,. Emotions: An Essay in Aid of Moral Psychology.Cambridge: Cambridge University Press, 2003. Pp. 357. $29.99","Tappolet, Christine",2006,https://philpapers.org/rec/TAPBRC,0.9648427963256836
typical_30d_49,23,random,1,20936,"Affectivity in Heidegger II: Temporality, Boredom, and Beyond","Freeman, Lauren",2015,https://philpapers.org/rec/FREAIH-3,0.921279788017273
typical_30d_49,23,random,2,31387,Developing appropriate emotions,"Ke, Xiaoyu",2024,https://philpapers.org/rec/KEDAEY,0.9343293309211731
typical_30d_49,24,centroid,1,53480,Cognitive systems and the supersized mind,"Rupert, Robert D.",2011,https://philpapers.org/rec/RUPCSA,0.9675000905990601
typical_30d_49,24,centroid,2,28996,"Draft: Keeping the World in Mind, Intro & Chpt One","Jacobson, Anne J.",manuscript,https://philpapers.org/rec/JACDKT,0.9628050923347473
typical_30d_49,24,centroid,3,67287,How to situate cognition: Letting nature take its course,"Wilson, Robert A.",2008,https://philpapers.org/rec/WILHTS,0.9621667861938477
typical_30d_49,24,random,1,27180,The Self‐Evidencing Brain,"Hohwy, Jakob",2016,https://philpapers.org/rec/HOHTSB-2,0.9130980372428894
typical_30d_49,24,random,2,16543,Misrepresentation,"Dretske, Fred",1986,https://philpapers.org/rec/DREM,0.9043924808502197
typical_30d_49,25,centroid,1,50966,"Understanding How Experience ""seems""","Raleigh, Thomas",2009,https://philpapers.org/rec/RALUHE,0.9678386449813843
typical_30d_49,25,centroid,2,51636,The Disunity of Perception: An Introduction,"Reiland, Indrek",2015,https://philpapers.org/rec/REITDO-14,0.9666565656661987
typical_30d_49,25,centroid,3,23903,Hill on perceptual relativity and perceptual error,"Green, E. J.",2024,https://philpapers.org/rec/GREHOP-2,0.9649978280067444
typical_30d_49,25,random,1,63378,Dogmatism and the Epistemology of Covert Selection,"Tucker, Chris",2022,https://philpapers.org/rec/TUCDAT,0.9483555555343628
typical_30d_49,25,random,2,7288,Is there introspective evidence for phenomenal intentionality?,"Bordini, Davide",2017,https://philpapers.org/rec/BORITI,0.9175387024879456
typical_30d_49,26,centroid,1,7565,The Transition to Self-consciousness in The Phenomenology of Spirit,"Bowman, Caroline",2022,https://philpapers.org/rec/BOWTTT,0.9687590599060059
typical_30d_49,26,centroid,2,13076,"""Purple Haze: The Puzzle of Consciousness"" by Joseph Levine, ""Phenomenal Consciousness: A Naturalistic Theory"" by Peter Carruthers, and ""The Nature of Consciousness"" by Mark Rowlands","Crane, Tim",2002,https://philpapers.org/rec/CRARQH,0.967678964138031
typical_30d_49,26,centroid,3,23096,Is Consciousness Everywhere? Essays on Panpsychism,"Goff, Philip",2021,https://philpapers.org/rec/GOFICE,0.965175211429596
typical_30d_49,26,random,1,57575,Glossary of Philosophy of Mind,"Sirswal, Desh Raj",manuscript,https://philpapers.org/rec/SIRGOP-2,0.9571012258529663
typical_30d_49,26,random,2,68015,The Indispensability and Irreducibility of Intentional Objects,"Woodling, Casey",2016,https://philpapers.org/rec/WOOTIA-4,0.8562015891075134
typical_30d_49,27,centroid,1,67377,New surprises for the Ramsey Test,"Willer, Malte",2010,https://philpapers.org/rec/WILNSF,0.9699124693870544
typical_30d_49,27,centroid,2,55362,Reasonable Inferences for Counterfactuals,"Schultheis, Ginger",manuscript,https://philpapers.org/rec/SCHRIF-3,0.9698147773742676
typical_30d_49,27,centroid,3,57112,The Inextricable Link Between Conditionals and Logical Consequence,"Silva, Matheus",manuscript,https://philpapers.org/rec/SILTIL-3,0.9669466614723206
typical_30d_49,27,random,1,3358,Conditional Logics Accommodating Stalnaker's Thesis,"Bacon, Andrew",manuscript,https://philpapers.org/rec/BACCLA-3,0.9389833211898804
typical_30d_49,27,random,2,31468,How the Ceteris Paribus Laws of Physics Lie,"Keil, Geert",2005,https://philpapers.org/rec/KEIHTC,0.8917311429977417
typical_30d_49,28,centroid,1,32231,The history of philosophy and the puzzles of life. Windelband and Dilthey on the ahistorical core of philosophical thinking,"Kinzel, Katherina",2019,https://philpapers.org/rec/KINTHO-6,0.970222532749176
typical_30d_49,28,centroid,2,32239,Values and Worldviews. Windelband and Dilthey on the Historicity of Philosophy,"Kinzel, Katherina",2019,https://philpapers.org/rec/KINVAW,0.9698816537857056
typical_30d_49,28,centroid,3,6183,Jaspers and Ortega on the Historicity of Being Human,"Binder, Marnie",2019,https://philpapers.org/rec/BINJAO,0.9676865935325623
typical_30d_49,28,random,1,1202,“The discontinuity in the continuity”. Michel Foucault and the archaeological period,"Choque-Aliaga, Osman",2018,https://philpapers.org/rec/ALITDI-2,0.9423081874847412
typical_30d_49,28,random,2,23624,Antiquarianism as genealogy: Arnaldo Momigliano's method,"Gould, Rebecca",2014,https://philpapers.org/rec/GOUAAG-2,0.9579576253890991
typical_30d_49,29,centroid,1,21226,The Real Foundation of Fictional Worlds,"Friend, Stacie",2017,https://philpapers.org/rec/FRITRF,0.9726438522338867
typical_30d_49,29,centroid,2,53995,Fictionalism,"Salis, Fiora",2015,https://philpapers.org/rec/SALF-4,0.971883237361908
typical_30d_49,29,centroid,3,45530,Fictional Truth: In Defence of the Reality Principle,"Franzén, Nils",2021,https://philpapers.org/rec/NILFTI,0.9677173495292664
typical_30d_49,29,random,1,63763,"Fanfiction, Canon, and Possible Worlds","Uckelman, Sara L.",manuscript,https://philpapers.org/rec/UCKFCA,0.9405628442764282
typical_30d_49,29,random,2,55051,Fictional Hierarchies And Modal Theories Of Fiction,"Schmitt, Johannes",2009,https://philpapers.org/rec/SCHFHA-2,0.9479888081550598
typical_30d_49,30,centroid,1,17804,"Composition, Persistence, and Identity","Effingham, Nikk",2009,https://philpapers.org/rec/EFFPAI,0.9661164879798889
typical_30d_49,30,centroid,2,17805,"Persistence, composition, and identity","Effingham, Nikk",2009,https://philpapers.org/rec/EFFPCA,0.9661164879798889
typical_30d_49,30,centroid,3,36926,Parts Ground the Whole and Are Identical to It,"Loss, Roberto",2016,https://philpapers.org/rec/LOSPGT,0.9648114442825317
typical_30d_49,30,random,1,61422,Fundamentality and Ontological Minimality,"Tahko, Tuomas E.",2018,https://philpapers.org/rec/TAHFAO,0.9520919919013977
typical_30d_49,30,random,2,59029,Counting on Strong Composition as Identity to Settle the Special Composition Question,"Spencer, Joshua",2017,https://philpapers.org/rec/SPECOS,0.9091225266456604
typical_30d_49,31,centroid,1,24707,Seeing One Another Anew with Godfrey Reggio's Visitors,"Guter, Eran",2023,https://philpapers.org/rec/GUTSOA,0.9673956036567688
typical_30d_49,31,centroid,2,55155,"Ideology, Socratic elenchus, and Inglourious Basterds","Schnee, Ian",2013,https://philpapers.org/rec/SCHISE-3,0.9661816358566284
typical_30d_49,31,centroid,3,23683,"American History X, Cinematic Manipulation, and Moral Conversion","Grau, Christopher",2010,https://philpapers.org/rec/GRAAHX,0.9625581502914429
typical_30d_49,31,random,1,37945,Falling in Love with a Film (Series),"Maes, Hans",2021,https://philpapers.org/rec/MAEFIL-2,0.9219636917114258
typical_30d_49,31,random,2,30365,Video Nasty: The Moral Apocalypse in Koji Suzuki’s Ring,"Jones, Steve",2012,https://philpapers.org/rec/JONVNT,0.9273226857185364
typical_30d_49,32,centroid,1,8776,Decision Theory,"Buchak, Lara",2016,https://philpapers.org/rec/BUCDT,0.9606730341911316
typical_30d_49,32,centroid,2,18185,Normative Decision Theory,"Elliott, Edward",2019,https://philpapers.org/rec/ELLNDT,0.9594972133636475
typical_30d_49,32,centroid,3,4437,Taking Stock of Infinite Value: Pascal’s Wager and Relative Utilities,"Bartha, Paul",2007,https://philpapers.org/rec/BARTSO-61,0.9578514099121094
typical_30d_49,32,random,1,61728,Average Utilitarianism Implies Solipsistic Egoism,"Tarsney, Christian J.",2023,https://philpapers.org/rec/TARAUI,0.923570454120636
typical_30d_49,32,random,2,35408,Modeling economic systems as locally-constructive sequential games,"Tesfatsion, Leigh",2017,https://philpapers.org/rec/LEIMES,0.8657976984977722
typical_30d_49,33,centroid,1,15014,"Attuned, Transcendent & Transfigured: Nietzsche's Aesthetic Psychology","Denham, A. E.",2014,https://philpapers.org/rec/DENAT,0.9753779768943787
typical_30d_49,33,centroid,2,12492,Peter Lamarque,"Contesi, Filippo",2012,https://philpapers.org/rec/CONPL-2,0.9731890559196472
typical_30d_49,33,centroid,3,45259,"Review of Jennifer Lena's ""Entitled: Discriminating Tastes and the Expansion of the Arts""","Nguyen, C. Thi",2020,https://philpapers.org/rec/NGUROJ,0.9724889993667603
typical_30d_49,33,random,1,3704,The Limits of Faultless Disagreement,"Baker, Carl",manuscript,https://philpapers.org/rec/BAKTLO,0.8681007623672485
typical_30d_49,33,random,2,17545,"Literary Girls, by K*thleen St*ck: chapter 2, the low-high culture divide","Edward, Terence Rajivan",manuscript,https://philpapers.org/rec/EDWLGB,0.905911386013031
typical_30d_49,34,centroid,1,22379,"Music, Cage's Silence, and Art: An interview with Stephen Davies, PhD","Georgi, Marcella",2022,https://philpapers.org/rec/GEOMCS,0.967766284942627
typical_30d_49,34,centroid,2,49834,The Varieties of Musical Experience,"Polite, Brandon",2014,https://philpapers.org/rec/POLTVO-8,0.9676141142845154
typical_30d_49,34,centroid,3,20598,"Review of Simon Høffding, _A Phenomenology of Musical Absorption_, Cham: Palgrave Macmillan 2019","Foultier, Anna Petronella",2020,https://philpapers.org/rec/FOUROS-2,0.9650933742523193
typical_30d_49,34,random,1,47737,Playin(g) Iterability and Iteratin(g) Play : Tradition and Innovation in Jazz Standards,"Paradiso, Francesco",2017,https://philpapers.org/rec/PARPIA-9,0.9075465202331543
typical_30d_49,34,random,2,13327,"Music practice and participation for psychological well-being: A review of how music influences positive emotion, engagement, relationships, meaning, and accomplishment","Croom, Adam M.",2015,https://philpapers.org/rec/CROMPA-4,0.9235591292381287
typical_30d_49,35,centroid,1,3159,Philosophy and the Non-Native Speaker Condition,"Ayala-López, Saray",2015,https://philpapers.org/rec/AYAPAT,0.9656583070755005
typical_30d_49,35,centroid,2,49109,"Fichte on Sex, Marriage, and Gender","Phillips, Rory Lawrence",2023,https://philpapers.org/rec/PHIFOS,0.9606004357337952
typical_30d_49,35,centroid,3,56262,Feminism and Heterodoxy,"Sharp, Hasana",2019,https://philpapers.org/rec/SHAFAH-2,0.9592276811599731
typical_30d_49,35,random,1,35866,Race in Early Modern Philosophy,"Lewis, Dwight",2016,https://philpapers.org/rec/LEWRIE,0.8967546820640564
typical_30d_49,35,random,2,5944,Trapped in the Wrong Theory: Re-Thinking Trans Oppression and Resistance,"Bettcher, Talia Mae",2014,https://philpapers.org/rec/BETTIT,0.8956866264343262
typical_30d_49,36,centroid,1,42090,Lotze and the Early Cambridge Analytic Philosophy,"Milkov, Nikolay",2000,https://philpapers.org/rec/MILLAT-4,0.9753801226615906
typical_30d_49,36,centroid,2,46009,Review of Science and Sensibilia,"Nunez, Tyke",2023,https://philpapers.org/rec/NUNROS,0.9750913381576538
typical_30d_49,36,centroid,3,52851,A Reconstruction of Russell's Gray's Elegy Argument,"Rosenkrantz, Max",2017,https://philpapers.org/rec/ROSARO-8,0.9750319123268127
typical_30d_49,36,random,1,29841,Wittgenstein and Folk Psychology,"Jiang, Yi",2021,https://philpapers.org/rec/JIAWAF,0.9190601110458374
typical_30d_49,36,random,2,55421,Stebbing on Clarity,"Schliesser, Eric",manuscript,https://philpapers.org/rec/SCHSOC-13,0.9496657252311707
typical_30d_49,37,centroid,1,23533,Incarnation,"Gorman, Michael",2011,https://philpapers.org/rec/GORI-4,0.9723636507987976
typical_30d_49,37,centroid,2,45077,“Religion” and Its Other,"Newheiser, David",2018,https://philpapers.org/rec/NEWRAI,0.9690852165222168
typical_30d_49,37,centroid,3,41835,"Desmond M. Clarke and Catherine Wilson, eds., The Oxford Handbook of Philosophy in Early Modern Europe. Reviewed by","Mihali, Andreea",2012,https://philpapers.org/rec/MIHDMC-2,0.9685960412025452
typical_30d_49,37,random,1,28641,ABOUT THE CRETE COUNCIL DOCUMENT: “MISSION OF THE CHURCH IN TODAY’S WORLD”. ORTHODOX CONSIDERATIONS ON THE “DIGNITY OF HUMAN PERSON”,"Ionita, Apostolache",2018,https://philpapers.org/rec/IONATC,0.8743628859519958
typical_30d_49,37,random,2,49354,On death: Thoughts of an optimistic atheist,"Pigliucci, Massimo",2002,https://philpapers.org/rec/PIGODT,0.9023910760879517
typical_30d_49,38,centroid,1,5760,Ontology and Metaontology: A Contemporary Guide,"Berto, Francesco",2015,https://philpapers.org/rec/BEROAM-2,0.9659672975540161
typical_30d_49,38,centroid,2,64915,"Blurring Boundaries: Carnap, Quine, and the Internal–External Distinction","Verhaegh, Sander",2017,https://philpapers.org/rec/VERBBC,0.9642841219902039
typical_30d_49,38,centroid,3,17984,Carnap's Metaontology,"Eklund, Matti",2011,https://philpapers.org/rec/EKLCM,0.9629073739051819
typical_30d_49,38,random,1,17986,Hale and Wright on the Metaontology of Neo-Fregeanism,"Eklund, Matti",2016,https://philpapers.org/rec/EKLHAW,0.9288333654403687
typical_30d_49,38,random,2,66720,"Identity: Logic, ontology, epistemology","Wertheimer, Roger",1998,https://philpapers.org/rec/WERILO,0.9595935344696045
typical_30d_49,39,centroid,1,50928,"M. H. Kramer, C. Grant, B. Colburn, and A. Hatzistavrou, eds. _The Legacy of H. L. A. Hart: Legal, Political, and Moral Philosophy_.","Ralston, Shane",2010,https://philpapers.org/rec/RALMHK,0.9669491648674011
typical_30d_49,39,centroid,2,50764,Advocacy and Genuine Autonomy: The Lawyer's Role When the Client Has a Right to Do Wrong,"Radzik, Linda",1999,https://philpapers.org/rec/RADAAG,0.966134250164032
typical_30d_49,39,centroid,3,44047,"The Right to Do Wrong: Morality and the Limits of Law, by Mark Osiel (Cambridge: Harvard University Press), 2019","Muñoz, Daniel",2023,https://philpapers.org/rec/MUOTRT-2,0.9647361636161804
typical_30d_49,39,random,1,65464,The Aims of Restorative Justice,"Vogt, David Chelsom",2012,https://philpapers.org/rec/VOGTAO-3,0.9038198590278625
typical_30d_49,39,random,2,44902,Hobbes’s third jurisprudence: legal pragmatism and the dualist menace,"Nelson, Benjamin L. S.",2020,https://philpapers.org/rec/NELHTJ,0.935441792011261
typical_30d_49,40,centroid,1,2194,"Review of Mark White, The Manipulation of Choice: Ethics and Libertarian Paternalism","Anomaly, Jonny",2013,https://philpapers.org/rec/ANOROM-2,0.9495794177055359
typical_30d_49,40,centroid,2,29520,"Book review of: C. Dyble, Taming Leviathan: Waging a War of Ideas Around the World","Jason, Gary James",2008,https://philpapers.org/rec/JASBRO-11,0.9478650093078613
typical_30d_49,40,centroid,3,61261,"Matthew Hale, Of the Law of Nature","Sytsma, David S.",2015,https://philpapers.org/rec/SYTMHO,0.9458878636360168
typical_30d_49,40,random,1,30467,Is the Market a Sphere of Social Freedom?,"Jütten, Timo",2015,https://philpapers.org/rec/JTTITM,0.9238671660423279
typical_30d_49,40,random,2,3744,"Concerning publicized goods (or, the promiscuity of the public goods argument)","Baltzly, Vaughn Bryan",2021,https://philpapers.org/rec/BALCPG,0.8720750212669373
typical_30d_49,41,centroid,1,9282,"Preemption: Military Action and Moral Justification, edited by Henry Shue and David Rodin","Byrne, Edmund",2011,https://philpapers.org/rec/BYRPMA-2,0.9716650247573853
typical_30d_49,41,centroid,2,47747,Routledge Handbook of Ethics and War: Just War Theory in the Twenty‐first Century,"Parry, Jonathan",2015,https://philpapers.org/rec/PARRHO-3,0.9709539413452148
typical_30d_49,41,centroid,3,35047,"National Defence, Self Defence, and the Problem of Political Aggression","Lazar, Seth",2014,https://philpapers.org/rec/LAZNDS,0.967323362827301
typical_30d_49,41,random,1,2223,Art on times of war,"Antonio-Vásquez, Joel",manuscript,https://philpapers.org/rec/ANTAOT-5,0.9154028296470642
typical_30d_49,41,random,2,59839,Just Cause and the Continuous Application of Jus ad Bellum,"Steinhoff, Uwe",forthcoming,https://philpapers.org/rec/STEJCA-4,0.9344173669815063
typical_30d_49,42,centroid,1,9533,"Review of Horcher 2020, A Political Philosophy of Conservatism","Callaway, H. G.",2020,https://philpapers.org/rec/CALROH-5,0.9729080200195312
typical_30d_49,42,centroid,2,16705,Review of 'The Political Is Political: Conformity and the Illusion of Dissent in Contemporary Political Philosophy' by Lorna Finlayson.,"Duff, Koshka",2016,https://philpapers.org/rec/DUFTPI,0.9714473485946655
typical_30d_49,42,centroid,3,7408,History and normativity in political theory: the case of Rawls,"Bourke, Richard",2023,https://philpapers.org/rec/BOUHAN,0.9693289399147034
typical_30d_49,42,random,1,26842,"Hannah Arendt, Liberalism, and Freedom from Politics","Hiruta, Kei",2019,https://philpapers.org/rec/HIRHAL,0.9593570828437805
typical_30d_49,42,random,2,36628,Aristotle’s Politics on Greeks and non-Greeks,"Lockwood, Thornton",2021,https://philpapers.org/rec/LOCAPO,0.9066826105117798
typical_30d_49,43,centroid,1,34808,Enkrasia or evidentialism? Learning to love mismatch,"Lasonen-Aarnio, Maria",2020,https://philpapers.org/rec/LASEOE,0.9732490181922913
typical_30d_49,43,centroid,2,59409,"Reasons Fundamentalism and Rational Uncertainty – Comments on Lord, The Importance of Being Rational","Staffel, Julia",2020,https://philpapers.org/rec/STARFA-3,0.9700284004211426
typical_30d_49,43,centroid,3,63670,The non-factive turn in epistemology: some hypotheses,"Turri, John",2017,https://philpapers.org/rec/TURTNT,0.9693962335586548
typical_30d_49,43,random,1,61672,The AGM theory and inconsistent belief change,"Tanaka, Koji",2005,https://philpapers.org/rec/TANTAT,0.8348121047019958
typical_30d_49,43,random,2,54328,"KK, Knowledge, Knowability","San, Weng Kin",2023,https://philpapers.org/rec/SANKKK,0.9243048429489136
typical_30d_49,44,centroid,1,20326,"Confusion of Tongues: A Theory of Normative Language, by Stephen Finlay","Fogal, Daniel",2016,https://philpapers.org/rec/FOGCOT,0.962701678276062
typical_30d_49,44,centroid,2,31726,Kripke's Wittgenstein: The Meaning Sceptic,"Hossein Khani, Ali",forthcoming,https://philpapers.org/rec/KHAKW,0.960051953792572
typical_30d_49,44,centroid,3,37210,"Review Essay: Scott Soames, Philosophy of Language: Princeton University Press, 2010, Pp. ix, 189","Ludwig, Kirk",2013,https://philpapers.org/rec/LUDRES,0.9592117071151733
typical_30d_49,44,random,1,65351,Heraclitus and the Silent Voice of Logos,"Visotchi, Vasile",2023,https://philpapers.org/rec/VISHAT-2,0.9294158220291138
typical_30d_49,44,random,2,7176,Beyond ostension: Introducing the expressive principle of relevance,"Bonard, Constant",2022,https://philpapers.org/rec/BONBOI,0.927249014377594
typical_30d_49,45,centroid,1,7138,Exploring the vulnerability of practice-like activities: an ethnographic perspective,"Bolade-Ogunfodun, Yemisi",2022,https://philpapers.org/rec/BOLETV,0.9277129769325256
typical_30d_49,45,centroid,2,37555,Between Management and Leadership—A Comparative Study with Reference to (Sheikh Zayed AL Nahyan and Nelson Mandela),"Mabrouk, Dalia",2018,https://philpapers.org/rec/MABBMA,0.9253305792808533
typical_30d_49,45,centroid,3,45951,Job Satisfaction and Dissatisfaction as Outcomes of Psychological Contract: Evidence from the South African Workplace,"Ntimba, David Isaac",manuscript,https://philpapers.org/rec/NTIJSA,0.9250662922859192
typical_30d_49,45,random,1,43924,Contextualizing Individual Competencies for Managing the Corporate Social Responsibility Adaptation Process: The Apparent Influence of the Business Case Logic,"Mulder, Martin",2019,https://philpapers.org/rec/MULCIC,0.9232577681541443
typical_30d_49,45,random,2,57328,"Brazil-Portugal Transcultural Adaptation of the UWES-9: Internal Consistency, Dimensionality, and Measurement Invariance","Sinval, Jorge",2018,https://philpapers.org/rec/SINBTA-3,0.8607826828956604
typical_30d_49,46,centroid,1,56209,China Confronts Kant When University Students Experience the Angst of Freedom,"Shaw, Robert Keith",2016,https://philpapers.org/rec/SHACCK,0.954092800617218
typical_30d_49,46,centroid,2,13757,Rousseau’s lawgiver as teacher of peoples: Investigating the educational preconditions of the social contract,"Dahlbeck, Johan",2024,https://philpapers.org/rec/DAHRLA,0.950079619884491
typical_30d_49,46,centroid,3,47809,The Paralysis of Traditional Schools and the Future of Education,"Pariñas, Noel",2020,https://philpapers.org/rec/PARTPO-92,0.949776828289032
typical_30d_49,46,random,1,51026,"INTERNAL CONTROL SYSTEM AND FINANCIAL PERFORMANCE OF BILLS PAYMENT CENTERS: THE CASE OF BAYAD CENTERS IN SAN JOSE,OCCIDENTAL MINDORO","Ramirez, Jason G.",2023,https://philpapers.org/rec/RAMICS-4,0.8328997492790222
typical_30d_49,46,random,2,61087,Hope in Education as Hope in Love,"Svobodová, Zuzana",2024,https://philpapers.org/rec/SVOHIE,0.9137765169143677
typical_30d_49,47,centroid,1,38335,New Directions in the Epistemology of Modality: Introduction,"Mallozzi, Antonella",2021,https://philpapers.org/rec/MALNDI,0.9740606546401978
typical_30d_49,47,centroid,2,39425,What does nihilism tell us about modal logic?,"Masterman, Christopher James",2024,https://philpapers.org/rec/MASWDN,0.971421480178833
typical_30d_49,47,centroid,3,40285,"Review: Brian Leftow, God and Necessity","McIntosh, C. A.",2014,https://philpapers.org/rec/MCIBL,0.9709144830703735
typical_30d_49,47,random,1,64554,Why Is There Anything At All?,"van Inwagen, Peter",1996,https://philpapers.org/rec/VANWIT-15,0.9386955499649048
typical_30d_49,47,random,2,31845,Physical Necessitism,"Elohim, David",manuscript,https://philpapers.org/rec/KHUNN-2,0.9525961875915527
typical_30d_49,48,centroid,1,10061,"Philosophical Logic: An Introduction to Advanced Topics, by George Englebretsen and Charles Sayward","Carmichael, Chad",2013,https://philpapers.org/rec/CARPLA-5,0.961253821849823
typical_30d_49,48,centroid,2,59475,"Remarks on Wittgenstein, Gödel, Chaitin, Incompleteness, Impossiblity and the Psychological Basis of Science and Mathematics","Starks, Michael Richard",2019,https://philpapers.org/rec/STAROW-15,0.9608902335166931
typical_30d_49,48,centroid,3,39065,"Review of Logic, Logic and Logic, by George Boolos","Mar, Gary",2000,https://philpapers.org/rec/MARROL-8,0.9607298374176025
typical_30d_49,48,random,1,36614,The Existence of Axioms is an Axiom,"Lobo, Matheus P.",2024,https://philpapers.org/rec/LOBTEO-2,0.9463504552841187
typical_30d_49,48,random,2,6208,Frege’s Concept Of Natural Numbers,"Bird, A. P.",2021,https://philpapers.org/rec/BIRFCO,0.9090887308120728
robust_20d_49,0,centroid,1,57988,An Overview of Neutrosophic and Plithogenic Theories and Applications,"Smarandache, Florentin",2023,https://philpapers.org/rec/SMAAOO-3,0.9753499627113342
robust_20d_49,0,centroid,2,58070,Neutrosophic Triplet Structures. Volume I,"Smarandache, Florentin",2019,https://philpapers.org/rec/SMANTS,0.9702407121658325
robust_20d_49,0,centroid,3,58007,Degrees of Membership > 1 and < 0 of the Elements with Respect to a Neutrosophic OffSet,"Smarandache, Florentin",2016,https://philpapers.org/rec/SMADOM,0.9689354300498962
robust_20d_49,0,random,1,28353,The Adjustment Of Identity: Inquiries into Logic and Semantics of an Uncertain World,"Ibrulj, Nijaz",2012,https://philpapers.org/rec/IBRTAO,0.8840077519416809
robust_20d_49,0,random,2,57997,"A Unifying Field in Logics: Neutrosophic Logic: Neutrosophy, Neutrosophic Set, Neutrosophic Probability","Smarandache, Florentin",2007,https://philpapers.org/rec/SMAAUF-2,0.9506654739379883
robust_20d_49,1,centroid,1,69250,"Our Toil Respite Only: Woolf, Diamond and the Difficulty of Reality","Zumhagen-Yekplé, Karen",2015,https://philpapers.org/rec/ZUMOTR,0.9747508764266968
robust_20d_49,1,centroid,2,21258,Gramsci’s ‘Non-contemporaneity’,"Frosini, Fabio",2014,https://philpapers.org/rec/FROGN,0.974445641040802
robust_20d_49,1,centroid,3,55647,A Defense of Integrity as a Conservation Concept,"Scoville, J. Michael",2016,https://philpapers.org/rec/SCOADO-4,0.9735819101333618
robust_20d_49,1,random,1,60113,The Philosophical Importance of Henry James's Late Style,"Steele, Meili",2014,https://philpapers.org/rec/STETPI-16,0.9672896265983582
robust_20d_49,1,random,2,40450,"Review of Iain D. Thomson. Heidegger, Art, and Postmodernity. Cambridge-New York: Cambridge University Press, 2011","McMullin, Irene",2013,https://philpapers.org/rec/MCMROI,0.9432632923126221
robust_20d_49,2,centroid,1,58189,Philosophy and Biomedical Information Systems,"Smith, Barry",2008,https://philpapers.org/rec/SMIBAP,0.9598983526229858
robust_20d_49,2,centroid,2,58386,Ontological realism: A methodology for coordinated evolution of scientiﬁc ontologies,"Smith, Barry",2010,https://philpapers.org/rec/SMIORA-2,0.95950847864151
robust_20d_49,2,centroid,3,29467,The Ontology of Tendencies and Medical Information Sciences,"Jansen, Ludger",2006,https://philpapers.org/rec/JANTOO,0.9572358131408691
robust_20d_49,2,random,1,33947,Biomedical informatics and granularity,"Kumar, Anand",2004,https://philpapers.org/rec/KUMBIA,0.8736013770103455
robust_20d_49,2,random,2,19607,Formal ontology for biomedical knowledge systems integration,"Fielding, J. M.",2004,https://philpapers.org/rec/FIEFOF,0.9418811202049255
robust_20d_49,3,centroid,1,13275,Shortcuts to Artificial Intelligence,"Cristianini, Nello",2021,https://philpapers.org/rec/CRISTA-3,0.9495815634727478
robust_20d_49,3,centroid,2,49621,Anthropomorphism in AI: Hype and Fallacy,"Placani, Adriana",2024,https://philpapers.org/rec/PLAAIA-4,0.94902104139328
robust_20d_49,3,centroid,3,16909,Understanding Artificial Agency,"Dung, Leonard",forthcoming,https://philpapers.org/rec/DUNUAA,0.9482494592666626
robust_20d_49,3,random,1,32780,Can a Robot Lie? Exploring the Folk Concept of Lying as Applied to Artificial Agents,"Kneer, Markus Https://Orcidorg",2021,https://philpapers.org/rec/KNECAR-2,0.9245108962059021
robust_20d_49,3,random,2,34701,What do we want from Explainable Artificial Intelligence (XAI)? – A stakeholder perspective on XAI and a conceptual model guiding interdisciplinary XAI research,"Langer, Markus",2021,https://philpapers.org/rec/LANWDW,0.9255086183547974
robust_20d_49,4,centroid,1,4252,Prediction of Heart Disease Using a Collection of Machine and Deep Learning Algorithms,"Barhoom, Ali M. A.",2022,https://philpapers.org/rec/BARPOH-3,0.8934520483016968
robust_20d_49,4,centroid,2,4253,Prediction of Heart Disease Using a Collection of Machine and Deep Learning Algorithms,"Barhoom, Ali M. A.",2022,https://philpapers.org/rec/BARPOH-4,0.8934520483016968
robust_20d_49,4,centroid,3,2979,Predicting Fire Alarms in Smoke Detection using Neural Networks,"Attia, Maher Wissam",2023,https://philpapers.org/rec/ATTPFA,0.8773556351661682
robust_20d_49,4,random,1,10592,EFFICIENT STRATEGIES FOR SEAMLESS CLOUD MIGRATIONS USING ADVANCED DEPLOYMENT AUTOMATIONS,"Chaitanya Kanth, Tummalachervu",2023,https://philpapers.org/rec/CHAESF-5,0.7284952402114868
robust_20d_49,4,random,2,441,Expert System for Polymyalgia Rheumatic,"Agha, Massoud",2017,https://philpapers.org/rec/AGHESF,0.7685542702674866
robust_20d_49,5,centroid,1,28626,Book Notice of Rosenberg & Arp (eds) Philosophy of Biology: An Anthology,"Ioannidis, Stavros",2011,https://philpapers.org/rec/IOABN,0.9655582308769226
robust_20d_49,5,centroid,2,67163,Biological Individuals,"Wilson, Robert A.",2024,https://philpapers.org/rec/WILBI-2,0.9635323882102966
robust_20d_49,5,centroid,3,23406,"Symbiosis, History of","Gontier, Nathalie",2016,https://philpapers.org/rec/GONSHO-2,0.9631003141403198
robust_20d_49,5,random,1,5351,"Emergence, Emergentism and Pragmatism","Bennett-Hunter, Guy",2015,https://philpapers.org/rec/BENEEA-4,0.9054679274559021
robust_20d_49,5,random,2,12364,Aristotle’s explanations of monstrous births and deformities in Generation of Animals 4.4,"Connell, Sophia",2017,https://philpapers.org/rec/CONAEO-5,0.922461211681366
robust_20d_49,6,centroid,1,7928,The Medical Ethics of Miracle Max,"Brendan, Shea",2015,https://philpapers.org/rec/BRETME-3,0.9476775527000427
robust_20d_49,6,centroid,2,35826,Bioethics met its COVID‐19 Waterloo: The doctor knows best again,"Lewis, Jonathan",2020,https://philpapers.org/rec/LEWBMI,0.9428998231887817
robust_20d_49,6,centroid,3,32011,"Conscientious objections, the nature of medicine, and the need for reformability","Kim, Eric J.",2022,https://philpapers.org/rec/KIMCOT-17,0.9427985548973083
robust_20d_49,6,random,1,65973,Failures in Clinical Trials in the European Union: Lessons from the Polish Experience,"Waligora, Marcin",2013,https://philpapers.org/rec/WALFIC,0.8810230493545532
robust_20d_49,6,random,2,10645,Impacts of the Early COVID-19 Pandemic on the Work of Bioethicists in Canada,"Charron, Marilou",2022,https://philpapers.org/rec/CHAIOT-9,0.9163882732391357
robust_20d_49,7,centroid,1,57698,_Bioethics in Canada_,"Skelton, Anthony",2013,https://philpapers.org/rec/SKEBIC,0.9681482315063477
robust_20d_49,7,centroid,2,57697,"_Bioethics in Canada_, second edition","Skelton, Anthony",2019,https://philpapers.org/rec/SKEBIC-2,0.9579525589942932
robust_20d_49,7,centroid,3,4888,In defence of genethical parity,"Bayne, Tim",2010,https://philpapers.org/rec/BAYIDO-2,0.9462370872497559
robust_20d_49,7,random,1,44281,Anticipation and Medically Assisted Lifegiving—a Challenge to Reproductive Medicine,"Nadin, Mihai",2017,https://philpapers.org/rec/NADAAM,0.876431941986084
robust_20d_49,7,random,2,63109,Stemming the tide of normalisation: An expanded feminist analysis of the ethics and social impact of embryonic stem cell research,"Tremain, Shelley",2006,https://philpapers.org/rec/TRESTT,0.8870527744293213
robust_20d_49,8,centroid,1,37478,"The myth of the intuitive: Experimental philosophy and philosophical method, by Max Deutsch (MIT Press, 2015).","Lynch, Kevin",2016,https://philpapers.org/rec/LYNTMO-2,0.9703344702720642
robust_20d_49,8,centroid,2,9725,Experimental philosophy without intuitions: an illustration of why it fails,"Cappelen, Herman",2022,https://philpapers.org/rec/CAPEPW,0.9680719971656799
robust_20d_49,8,centroid,3,39936,The method(s) of cases,"Maynes, Jeffrey",2021,https://philpapers.org/rec/MAYTMO-10,0.9676036834716797
robust_20d_49,8,random,1,17875,Philosophical expertise under the microscope,"Egler, Miguel",2020,https://philpapers.org/rec/EGLPEU,0.9493829607963562
robust_20d_49,8,random,2,42573,Three Arguments Against the Expertise Defense,"Mizrahi, Moti",2015,https://philpapers.org/rec/MIZTAA,0.9368677139282227
robust_20d_49,9,centroid,1,29920,Speed Control of Ward Leonard Layout System using H infinity Optimal Control,"Jibril, Mustefa",2020,https://philpapers.org/rec/JIBSCO-3,0.9096916317939758
robust_20d_49,9,centroid,2,29908,Performance Investigation of Hydraulic Actuator Based Mass Lift System using MPC and LQR Controllers,"Jibril, Mustefa",2020,https://philpapers.org/rec/JIBPIO-3,0.9051600098609924
robust_20d_49,9,centroid,3,29892,Modeling and Simulation of a Horizontally Moving Suspended Mass Pendulum Base using H infinity Optimal Loop Shaping Controller with First and Second Order Desired Loop Shaping Functions,"Jibril, Mustefa",2021,https://philpapers.org/rec/JIBMAS-4,0.9051475524902344
robust_20d_49,9,random,1,29862,Design and Control of a Hydraulic Based Tire Changer using H infinity and H2 Optimal Synthesis Controllers,"Jibril, Mustefa",manuscript,https://philpapers.org/rec/JIBDAC-3,0.8584805130958557
robust_20d_49,9,random,2,29844,Automatic Heat Dispel System for DINGSON Biscuit Oven using Thermocouple Temperature Sensor,"Jibril, Mustefa",2021,https://philpapers.org/rec/JIBAHD,0.8430008292198181
robust_20d_49,10,centroid,1,11142,The Cosmic Void,"Chen, Eddy Keming",2021,https://philpapers.org/rec/CHETCV,0.9622622728347778
robust_20d_49,10,centroid,2,13453,"The philosophical implications of the loophole-free violation of Bell’s inequality: Quantum entanglement, timelessness, triple-aspect monism, mathematical Platonism and scientific morality.","Côté, Gilbert B.",manuscript,https://philpapers.org/rec/CTTPI,0.961342990398407
robust_20d_49,10,centroid,3,5785,Privileged-Perspective Realism in the Quantum Multiverse,"Berenstain, Nora",2020,https://philpapers.org/rec/BERPRI-4,0.9570749402046204
robust_20d_49,10,random,1,48490,The Indeterminist Objectivity of Quantum Mechanics Versus the Determinist Subjectivity of Classical Physics,"Penchev, Vasil",2020,https://philpapers.org/rec/PENTIO-7,0.9010112285614014
robust_20d_49,10,random,2,2215,On the nature of the Higgs boson,"Anselmi, Damiano",2019,https://philpapers.org/rec/ANSOTN-3,0.7236119508743286
robust_20d_49,11,centroid,1,67648,The specifics of suburban architecture,"Winskowski, Piotr",2015,https://philpapers.org/rec/WINTSO-21,0.9639466404914856
robust_20d_49,11,centroid,2,15886,Editorial: Projected interiorities or the production of subjectivity through spatial and performative means,"Djalali, Amir",2022,https://philpapers.org/rec/DJAPIO,0.9615540504455566
robust_20d_49,11,centroid,3,10948,"Ugliness in architecture in the Australian, American, British and Italian milieus: Subtopia between the 1950s and the 1970s","Charitonidou, Marianna",2022,https://philpapers.org/rec/CHAUIA,0.9607557058334351
robust_20d_49,11,random,1,33,The rethinking and enhancement of the natural and cultural heritage of the cultural landscapes: the case of Sečovlje and Janubio saltpans,"Abad Espinoza, Luis Gregorio",2019,https://philpapers.org/rec/ABATRA-2,0.9132558107376099
robust_20d_49,11,random,2,34431,The Application of Narrative to the Conservation of Historic Buildings,"Lamarque, Peter",2020,https://philpapers.org/rec/LAMTAO-12,0.9156161546707153
robust_20d_49,12,centroid,1,19570,"Review of Bryan Norton, Sustainable Values, Sustainable Change","Fesmire, Steven",2016,https://philpapers.org/rec/FESROB,0.9672431945800781
robust_20d_49,12,centroid,2,40560,"Book Review: Anthony O’Hear, ed., Philosophy and the Environment","Mcshane, Katie",2013,https://philpapers.org/rec/MCSAOE-2,0.9623559713363647
robust_20d_49,12,centroid,3,22058,The Philosophical Foundations of Ecological Civilization: A Manifesto for the Future,"Gare, Arran",2016,https://philpapers.org/rec/GARTPF-3,0.9620146155357361
robust_20d_49,12,random,1,11264,The Role of Philosophers in Climate Change,"Chislenko, Eugene",2022,https://philpapers.org/rec/CHITRO-15,0.9262672662734985
robust_20d_49,12,random,2,35483,Rawlsian Anti-Capitalist Environmental Justice,"Lennie, Tyra",2024,https://philpapers.org/rec/LENRAE,0.9304637908935547
robust_20d_49,13,centroid,1,30174,"Saving Animals, Saving Ourselves: Why Animals Matter for Pandemics, Climate Change, and Other Catastrophes; By Jeff Sebo","Johannsen, Kyle",forthcoming,https://philpapers.org/rec/JOHSAS-11,0.9620227813720703
robust_20d_49,13,centroid,2,18497,Vegetarianism,"Engel, Mylan",2016,https://philpapers.org/rec/ENGV-3,0.9605610966682434
robust_20d_49,13,centroid,3,26779,Why Do We Believe Humans Matter More than Other Animals?,"Hill, Scott",2020,https://philpapers.org/rec/HILWDW,0.9593924880027771
robust_20d_49,13,random,1,34412,Making the Animals on the Plate Visible: Anglophone Celebrity Chef Cookbooks Ranked by Sentient Animal Deaths,"Lamey, Andy",2018,https://philpapers.org/rec/LAMMTA,0.8732303977012634
robust_20d_49,13,random,2,66446,A Difference that Makes a Difference: Welfare and the Equality of Consideration,"Weber, Elijah",2010,https://philpapers.org/rec/WEBADT,0.9172155261039734
robust_20d_49,14,centroid,1,41054,Intellectual Virtues and Scientific Endeavor: A Reflection on the Commitments Inherent in Generating and Possessing Knowledge,"Mendoza-De Los Santos, Oscar Eliezer",2023,https://philpapers.org/rec/MENIVA-2,0.9469927549362183
robust_20d_49,14,centroid,2,36803,For the Common Good: Philosophical Foundations of Research Ethics,"London, Alex John",2021,https://philpapers.org/rec/LONFTC,0.9464876055717468
robust_20d_49,14,centroid,3,39853,The Urgent Need for an Academic Revolution: The Rational Pursuit of Wisdom,"Maxwell, Nicholas",2010,https://philpapers.org/rec/MAXTUN-3,0.944907009601593
robust_20d_49,14,random,1,69305,Addressing research integrity challenges: from penalising individual perpetrators to fostering research ecosystem quality care,"Zwart, Hub",2019,https://philpapers.org/rec/ZWAARI,0.8672729730606079
robust_20d_49,14,random,2,39716,Arguing for wisdom in the university: an intellectual autobiography,"Maxwell, Nicholas",2012,https://philpapers.org/rec/MAXAFW,0.9155924320220947
robust_20d_49,15,centroid,1,45305,The opacity of play: a reply to commentators,"Nguyen, C. Thi",2021,https://philpapers.org/rec/NGUTOO-2,0.9622863531112671
robust_20d_49,15,centroid,2,67842,Too Much Playing Games – A Response to Kretchmar,"Wolf-Root, Alex",2020,https://philpapers.org/rec/WOLTMP-2,0.9578851461410522
robust_20d_49,15,centroid,3,26262,What is a Metagame?,"Hemmingsen, Michael",forthcoming,https://philpapers.org/rec/HEMWIA-2,0.951109766960144
robust_20d_49,15,random,1,26489,Sport as a Context for Integration: Newly Arrived Immigrant Children in Sweden Drawing Sporting Experiences,"Hertting, Krister",2021,https://philpapers.org/rec/HERSAA-2,0.851470947265625
robust_20d_49,15,random,2,51607,Plato's Gymnastic Dialogues,"Reid, Heather",2020,https://philpapers.org/rec/REIPGD-4,0.879681408405304
robust_20d_49,16,centroid,1,39561,Philosophy for life and other dangerous situations,"Matchett, Nancy J.",2015,https://philpapers.org/rec/MATPFL,0.9570990800857544
robust_20d_49,16,centroid,2,10835,Review of The Self,"Chattopadhyay, Subhasis",2020,https://philpapers.org/rec/CHAROT-32,0.9551398754119873
robust_20d_49,16,centroid,3,10394,"Commentary: Not in the drug, not in the brain: Causality in psychedelic experiences from an enactive perspective","Cea, Ignacio",2023,https://philpapers.org/rec/CEACNI,0.9544479846954346
robust_20d_49,16,random,1,18966,Retiring the “Cinderella view”: the spinal cord as an intrabodily cognitive extension,"Facchin, Marco",2021,https://philpapers.org/rec/FACRTC-3,0.8025476932525635
robust_20d_49,16,random,2,17038,Personhood and first-personal experience,"Duus, Richard E.",2017,https://philpapers.org/rec/DUUPAF,0.9071745872497559
robust_20d_49,17,centroid,1,9601,"Not Just A Tool: Why Social-Media Use Is Bad and Bad For Us, and The Duty to Quit","Campbell, Douglas R.",2024,https://philpapers.org/rec/CAMNJA,0.9403080940246582
robust_20d_49,17,centroid,2,63858,Can Humans Dream of Electric Sheep?,"Umbrello, Steven",2021,https://philpapers.org/rec/UMBCHD,0.9388630986213684
robust_20d_49,17,centroid,3,8716,What to Do When Privacy Is Gone,"Brusseau, James",2019,https://philpapers.org/rec/BRUWTD-2,0.9374097585678101
robust_20d_49,17,random,1,20158,Information and design: book symposium on Luciano Floridi’s The Logic of Information,"Gorichanaz, Tim",2020,https://philpapers.org/rec/FLOIAD-2,0.8905755877494812
robust_20d_49,17,random,2,29343,Review of “Science and Other Cultures: Issues in Philosophies of Science and Technology”,"James, Christine A.",2004,https://philpapers.org/rec/JAMROS-2,0.9093092083930969
robust_20d_49,18,centroid,1,50761,Why We Need a New Normativism about Collective Action,"Rachar, Matthew",2022,https://philpapers.org/rec/RACWWN,0.9681999683380127
robust_20d_49,18,centroid,2,52807,Goods and Groups: Thomistic Social Action and Metaphysics,"Rooney, James Dominic",2016,https://philpapers.org/rec/ROOGAG-2,0.9629549384117126
robust_20d_49,18,centroid,3,1589,Introduction,"Altner, Franz",2024,https://philpapers.org/rec/ALTIVO,0.9619396328926086
robust_20d_49,18,random,1,61313,Are Individualist Accounts of Collective Responsibility Morally Deficient?,"Szigeti, Andras",2013,https://philpapers.org/rec/SZIAIA,0.93413907289505
robust_20d_49,18,random,2,34302,Team Reasoning as a Guide to Coordination,"Lahno, Bernd",2014,https://philpapers.org/rec/LAHTRA-2,0.8771224617958069
robust_20d_49,19,centroid,1,60507,Leibniz Reinterpreted,"Strickland, Lloyd",2006,https://philpapers.org/rec/STRLR-3,0.9589706063270569
robust_20d_49,19,centroid,2,3132,Religious Pluralism and its Discontents: Faith and the ‘Logic of Exclusion',"Axtell, Guy",2003,https://philpapers.org/rec/AXTRPA-3,0.9577531814575195
robust_20d_49,19,centroid,3,47332,THE BALD BOY AND THE MOST BEAUTIFUL GIRL IN THE WORLD,"Paksoy, H. B.",2003,https://philpapers.org/rec/PAKTBB,0.9571651816368103
robust_20d_49,19,random,1,68447,Grace and Alienation,"Yao, Vida",2020,https://philpapers.org/rec/YAOGAA,0.9553970098495483
robust_20d_49,19,random,2,41591,The Virtues of African Ethics (Repr.),"Metz, Thaddeus",2022,https://philpapers.org/rec/METTVO-3,0.9426281452178955
robust_20d_49,20,centroid,1,34441,The Wrong of Rudeness,"Lambert, Andrew",2020,https://philpapers.org/rec/LAMTWO,0.9546841979026794
robust_20d_49,20,centroid,2,34470,Are You Entitled to Affirmative Action?,"Landau, Iddo",1997,https://philpapers.org/rec/LANAYE,0.9541791677474976
robust_20d_49,20,centroid,3,19630,The Politics of Being Part of Nature,"Field, Sandra Leonie",2020,https://philpapers.org/rec/FIETPO-12,0.9511639475822449
robust_20d_49,20,random,1,45192,Essays on the Vietnam Stock Market,"Nguyen, Phuong Thi Ly",2020,https://philpapers.org/rec/NGUEOT-2,0.6921196579933167
robust_20d_49,20,random,2,38236,Unrealistic assumptions and unnecessary confusions : rereading and rewriting F53 as a realist statement,"Mäki, Uskali",2009,https://philpapers.org/rec/MAKUAA,0.9013257026672363
robust_20d_49,21,centroid,1,4437,Taking Stock of Infinite Value: Pascal’s Wager and Relative Utilities,"Bartha, Paul",2007,https://philpapers.org/rec/BARTSO-61,0.9628629088401794
robust_20d_49,21,centroid,2,18185,Normative Decision Theory,"Elliott, Edward",2019,https://philpapers.org/rec/ELLNDT,0.9610720872879028
robust_20d_49,21,centroid,3,8776,Decision Theory,"Buchak, Lara",2016,https://philpapers.org/rec/BUCDT,0.9605000019073486
robust_20d_49,21,random,1,65590,How Much Ambiguity Aversion? Finding Indifferences between Ellsberg's Risky and Ambiguous Bets,"Binmore, Ken",2012,https://philpapers.org/rec/VOOHMA,0.9219020009040833
robust_20d_49,21,random,2,43338,Human bounds: rationality for our species,"Morton, Adam",2010,https://philpapers.org/rec/MORHBR,0.9137281179428101
robust_20d_49,22,centroid,1,44788,A Counterexample to Parfit's Rule Consequentialism,"Nebel, Jacob",2012,https://philpapers.org/rec/NEBACT,0.9750608205795288
robust_20d_49,22,centroid,2,10669,Knowing What Matters,"Chappell, Richard Yetter",2017,https://philpapers.org/rec/CHAKWM,0.971589207649231
robust_20d_49,22,centroid,3,46053,Non-Consequentialism Demystified,"Ku, John",2015,https://philpapers.org/rec/NYEND,0.9715370535850525
robust_20d_49,22,random,1,63828,Kant and Moral Motivation: The Value of Free Rational Willing,"Uleman, Jennifer K.",2016,https://philpapers.org/rec/ULEKAM,0.9471417665481567
robust_20d_49,22,random,2,20986,Moral Responsibility for Concepts,"Fredericks, Rachel",2018,https://philpapers.org/rec/FREMRF,0.9352301955223083
robust_20d_49,23,centroid,1,62061,Emotions: Philosophical Issues About,"Deonna, Julien",2015,https://philpapers.org/rec/TEREPI,0.9756631851196289
robust_20d_49,23,centroid,2,50026,Arguments from the Priority of Feeling in Contemporary Emotion Theory and Max Scheler’s Phenomenology,"Potter, Joel M.",2012,https://philpapers.org/rec/POTAFT,0.9699880480766296
robust_20d_49,23,centroid,3,14977,"Review of Christine Tappolet, Emotions, Values and Agency (Oxford University Press, 2016)","De Mesel, Benjamin",2017,https://philpapers.org/rec/DEMROC,0.969507098197937
robust_20d_49,23,random,1,20928,"The Given: Experience and Its Content, written by Michelle Montague","Fréchette, Guillaume",2019,https://philpapers.org/rec/FRCTGE,0.9217191338539124
robust_20d_49,23,random,2,14560,In the Mood: Why Vibes Matter in Reading and Writing Philosophy,"De Cruz, Helen",2023,https://philpapers.org/rec/DECITM-2,0.9194543957710266
robust_20d_49,24,centroid,1,67377,New surprises for the Ramsey Test,"Willer, Malte",2010,https://philpapers.org/rec/WILNSF,0.9705555438995361
robust_20d_49,24,centroid,2,55362,Reasonable Inferences for Counterfactuals,"Schultheis, Ginger",manuscript,https://philpapers.org/rec/SCHRIF-3,0.9698076248168945
robust_20d_49,24,centroid,3,57112,The Inextricable Link Between Conditionals and Logical Consequence,"Silva, Matheus",manuscript,https://philpapers.org/rec/SILTIL-3,0.9674662351608276
robust_20d_49,24,random,1,62839,The Temporal Asymmetry of Counterfactuals,"Tomkow, Terrance A.",manuscript,https://philpapers.org/rec/TOMTTA-5,0.8925222754478455
robust_20d_49,24,random,2,59131,The Conditional in Three-Valued Logic,"Sprenger, Jan",forthcoming,https://philpapers.org/rec/SPRTCI-3,0.9243239164352417
robust_20d_49,25,centroid,1,8886,The Ineffability of Induction,"Builes, David",2020,https://philpapers.org/rec/BUITIO-2,0.9608699083328247
robust_20d_49,25,centroid,2,58546,The Principle of Indifference and Inductive Scepticism,"Smithson, Robert",2017,https://philpapers.org/rec/SMITPO-74,0.958134114742279
robust_20d_49,25,centroid,3,829,"The"" No Miracles"" Justification of Induction","Alai, Mario",2009,https://philpapers.org/rec/ALATNM,0.9559713006019592
robust_20d_49,25,random,1,577,Scientific Constitutive Abduction,"Aizawa, Kenneth",manuscript,https://philpapers.org/rec/AIZSCA-3,0.886722207069397
robust_20d_49,25,random,2,4507,An Intuitive Solution to the Problem of Induction,"Bassford, Andrew",2022,https://philpapers.org/rec/BASAIS,0.9488814473152161
robust_20d_49,26,centroid,1,7986,"Death, Immortality, and Meaning in Life. By John Martin Fischer. Oxford: Oxford University Press, 2020. 216 pages. $29.99. (Paperback)","Brissey, Patrick",2021,https://philpapers.org/rec/BRIDIA-2,0.9783158302307129
robust_20d_49,26,centroid,2,49168,The Meaning of Life: What's the Point?,"Pianalto, Matthew",2023,https://philpapers.org/rec/PIATMO,0.9718523621559143
robust_20d_49,26,centroid,3,63129,Does Death Give Meaning to Life?,"Trisel, Brooke Alan",2015,https://philpapers.org/rec/TRIDDG,0.9709208011627197
robust_20d_49,26,random,1,31630,A Guide for the Godless: The Secular Path to Meaning,"Kernohan, Andrew",2008,https://philpapers.org/rec/KERAGF,0.9546207785606384
robust_20d_49,26,random,2,36821,On Becoming a Rooster: Zhuangzian Conventionalism and the Survival of Death,"Longenecker, Michael Tze-Sung",2022,https://philpapers.org/rec/LONOBA,0.92859947681427
robust_20d_49,27,centroid,1,53073,Well-Being as Fitting Happiness,"Rossi, Mauro",2022,https://philpapers.org/rec/ROSWAF-3,0.9685527682304382
robust_20d_49,27,centroid,2,27339,The Elements of Well-Being,"Hooker, Brad",2015,https://philpapers.org/rec/HOOTEO-8,0.9641020894050598
robust_20d_49,27,centroid,3,8495,The Folk Theory of Well-Being,"Bronsteen, John",2024,https://philpapers.org/rec/BROTFT-2,0.9622430205345154
robust_20d_49,27,random,1,34341,Strong Evaluations and Personal Identity,"Laitinen, Arto",2002,https://philpapers.org/rec/LAISEA,0.907561719417572
robust_20d_49,27,random,2,910,A Philosophy for the Science of Well-Being,"Alexandrova, Anna",2017,https://philpapers.org/rec/ALEAPF-2,0.956795871257782
robust_20d_49,28,centroid,1,31475,Making Something Happen. Where Causation and Agency Meet.,"Keil, Geert",2007,https://philpapers.org/rec/KEIMSH,0.9688923358917236
robust_20d_49,28,centroid,2,66840,Review of Making Things Happen,"Weslake, Brad",2006,https://philpapers.org/rec/WESU,0.9686574339866638
robust_20d_49,28,centroid,3,23077,Purposeful Explanation and Causal Gaps,"Goetz, Stewart",2013,https://philpapers.org/rec/GOEPEA,0.9683149456977844
robust_20d_49,28,random,1,27749,"Processes, pre-emption and further problems","Hüttemann, Andreas",2020,https://philpapers.org/rec/HTTPPA,0.9462041854858398
robust_20d_49,28,random,2,7871,Explaining Why There is Something Rather than Nothing,"Brenner, Andrew",2022,https://philpapers.org/rec/BREEWT-3,0.939457893371582
robust_20d_49,29,centroid,1,37525,Scientific Realism,"Lyons, Timothy D.",2014,https://philpapers.org/rec/LYOSR,0.9745107293128967
robust_20d_49,29,centroid,2,42986,"An empiricist regarding science, an empiricist regarding representation","Monton, Bradley",2010,https://philpapers.org/rec/MONAER,0.9727969765663147
robust_20d_49,29,centroid,3,53207,A methodological argument against scientific realism,"Rowbottom, Darrell P.",2019,https://philpapers.org/rec/ROWAMA-2,0.9726310968399048
robust_20d_49,29,random,1,53184,Testability and the Unity of Science,"Roush, Sherrilyn",2004,https://philpapers.org/rec/ROUTAT-3,0.937402069568634
robust_20d_49,29,random,2,37527,Scientific realism and the stratagema de divide et impera,"Lyons, Timothy D.",2006,https://philpapers.org/rec/LYOSRA,0.9602054953575134
robust_20d_49,30,centroid,1,17804,"Composition, Persistence, and Identity","Effingham, Nikk",2009,https://philpapers.org/rec/EFFPAI,0.9662915468215942
robust_20d_49,30,centroid,2,17805,"Persistence, composition, and identity","Effingham, Nikk",2009,https://philpapers.org/rec/EFFPCA,0.9662915468215942
robust_20d_49,30,centroid,3,36926,Parts Ground the Whole and Are Identical to It,"Loss, Roberto",2016,https://philpapers.org/rec/LOSPGT,0.964920163154602
robust_20d_49,30,random,1,30172,"Russell, Wittgenstein, and synthesis in thought","Johnston, Colin",2012,https://philpapers.org/rec/JOHRWA,0.9165375828742981
robust_20d_49,30,random,2,33642,The concreteness of objects: an argument against mereological bundle theory,"Kriegel, Uriah",2021,https://philpapers.org/rec/KRITCO-16,0.9190030694007874
robust_20d_49,31,centroid,1,43972,"Searle, Derrida, and the ends of phenomenology","Mulligan, Kevin",2003,https://philpapers.org/rec/MULSDA-2,0.978001594543457
robust_20d_49,31,centroid,2,14031,"Tom Sparrow: The end of phenomenology: Metaphysics and the new realism: Edinburgh University Press, Edinburgh, 2014, xvi + 197 pp, $34.95 , ISBN: 9780748684830","Džanić, Denis",2016,https://philpapers.org/rec/DANTST,0.9720941781997681
robust_20d_49,31,centroid,3,59361,Merleau-ponty in dialogue with the cognitive sciences in light of recent imitation research,"Stawarska, Beata",2003,https://philpapers.org/rec/STAMID-2,0.9710376858711243
robust_20d_49,31,random,1,4331,"Self-reference, Phenomenology, and Philosophy of Science","Bartlett, Steven James",1980,https://philpapers.org/rec/BARSPA-20,0.9527672529220581
robust_20d_49,31,random,2,2149,Poetic Becomings: A Sensing of the Good,"Anker, Michael",2011,https://philpapers.org/rec/ANKPBA,0.907520592212677
robust_20d_49,32,centroid,1,22379,"Music, Cage's Silence, and Art: An interview with Stephen Davies, PhD","Georgi, Marcella",2022,https://philpapers.org/rec/GEOMCS,0.9681350588798523
robust_20d_49,32,centroid,2,49834,The Varieties of Musical Experience,"Polite, Brandon",2014,https://philpapers.org/rec/POLTVO-8,0.966810405254364
robust_20d_49,32,centroid,3,20598,"Review of Simon Høffding, _A Phenomenology of Musical Absorption_, Cham: Palgrave Macmillan 2019","Foultier, Anna Petronella",2020,https://philpapers.org/rec/FOUROS-2,0.9648359417915344
robust_20d_49,32,random,1,13292,Auditory Neuroscience: Making Sense of Sound,"Croom, Adam M.",2014,https://philpapers.org/rec/CROANM,0.8912539482116699
robust_20d_49,32,random,2,7373,A Philosophical Account of Listening Musically,"Bourbon, Paskalina",2020,https://philpapers.org/rec/BOUAPA,0.9446970224380493
robust_20d_49,33,centroid,1,60961,Extended and constructive remembering: two notes on Martin and Deutscher,"Sutton, John",2009,https://philpapers.org/rec/SUTEAC,0.9728906750679016
robust_20d_49,33,centroid,2,19460,Memory: A Self-Referential Account,"Fernández, Jordi",2019,https://philpapers.org/rec/FERMAS-6,0.9687049388885498
robust_20d_49,33,centroid,3,41737,Is external memory memory? Biological memory and extended mind,"Michaelian, Kourken",2012,https://philpapers.org/rec/MICIEM,0.967330276966095
robust_20d_49,33,random,1,19460,Memory: A Self-Referential Account,"Fernández, Jordi",2019,https://philpapers.org/rec/FERMAS-6,0.9687049388885498
robust_20d_49,33,random,2,60968,From individual memory to collective memory: Theoretical and empirical perspectives,"Barnier, Amanda",2008,https://philpapers.org/rec/SUTFIM,0.9093515276908875
robust_20d_49,34,centroid,1,24707,Seeing One Another Anew with Godfrey Reggio's Visitors,"Guter, Eran",2023,https://philpapers.org/rec/GUTSOA,0.9676766991615295
robust_20d_49,34,centroid,2,55155,"Ideology, Socratic elenchus, and Inglourious Basterds","Schnee, Ian",2013,https://philpapers.org/rec/SCHISE-3,0.967001736164093
robust_20d_49,34,centroid,3,23683,"American History X, Cinematic Manipulation, and Moral Conversion","Grau, Christopher",2010,https://philpapers.org/rec/GRAAHX,0.9630208015441895
robust_20d_49,34,random,1,50644,Post-Truth as a Feature of Hypermodern Times,"Quintana Paz, Miguel Angel",2018,https://philpapers.org/rec/QUIPAA-6,0.9008878469467163
robust_20d_49,34,random,2,25485,Introducing Cinematic Humanism: A Solution to the Problem of Cinematic Cognitivism,"Harrison, Britt",2019,https://philpapers.org/rec/HARICH,0.9309589266777039
robust_20d_49,35,centroid,1,15014,"Attuned, Transcendent & Transfigured: Nietzsche's Aesthetic Psychology","Denham, A. E.",2014,https://philpapers.org/rec/DENAT,0.9754424095153809
robust_20d_49,35,centroid,2,12492,Peter Lamarque,"Contesi, Filippo",2012,https://philpapers.org/rec/CONPL-2,0.973063051700592
robust_20d_49,35,centroid,3,45259,"Review of Jennifer Lena's ""Entitled: Discriminating Tastes and the Expansion of the Arts""","Nguyen, C. Thi",2020,https://philpapers.org/rec/NGUROJ,0.9718751311302185
robust_20d_49,35,random,1,25980,"Testimony, Understanding, and Art Criticism","Hazlett, Allan",forthcoming,https://philpapers.org/rec/HAZTUA,0.945449948310852
robust_20d_49,35,random,2,21610,"Review of The Philosophy of Design. Glenn Parsons, Polity Press, 2016","Gal, Michalle",2017,https://philpapers.org/rec/GALPGT,0.9603349566459656
robust_20d_49,36,centroid,1,17984,Carnap's Metaontology,"Eklund, Matti",2011,https://philpapers.org/rec/EKLCM,0.9674397110939026
robust_20d_49,36,centroid,2,64915,"Blurring Boundaries: Carnap, Quine, and the Internal–External Distinction","Verhaegh, Sander",2017,https://philpapers.org/rec/VERBBC,0.9670966863632202
robust_20d_49,36,centroid,3,51863,Quantification in the Ontology Room,"Rettler, Bradley",2019,https://philpapers.org/rec/RETQIT,0.9664081931114197
robust_20d_49,36,random,1,51254,“…the Most Memorable Don Quixote of a Great Cause”. Bergmann’s Critique of Meinong,"Raspa, Venanzio",2008,https://philpapers.org/rec/RASTMM,0.9109135270118713
robust_20d_49,36,random,2,46898,Debunking Rationalist Defenses of Common-Sense Ontology: An Empirical Approach,"Osborne, Robert Carry",2016,https://philpapers.org/rec/OSBDRD,0.9463410377502441
robust_20d_49,37,centroid,1,53995,Fictionalism,"Salis, Fiora",2015,https://philpapers.org/rec/SALF-4,0.972637414932251
robust_20d_49,37,centroid,2,21226,The Real Foundation of Fictional Worlds,"Friend, Stacie",2017,https://philpapers.org/rec/FRITRF,0.9723877906799316
robust_20d_49,37,centroid,3,45530,Fictional Truth: In Defence of the Reality Principle,"Franzén, Nils",2021,https://philpapers.org/rec/NILFTI,0.9692022204399109
robust_20d_49,37,random,1,63763,"Fanfiction, Canon, and Possible Worlds","Uckelman, Sara L.",manuscript,https://philpapers.org/rec/UCKFCA,0.9441803097724915
robust_20d_49,37,random,2,40993,Beliefs as Self-Verifying Fictions,"Mendelovici, Angela",forthcoming,https://philpapers.org/rec/MENBAS-2,0.9300316572189331
robust_20d_49,38,centroid,1,53480,Cognitive systems and the supersized mind,"Rupert, Robert D.",2011,https://philpapers.org/rec/RUPCSA,0.9675822854042053
robust_20d_49,38,centroid,2,41229,Editorial Introduction: Socializing the Extended Mind,"Merritt, Michele",2013,https://philpapers.org/rec/MEREIS,0.963984489440918
robust_20d_49,38,centroid,3,67287,How to situate cognition: Letting nature take its course,"Wilson, Robert A.",2008,https://philpapers.org/rec/WILHTS,0.963817834854126
robust_20d_49,38,random,1,279,Extended Cognition and Propositional Memory,"Adam Carter, J.",2015,https://philpapers.org/rec/ADAECA-5,0.9072237014770508
robust_20d_49,38,random,2,6298,Dancing with pixies: strong artificial intelligence and panpsychism,"Bishop, John Mark",2002,https://philpapers.org/rec/BISDWP-2,0.9199706315994263
robust_20d_49,39,centroid,1,46009,Review of Science and Sensibilia,"Nunez, Tyke",2023,https://philpapers.org/rec/NUNROS,0.9785022735595703
robust_20d_49,39,centroid,2,24505,"Cavell and the ""History of the Rejection of the Human""","Guetti, Edward",2021,https://philpapers.org/rec/GUECAT-2,0.9773775339126587
robust_20d_49,39,centroid,3,52851,A Reconstruction of Russell's Gray's Elegy Argument,"Rosenkrantz, Max",2017,https://philpapers.org/rec/ROSARO-8,0.9771552681922913
robust_20d_49,39,random,1,15782,‘Blind’ to the obvious,"Dinishak, Janette",2014,https://philpapers.org/rec/DINBTT,0.9374011158943176
robust_20d_49,39,random,2,53503,Analysis and dialectic: studies in the logic of foundation problems,"Russell, Joseph",1984,https://philpapers.org/rec/RUSAAD,0.9355834126472473
robust_20d_49,40,centroid,1,23533,Incarnation,"Gorman, Michael",2011,https://philpapers.org/rec/GORI-4,0.972214937210083
robust_20d_49,40,centroid,2,46577,The Metaphysics of the Incarnation,"O'Neill, Seamus",2013,https://philpapers.org/rec/ONEAMA,0.9691981673240662
robust_20d_49,40,centroid,3,46591,"Philosophy in the Middle Ages: the Christian, Islamic, and Jewish Traditions (3rd ed.)","O’Neill, Seamus",2011,https://philpapers.org/rec/ONEPIT-3,0.9691981673240662
robust_20d_49,40,random,1,10607,God Neither Loves Nor Hates Anyone,"Chakravarty, Anish",2018,https://philpapers.org/rec/CHAGNL,0.9530565142631531
robust_20d_49,40,random,2,55287,Peter Aureol on Divine Knowledge and Future Contingents,"Schabel, Chris",1995,https://philpapers.org/rec/SCHPAO-5,0.9129294753074646
robust_20d_49,41,centroid,1,28994,"Dilemmas, Disagreement, and Dualism","Jackson, Elizabeth",2020,https://philpapers.org/rec/JACDDA-2,0.9686875939369202
robust_20d_49,41,centroid,2,39483,Disagreement: Idealized and Everyday,"Matheson, Jonathan",2014,https://philpapers.org/rec/MATDIA,0.9679340720176697
robust_20d_49,41,centroid,3,6238,‘Peer Disagreement’ and Evidence of Evidence,"Biro, John",2018,https://philpapers.org/rec/BIRQDA,0.9659630060195923
robust_20d_49,41,random,1,8493,The Epistemology of Group Disagreement: An Introduction,"Broncano-Berrocal, Fernandfo",2020,https://philpapers.org/rec/BROTEO-94,0.9504883289337158
robust_20d_49,41,random,2,62655,Moral Peer Disagreement and the Limits of Higher-Order Evidence,"Tiozzo, Marco",2019,https://philpapers.org/rec/TIOMPD,0.9504102468490601
robust_20d_49,42,centroid,1,38335,New Directions in the Epistemology of Modality: Introduction,"Mallozzi, Antonella",2021,https://philpapers.org/rec/MALNDI,0.9738327264785767
robust_20d_49,42,centroid,2,39425,What does nihilism tell us about modal logic?,"Masterman, Christopher James",2024,https://philpapers.org/rec/MASWDN,0.9715744256973267
robust_20d_49,42,centroid,3,40285,"Review: Brian Leftow, God and Necessity","McIntosh, C. A.",2014,https://philpapers.org/rec/MCIBL,0.9713042974472046
robust_20d_49,42,random,1,12682,"Essence, Modality, and Identity","Correia, Fabrice",2021,https://philpapers.org/rec/COREMA-3,0.927464485168457
robust_20d_49,42,random,2,28311,"Materiality, Parthood, and Possibility","Iaquinto, Samuele",2022,https://philpapers.org/rec/IAQMPA,0.9471830725669861
robust_20d_49,43,centroid,1,10061,"Philosophical Logic: An Introduction to Advanced Topics, by George Englebretsen and Charles Sayward","Carmichael, Chad",2013,https://philpapers.org/rec/CARPLA-5,0.9632541537284851
robust_20d_49,43,centroid,2,59475,"Remarks on Wittgenstein, Gödel, Chaitin, Incompleteness, Impossiblity and the Psychological Basis of Science and Mathematics","Starks, Michael Richard",2019,https://philpapers.org/rec/STAROW-15,0.9612159132957458
robust_20d_49,43,centroid,3,21444,Paths to Triviality,"Øgaard, Tore Fjetland",2016,https://philpapers.org/rec/GAAPTT,0.9604527354240417
robust_20d_49,43,random,1,20708,"Review of N. Wildberger, _Divine Proportions: Rational Trigonometry to Universal_","Franklin, James",2006,https://philpapers.org/rec/FRADPR,0.8832705616950989
robust_20d_49,43,random,2,14956,Model-checking CTL* over flat Presburger counter systems,"Demri, Stéphane",2010,https://philpapers.org/rec/DEMMCO-2,0.7965942025184631
robust_20d_49,44,centroid,1,34808,Enkrasia or evidentialism? Learning to love mismatch,"Lasonen-Aarnio, Maria",2020,https://philpapers.org/rec/LASEOE,0.9728474020957947
robust_20d_49,44,centroid,2,59409,"Reasons Fundamentalism and Rational Uncertainty – Comments on Lord, The Importance of Being Rational","Staffel, Julia",2020,https://philpapers.org/rec/STARFA-3,0.9706322550773621
robust_20d_49,44,centroid,3,63670,The non-factive turn in epistemology: some hypotheses,"Turri, John",2017,https://philpapers.org/rec/TURTNT,0.9691102504730225
robust_20d_49,44,random,1,19608,Giving Up the Enkratic Principle,"Field, Claire Https://Orcidorg",2021,https://philpapers.org/rec/FIEGUT-2,0.9647960662841797
robust_20d_49,44,random,2,69054,"Knowledge from Falsehood, Ignorance of Necessary Truths, and Safety","Zhao, Bin",2022,https://philpapers.org/rec/ZHAKFF,0.9295768737792969
robust_20d_49,45,centroid,1,50966,"Understanding How Experience ""seems""","Raleigh, Thomas",2009,https://philpapers.org/rec/RALUHE,0.9687967896461487
robust_20d_49,45,centroid,2,51636,The Disunity of Perception: An Introduction,"Reiland, Indrek",2015,https://philpapers.org/rec/REITDO-14,0.9684029817581177
robust_20d_49,45,centroid,3,23903,Hill on perceptual relativity and perceptual error,"Green, E. J.",2024,https://philpapers.org/rec/GREHOP-2,0.9657593965530396
robust_20d_49,45,random,1,27174,Predictive coding explains binocular rivalry: an epistemological review,"Hohwy, Jakob",2008,https://philpapers.org/rec/HOHPCE,0.9183270931243896
robust_20d_49,45,random,2,37125,Clarifying ostensible definition by the logical possibility of inverted spectrum,"Lu, C.",1989,https://philpapers.org/rec/LUCOD,0.8705590963363647
robust_20d_49,46,centroid,1,13076,"""Purple Haze: The Puzzle of Consciousness"" by Joseph Levine, ""Phenomenal Consciousness: A Naturalistic Theory"" by Peter Carruthers, and ""The Nature of Consciousness"" by Mark Rowlands","Crane, Tim",2002,https://philpapers.org/rec/CRARQH,0.972080409526825
robust_20d_49,46,centroid,2,69079,Triple definition or explanation of consciousness,"Zhang, Xinyan",manuscript,https://philpapers.org/rec/ZHATDO-12,0.9672752022743225
robust_20d_49,46,centroid,3,27426,A Framework for Studying Consciousness,"Horne, Jeremy",2022,https://philpapers.org/rec/HORAFF,0.9670810699462891
robust_20d_49,46,random,1,29426,Omnipresent Consciousness and Free Will,"Janew, Claus",2011,https://philpapers.org/rec/JANOCA,0.9328235983848572
robust_20d_49,46,random,2,42797,"If consciousness causes collapse, the zombie argument fails","Mohammadian, Mousa",2021,https://philpapers.org/rec/MOHICC,0.9397422671318054
robust_20d_49,47,centroid,1,16618,A Rightness-Based Theory of Communicative Propriety,"Drucker, Daniel",2019,https://philpapers.org/rec/DRUART-2,0.958993673324585
robust_20d_49,47,centroid,2,56697,On stipulation,"Shields, Matthew",2021,https://philpapers.org/rec/SHIOS,0.957892656326294
robust_20d_49,47,centroid,3,43801,"Exhaustiveness, normativity, and communicative responsibilities","Márton, Miklós",2022,https://philpapers.org/rec/MRTENA,0.9549002647399902
robust_20d_49,47,random,1,68188,The Pragmatics of Empty Names,"Wyatt, Nicole",2007,https://philpapers.org/rec/WYATPO,0.8998532295227051
robust_20d_49,47,random,2,67060,Indirect Reports and Pragmatics,"Wieland, Nellie",2013,https://philpapers.org/rec/WIEIRA-3,0.937323808670044
robust_20d_49,48,centroid,1,20326,"Confusion of Tongues: A Theory of Normative Language, by Stephen Finlay","Fogal, Daniel",2016,https://philpapers.org/rec/FOGCOT,0.9644140601158142
robust_20d_49,48,centroid,2,54476,What Is Meaning? By Scott Soames. Soochow University Lectures in Philosophy,"Sandler, Sergeiy",2012,https://philpapers.org/rec/SANWIM-2,0.9628108739852905
robust_20d_49,48,centroid,3,6065,Reference and descriptions,"Bianchi, Andrea",2011,https://philpapers.org/rec/BIARAD,0.9609953761100769
robust_20d_49,48,random,1,50717,Theories of Reference: What Was the Question?,"Raatikainen, Panu",2020,https://philpapers.org/rec/RAATOR-2,0.9298171401023865
robust_20d_49,48,random,2,61295,Strict and non-strict negative concord in Hungarian: A unified analysis,"Szabolcsi, Anna",2018,https://philpapers.org/rec/SZASAN-2,0.8967847228050232
robust_20d_29,0,centroid,1,58189,Philosophy and Biomedical Information Systems,"Smith, Barry",2008,https://philpapers.org/rec/SMIBAP,0.9598983526229858
robust_20d_29,0,centroid,2,58386,Ontological realism: A methodology for coordinated evolution of scientiﬁc ontologies,"Smith, Barry",2010,https://philpapers.org/rec/SMIORA-2,0.95950847864151
robust_20d_29,0,centroid,3,29467,The Ontology of Tendencies and Medical Information Sciences,"Jansen, Ludger",2006,https://philpapers.org/rec/JANTOO,0.9572358131408691
robust_20d_29,0,random,1,33948,Bridging the gap between medical and bioinformatics: An ontological case study in colon carcinoma,"Kumar, Anand",2006,https://philpapers.org/rec/KUMBTG,0.877945065498352
robust_20d_29,0,random,2,49958,Needs and intentionality,"Biccheri, Luca",2020,https://philpapers.org/rec/PORNAI,0.9141358733177185
robust_20d_29,1,centroid,1,13275,Shortcuts to Artificial Intelligence,"Cristianini, Nello",2021,https://philpapers.org/rec/CRISTA-3,0.9495815634727478
robust_20d_29,1,centroid,2,49621,Anthropomorphism in AI: Hype and Fallacy,"Placani, Adriana",2024,https://philpapers.org/rec/PLAAIA-4,0.94902104139328
robust_20d_29,1,centroid,3,16909,Understanding Artificial Agency,"Dung, Leonard",forthcoming,https://philpapers.org/rec/DUNUAA,0.9482494592666626
robust_20d_29,1,random,1,59811,Interdisciplinary Confusion and Resolution in the Context of Moral Machines,"Stenseke, Jakob",2022,https://philpapers.org/rec/STEICA-7,0.9121056199073792
robust_20d_29,1,random,2,64849,Reasons for Meaningful Human Control,"Veluwenkamp, Herman",2022,https://philpapers.org/rec/VELRFM,0.9240430593490601
robust_20d_29,2,centroid,1,4252,Prediction of Heart Disease Using a Collection of Machine and Deep Learning Algorithms,"Barhoom, Ali M. A.",2022,https://philpapers.org/rec/BARPOH-3,0.8934520483016968
robust_20d_29,2,centroid,2,4253,Prediction of Heart Disease Using a Collection of Machine and Deep Learning Algorithms,"Barhoom, Ali M. A.",2022,https://philpapers.org/rec/BARPOH-4,0.8934520483016968
robust_20d_29,2,centroid,3,2979,Predicting Fire Alarms in Smoke Detection using Neural Networks,"Attia, Maher Wissam",2023,https://philpapers.org/rec/ATTPFA,0.8773556351661682
robust_20d_29,2,random,1,56,Social Media: Relation with Depression and its Detection using bagging classifiers,"Abbas, Ali",manuscript,https://philpapers.org/rec/ABBSMR,0.8114157319068909
robust_20d_29,2,random,2,24645,Developing the Quantitative Histopathology Image Ontology : A case study using the hot spot detection problem,"Gurcan, Metin",2017,https://philpapers.org/rec/GURDTQ,0.7825530171394348
robust_20d_29,3,centroid,1,28626,Book Notice of Rosenberg & Arp (eds) Philosophy of Biology: An Anthology,"Ioannidis, Stavros",2011,https://philpapers.org/rec/IOABN,0.9655582308769226
robust_20d_29,3,centroid,2,67163,Biological Individuals,"Wilson, Robert A.",2024,https://philpapers.org/rec/WILBI-2,0.9635323882102966
robust_20d_29,3,centroid,3,23406,"Symbiosis, History of","Gontier, Nathalie",2016,https://philpapers.org/rec/GONSHO-2,0.9631003141403198
robust_20d_29,3,random,1,11742,"Evolution, Society, and Ethics: Social Darwinism versus Evolutionary Ethics","Clavien, Christine",forthcoming,https://philpapers.org/rec/CLAESA-2,0.9210246205329895
robust_20d_29,3,random,2,36117,Methods of ethics and the descent of man: Darwin and Sidgwick on ethics and evolution,"Lillehammer, Hallvard",2010,https://philpapers.org/rec/LILMOE,0.9329979419708252
robust_20d_29,4,centroid,1,7928,The Medical Ethics of Miracle Max,"Brendan, Shea",2015,https://philpapers.org/rec/BRETME-3,0.9476775527000427
robust_20d_29,4,centroid,2,35826,Bioethics met its COVID‐19 Waterloo: The doctor knows best again,"Lewis, Jonathan",2020,https://philpapers.org/rec/LEWBMI,0.9428998231887817
robust_20d_29,4,centroid,3,32011,"Conscientious objections, the nature of medicine, and the need for reformability","Kim, Eric J.",2022,https://philpapers.org/rec/KIMCOT-17,0.9427985548973083
robust_20d_29,4,random,1,52233,Correction to: Determination of Reference Intervals of Biochemistry Parameters in healthy individuals in Gaziantep Province,"Örkmez, Mustafa",2024,https://philpapers.org/rec/RKMCTD,0.7690271139144897
robust_20d_29,4,random,2,10586,Evaluation of Errors Encountered in Photogrammetric Studies on Lower Extremities,"Chatzioglou, Gkionoul Nteli",2023,https://philpapers.org/rec/CHAEOE-6,0.6553637981414795
robust_20d_29,5,centroid,1,57698,_Bioethics in Canada_,"Skelton, Anthony",2013,https://philpapers.org/rec/SKEBIC,0.9681482315063477
robust_20d_29,5,centroid,2,57697,"_Bioethics in Canada_, second edition","Skelton, Anthony",2019,https://philpapers.org/rec/SKEBIC-2,0.9579525589942932
robust_20d_29,5,centroid,3,4888,In defence of genethical parity,"Bayne, Tim",2010,https://philpapers.org/rec/BAYIDO-2,0.9462370872497559
robust_20d_29,5,random,1,36998,A Defense of Abortion,"Lovering, Rob",2003,https://philpapers.org/rec/LOVADO-4,0.9075426459312439
robust_20d_29,5,random,2,56729,A critical review of the ethical and legal issues in human germline gene editing: Considering human rights and a call for an African perspective,"Shozi, B.",2020,https://philpapers.org/rec/SHOACR,0.8407301902770996
robust_20d_29,6,centroid,1,11142,The Cosmic Void,"Chen, Eddy Keming",2021,https://philpapers.org/rec/CHETCV,0.9622622728347778
robust_20d_29,6,centroid,2,13453,"The philosophical implications of the loophole-free violation of Bell’s inequality: Quantum entanglement, timelessness, triple-aspect monism, mathematical Platonism and scientific morality.","Côté, Gilbert B.",manuscript,https://philpapers.org/rec/CTTPI,0.961342990398407
robust_20d_29,6,centroid,3,5785,Privileged-Perspective Realism in the Quantum Multiverse,"Berenstain, Nora",2020,https://philpapers.org/rec/BERPRI-4,0.9570749402046204
robust_20d_29,6,random,1,6365,Mood as illocutionary centering,"Bittner, Maria",,https://philpapers.org/rec/BITMAI,0.7973767518997192
robust_20d_29,6,random,2,3956,Advances in Black Holes Research,"Barton, Abraham",2014,https://philpapers.org/rec/BARAIB-7,0.8887802362442017
robust_20d_29,7,centroid,1,19570,"Review of Bryan Norton, Sustainable Values, Sustainable Change","Fesmire, Steven",2016,https://philpapers.org/rec/FESROB,0.9672431945800781
robust_20d_29,7,centroid,2,40560,"Book Review: Anthony O’Hear, ed., Philosophy and the Environment","Mcshane, Katie",2013,https://philpapers.org/rec/MCSAOE-2,0.9623559713363647
robust_20d_29,7,centroid,3,22058,The Philosophical Foundations of Ecological Civilization: A Manifesto for the Future,"Gare, Arran",2016,https://philpapers.org/rec/GARTPF-3,0.9620146155357361
robust_20d_29,7,random,1,40676,Sustainable Action and Moral Corruption,"Mees, Roland",2015,https://philpapers.org/rec/MEESAA-2,0.9257822036743164
robust_20d_29,7,random,2,16927,"Pollinator Diversity: Essential for Ecosystem Health, Agriculture, and Cultural Heritage","Duong, Minh-Phuong Thi",2024,https://philpapers.org/rec/DUOPDE,0.83184415102005
robust_20d_29,8,centroid,1,30174,"Saving Animals, Saving Ourselves: Why Animals Matter for Pandemics, Climate Change, and Other Catastrophes; By Jeff Sebo","Johannsen, Kyle",forthcoming,https://philpapers.org/rec/JOHSAS-11,0.9620227813720703
robust_20d_29,8,centroid,2,18497,Vegetarianism,"Engel, Mylan",2016,https://philpapers.org/rec/ENGV-3,0.9605610966682434
robust_20d_29,8,centroid,3,26779,Why Do We Believe Humans Matter More than Other Animals?,"Hill, Scott",2020,https://philpapers.org/rec/HILWDW,0.9593924880027771
robust_20d_29,8,random,1,30164,The Political Turn in Animal Ethics; Edited by Robert Garner and Siobahn O'Sullivan,"Johannsen, Kyle",2019,https://philpapers.org/rec/JOHRGA-2,0.9349837899208069
robust_20d_29,8,random,2,12343,"Pain in Pleocyemata, but not in Dendrobranchiata?","Comstock, Gary",2022,https://philpapers.org/rec/COMPIP,0.9104689359664917
robust_20d_29,9,centroid,1,41054,Intellectual Virtues and Scientific Endeavor: A Reflection on the Commitments Inherent in Generating and Possessing Knowledge,"Mendoza-De Los Santos, Oscar Eliezer",2023,https://philpapers.org/rec/MENIVA-2,0.9469927549362183
robust_20d_29,9,centroid,2,36803,For the Common Good: Philosophical Foundations of Research Ethics,"London, Alex John",2021,https://philpapers.org/rec/LONFTC,0.9464876055717468
robust_20d_29,9,centroid,3,39853,The Urgent Need for an Academic Revolution: The Rational Pursuit of Wisdom,"Maxwell, Nicholas",2010,https://philpapers.org/rec/MAXTUN-3,0.944907009601593
robust_20d_29,9,random,1,39732,Are Universities Undergoing an Intellectual Revolution?,"Maxwell, Nicholas",2009,https://philpapers.org/rec/MAXAUU,0.9387255311012268
robust_20d_29,9,random,2,39842,The Menace of Science without Civilization: From Knowledge to Wisdom,"Maxwell, Nicholas",2012,https://philpapers.org/rec/MAXTMO-4,0.9221848845481873
robust_20d_29,10,centroid,1,45305,The opacity of play: a reply to commentators,"Nguyen, C. Thi",2021,https://philpapers.org/rec/NGUTOO-2,0.9622863531112671
robust_20d_29,10,centroid,2,67842,Too Much Playing Games – A Response to Kretchmar,"Wolf-Root, Alex",2020,https://philpapers.org/rec/WOLTMP-2,0.9578851461410522
robust_20d_29,10,centroid,3,26262,What is a Metagame?,"Hemmingsen, Michael",forthcoming,https://philpapers.org/rec/HEMWIA-2,0.951109766960144
robust_20d_29,10,random,1,6616,"Play, sport, and the creativity of sublimation: Understanding the importance of unimportant activities","Black, Jack",2024,https://philpapers.org/rec/BLAPSA-4,0.9343298673629761
robust_20d_29,10,random,2,28147,How Much Are Games Like Art?,"Hurka, Thomas",2021,https://philpapers.org/rec/HURHMA,0.9272051453590393
robust_20d_29,11,centroid,1,39561,Philosophy for life and other dangerous situations,"Matchett, Nancy J.",2015,https://philpapers.org/rec/MATPFL,0.9570990800857544
robust_20d_29,11,centroid,2,10835,Review of The Self,"Chattopadhyay, Subhasis",2020,https://philpapers.org/rec/CHAROT-32,0.9551398754119873
robust_20d_29,11,centroid,3,10394,"Commentary: Not in the drug, not in the brain: Causality in psychedelic experiences from an enactive perspective","Cea, Ignacio",2023,https://philpapers.org/rec/CEACNI,0.9544479846954346
robust_20d_29,11,random,1,34765,Mapping the Patient’s Experience: An Applied Ontological Framework for Phenomenological Psychopathology,"Larsen, Rasmus Rosenberg",2020,https://philpapers.org/rec/LARMTP-3,0.8679076433181763
robust_20d_29,11,random,2,34659,Spontaneous thought-related network connectivity predicts sertraline effects on major depressive disorder,"Lane, Timothy Joseph",2021,https://philpapers.org/rec/LANSTN-3,0.8154892325401306
robust_20d_29,12,centroid,1,9601,"Not Just A Tool: Why Social-Media Use Is Bad and Bad For Us, and The Duty to Quit","Campbell, Douglas R.",2024,https://philpapers.org/rec/CAMNJA,0.9403080940246582
robust_20d_29,12,centroid,2,63858,Can Humans Dream of Electric Sheep?,"Umbrello, Steven",2021,https://philpapers.org/rec/UMBCHD,0.9388630986213684
robust_20d_29,12,centroid,3,8716,What to Do When Privacy Is Gone,"Brusseau, James",2019,https://philpapers.org/rec/BRUWTD-2,0.9374097585678101
robust_20d_29,12,random,1,2797,The Politics of Becoming: Anonymity and Democracy in the Digital Age,"Asenbaum, Hans",2023,https://philpapers.org/rec/ASETPO-2,0.8998763561248779
robust_20d_29,12,random,2,41228,Ethical issues in the employment of user-generated content as experimental stimulus: Defining the interests of creators,"Merriman, Ben",2014,https://philpapers.org/rec/MEREII-2,0.8702386617660522
robust_20d_29,13,centroid,1,60507,Leibniz Reinterpreted,"Strickland, Lloyd",2006,https://philpapers.org/rec/STRLR-3,0.9589706063270569
robust_20d_29,13,centroid,2,3132,Religious Pluralism and its Discontents: Faith and the ‘Logic of Exclusion',"Axtell, Guy",2003,https://philpapers.org/rec/AXTRPA-3,0.9577531814575195
robust_20d_29,13,centroid,3,47332,THE BALD BOY AND THE MOST BEAUTIFUL GIRL IN THE WORLD,"Paksoy, H. B.",2003,https://philpapers.org/rec/PAKTBB,0.9571651816368103
robust_20d_29,13,random,1,16707,The role of joyful passions in Spinoza’s theory of relations,"Duffy, Simon B.",2011,https://philpapers.org/rec/DUFTRO-2,0.9364734292030334
robust_20d_29,13,random,2,12803,Aristotle's anatomical philosophy of nature,"Cosans, Christopher E.",1998,https://philpapers.org/rec/COSAAP,0.863486111164093
robust_20d_29,14,centroid,1,34441,The Wrong of Rudeness,"Lambert, Andrew",2020,https://philpapers.org/rec/LAMTWO,0.9546841979026794
robust_20d_29,14,centroid,2,34470,Are You Entitled to Affirmative Action?,"Landau, Iddo",1997,https://philpapers.org/rec/LANAYE,0.9541791677474976
robust_20d_29,14,centroid,3,19630,The Politics of Being Part of Nature,"Field, Sandra Leonie",2020,https://philpapers.org/rec/FIETPO-12,0.9511639475822449
robust_20d_29,14,random,1,9204,Can Arms Be Sold Responsibly in the Global Market?,"Byrne, Edmund F.",2007,https://philpapers.org/rec/BYRCAB,0.792494535446167
robust_20d_29,14,random,2,63916,The technology of participation as a means of improving universities in transitional economies,"Umpleby, Stuart",2004,https://philpapers.org/rec/UMPTTO,0.8153291940689087
robust_20d_29,15,centroid,1,4437,Taking Stock of Infinite Value: Pascal’s Wager and Relative Utilities,"Bartha, Paul",2007,https://philpapers.org/rec/BARTSO-61,0.9628629088401794
robust_20d_29,15,centroid,2,18185,Normative Decision Theory,"Elliott, Edward",2019,https://philpapers.org/rec/ELLNDT,0.9610720872879028
robust_20d_29,15,centroid,3,8776,Decision Theory,"Buchak, Lara",2016,https://philpapers.org/rec/BUCDT,0.9605000019073486
robust_20d_29,15,random,1,49620,A Happy Possibility About Happiness (And Other Subjective) Scales: An Investigation and Tentative Defence of the Cardinality Thesis,"Plant, Michael",manuscript,https://philpapers.org/rec/PLAAHP,0.909826397895813
robust_20d_29,15,random,2,15616,Decision under normative uncertainty,"Dietrich, Franz",2022,https://philpapers.org/rec/DIEEVU,0.9299240708351135
robust_20d_29,16,centroid,1,44788,A Counterexample to Parfit's Rule Consequentialism,"Nebel, Jacob",2012,https://philpapers.org/rec/NEBACT,0.9750608205795288
robust_20d_29,16,centroid,2,10669,Knowing What Matters,"Chappell, Richard Yetter",2017,https://philpapers.org/rec/CHAKWM,0.971589207649231
robust_20d_29,16,centroid,3,46053,Non-Consequentialism Demystified,"Ku, John",2015,https://philpapers.org/rec/NYEND,0.9715370535850525
robust_20d_29,16,random,1,9701,Beyond the Soul and Virtue: Benefit in Stoic Ethics,"Cao, Yunlong",2021,https://philpapers.org/rec/CAOBTS,0.9160988330841064
robust_20d_29,16,random,2,60722,Metaphysical semantics versus ground on questions of realism,"Sud, Rohan",2022,https://philpapers.org/rec/SUDMSV,0.924000084400177
robust_20d_29,17,centroid,1,59515,Seeing With the Two Systems of Thought—a Review of ‘Seeing Things As They Are: a Theory of Perception’ by John Searle (2015)(review revised 2019),"Starks, Michael",2019,https://philpapers.org/rec/STASWT-2,0.9649718403816223
robust_20d_29,17,centroid,2,10752,Philosophy of Mind: Classical and Contemporary Readings (second edition),"Chalmers, David J.",2022,https://philpapers.org/rec/CHAPOM-11,0.9619001150131226
robust_20d_29,17,centroid,3,51640,The Given: Experience and Its Contents,"Reiland, Indrek",2018,https://philpapers.org/rec/REITGE-4,0.9615241289138794
robust_20d_29,17,random,1,55950,Sensory Fields: the Visual and the Bodily,"Serrahima, Carlota",2023,https://philpapers.org/rec/SERSFT,0.8656054735183716
robust_20d_29,17,random,2,28740,"Understanding Unconscious Intelligence and Intuition: ""Blink"" and Beyond","Isenman, Lois",2013,https://philpapers.org/rec/ISEUUI,0.8803468942642212
robust_20d_29,18,centroid,1,62061,Emotions: Philosophical Issues About,"Deonna, Julien",2015,https://philpapers.org/rec/TEREPI,0.9756631851196289
robust_20d_29,18,centroid,2,50026,Arguments from the Priority of Feeling in Contemporary Emotion Theory and Max Scheler’s Phenomenology,"Potter, Joel M.",2012,https://philpapers.org/rec/POTAFT,0.9699880480766296
robust_20d_29,18,centroid,3,14977,"Review of Christine Tappolet, Emotions, Values and Agency (Oxford University Press, 2016)","De Mesel, Benjamin",2017,https://philpapers.org/rec/DEMROC,0.969507098197937
robust_20d_29,18,random,1,29813,Looking into meta-emotions,"Jäger, Christoph",2015,https://philpapers.org/rec/JGELIM,0.9424748420715332
robust_20d_29,18,random,2,41642,Sympathetic action in the seventeenth century: human and natural,"Meyns, Chris",2018,https://philpapers.org/rec/MEYSAI-2,0.8945252299308777
robust_20d_29,19,centroid,1,41582,The Meaning of Life (Second Revised Edition),"Metz, Thaddeus",2021,https://philpapers.org/rec/METTMO-19,0.9687492251396179
robust_20d_29,19,centroid,2,58606,The Good Cause Account of the Meaning of Life,"Smuts, Aaron",2013,https://philpapers.org/rec/SMUTGC,0.9684157371520996
robust_20d_29,19,centroid,3,41425,Book Review of Meaning in Life: An Analytic Study,"Meseroll, Sean",2017,https://philpapers.org/rec/MESMIL,0.9634871482849121
robust_20d_29,19,random,1,29216,Money And Happiness,"Jain, Vijay K.",2014,https://philpapers.org/rec/JAIMAH,0.9138134717941284
robust_20d_29,19,random,2,50869,Well-Being and the Priority of Values,"Raibley, Jason",2010,https://philpapers.org/rec/RAIWAT,0.9349217414855957
robust_20d_29,20,centroid,1,31475,Making Something Happen. Where Causation and Agency Meet.,"Keil, Geert",2007,https://philpapers.org/rec/KEIMSH,0.9688923358917236
robust_20d_29,20,centroid,2,66840,Review of Making Things Happen,"Weslake, Brad",2006,https://philpapers.org/rec/WESU,0.9686574339866638
robust_20d_29,20,centroid,3,23077,Purposeful Explanation and Causal Gaps,"Goetz, Stewart",2013,https://philpapers.org/rec/GOEPEA,0.9683149456977844
robust_20d_29,20,random,1,5118,Causation and necessary connection,"Beebee, Helen",2012,https://philpapers.org/rec/BEECAN-2,0.94805908203125
robust_20d_29,20,random,2,49652,Is Hume a Causal Realist? A (Partial) Resolution of the 'Two Definitions of Cause Dispute' in Hume's Account of Causation,"Plecnik, Stephen John",manuscript,https://philpapers.org/rec/PLEIHA,0.9568456411361694
robust_20d_29,21,centroid,1,37525,Scientific Realism,"Lyons, Timothy D.",2014,https://philpapers.org/rec/LYOSR,0.9745107293128967
robust_20d_29,21,centroid,2,42986,"An empiricist regarding science, an empiricist regarding representation","Monton, Bradley",2010,https://philpapers.org/rec/MONAER,0.9727969765663147
robust_20d_29,21,centroid,3,53207,A methodological argument against scientific realism,"Rowbottom, Darrell P.",2019,https://philpapers.org/rec/ROWAMA-2,0.9726310968399048
robust_20d_29,21,random,1,16675,The Discovery of the Expanding Universe: Philosophical and Historical Dimensions,"Duerr, Patrick M.",manuscript,https://philpapers.org/rec/DUETDO-2,0.9255295395851135
robust_20d_29,21,random,2,53207,A methodological argument against scientific realism,"Rowbottom, Darrell P.",2019,https://philpapers.org/rec/ROWAMA-2,0.9726310968399048
robust_20d_29,22,centroid,1,23533,Incarnation,"Gorman, Michael",2011,https://philpapers.org/rec/GORI-4,0.9713159203529358
robust_20d_29,22,centroid,2,41835,"Desmond M. Clarke and Catherine Wilson, eds., The Oxford Handbook of Philosophy in Early Modern Europe. Reviewed by","Mihali, Andreea",2012,https://philpapers.org/rec/MIHDMC-2,0.9696410894393921
robust_20d_29,22,centroid,3,45077,“Religion” and Its Other,"Newheiser, David",2018,https://philpapers.org/rec/NEWRAI,0.9678886532783508
robust_20d_29,22,random,1,40478,God Without God: A Divine Limit to “The Phenomenon”,"McNeilly-Renaudie, Jodie",2017,https://philpapers.org/rec/MCNGWG,0.9029947519302368
robust_20d_29,22,random,2,37299,"Brian McGuinness, ed. Wittgenstein in Cambridge: Letters and Documents 1911-1951","Lugg, Andrew",2009,https://philpapers.org/rec/LUGBME,0.9486450552940369
robust_20d_29,23,centroid,1,12492,Peter Lamarque,"Contesi, Filippo",2012,https://philpapers.org/rec/CONPL-2,0.9716352820396423
robust_20d_29,23,centroid,2,15014,"Attuned, Transcendent & Transfigured: Nietzsche's Aesthetic Psychology","Denham, A. E.",2014,https://philpapers.org/rec/DENAT,0.9713292121887207
robust_20d_29,23,centroid,3,45259,"Review of Jennifer Lena's ""Entitled: Discriminating Tastes and the Expansion of the Arts""","Nguyen, C. Thi",2020,https://philpapers.org/rec/NGUROJ,0.9708728790283203
robust_20d_29,23,random,1,15656,Resonances of Japanese Cinema,"Diez, Jaime Lopez",2024,https://philpapers.org/rec/DIEROJ,0.8378829956054688
robust_20d_29,23,random,2,16237,Thick and Perceptual Moral Beauty,"Doran, Ryan P.",2022,https://philpapers.org/rec/DORTAP-5,0.9213825464248657
robust_20d_29,24,centroid,1,22379,"Music, Cage's Silence, and Art: An interview with Stephen Davies, PhD","Georgi, Marcella",2022,https://philpapers.org/rec/GEOMCS,0.9681350588798523
robust_20d_29,24,centroid,2,49834,The Varieties of Musical Experience,"Polite, Brandon",2014,https://philpapers.org/rec/POLTVO-8,0.966810405254364
robust_20d_29,24,centroid,3,20598,"Review of Simon Høffding, _A Phenomenology of Musical Absorption_, Cham: Palgrave Macmillan 2019","Foultier, Anna Petronella",2020,https://philpapers.org/rec/FOUROS-2,0.9648359417915344
robust_20d_29,24,random,1,31402,Configurations of Pluralisms. Navigating Polyphony and Diversity in Philosophy and Beyond.,"Keestra, Machiel",2022,https://philpapers.org/rec/KEECOP,0.9305874109268188
robust_20d_29,24,random,2,33773,Musical Worlds and the Extended Mind,"Krueger, Joel",2018,https://philpapers.org/rec/KRUMWA,0.9279003739356995
robust_20d_29,25,centroid,1,38335,New Directions in the Epistemology of Modality: Introduction,"Mallozzi, Antonella",2021,https://philpapers.org/rec/MALNDI,0.9738327264785767
robust_20d_29,25,centroid,2,39425,What does nihilism tell us about modal logic?,"Masterman, Christopher James",2024,https://philpapers.org/rec/MASWDN,0.9715744256973267
robust_20d_29,25,centroid,3,40285,"Review: Brian Leftow, God and Necessity","McIntosh, C. A.",2014,https://philpapers.org/rec/MCIBL,0.9713042974472046
robust_20d_29,25,random,1,57754,Essence in abundance,"Skiles, Alexander",2015,https://philpapers.org/rec/SKIEIA,0.9019622206687927
robust_20d_29,25,random,2,6872,A Problem for the Ideal Worlds Account of Desire,"Blumberg, Kyle",2022,https://philpapers.org/rec/BLUAPF-2,0.9388723373413086
robust_20d_29,26,centroid,1,10061,"Philosophical Logic: An Introduction to Advanced Topics, by George Englebretsen and Charles Sayward","Carmichael, Chad",2013,https://philpapers.org/rec/CARPLA-5,0.9632541537284851
robust_20d_29,26,centroid,2,59475,"Remarks on Wittgenstein, Gödel, Chaitin, Incompleteness, Impossiblity and the Psychological Basis of Science and Mathematics","Starks, Michael Richard",2019,https://philpapers.org/rec/STAROW-15,0.9612159132957458
robust_20d_29,26,centroid,3,21444,Paths to Triviality,"Øgaard, Tore Fjetland",2016,https://philpapers.org/rec/GAAPTT,0.9604527354240417
robust_20d_29,26,random,1,2776,Tarski and Primitivism About Truth,"Asay, Jamin",2013,https://philpapers.org/rec/ASATAP,0.9192615151405334
robust_20d_29,26,random,2,52836,Aristotle's Greatest Difficulty: Universality of Thought in Metaphysics M10 and Θ9,"Roreitner, Robert",2023,https://philpapers.org/rec/RORAGD,0.898938000202179
robust_20d_29,27,centroid,1,34808,Enkrasia or evidentialism? Learning to love mismatch,"Lasonen-Aarnio, Maria",2020,https://philpapers.org/rec/LASEOE,0.9728474020957947
robust_20d_29,27,centroid,2,59409,"Reasons Fundamentalism and Rational Uncertainty – Comments on Lord, The Importance of Being Rational","Staffel, Julia",2020,https://philpapers.org/rec/STARFA-3,0.9706322550773621
robust_20d_29,27,centroid,3,63670,The non-factive turn in epistemology: some hypotheses,"Turri, John",2017,https://philpapers.org/rec/TURTNT,0.9691102504730225
robust_20d_29,27,random,1,4677,Close to the Truth,"Baumann, Peter",2020,https://philpapers.org/rec/BAUCTT,0.9449619054794312
robust_20d_29,27,random,2,31592,Zetetic indispensability and epistemic justification,"Kelley, Mikayla",2024,https://philpapers.org/rec/KELZIA,0.9497970342636108
robust_20d_29,28,centroid,1,20326,"Confusion of Tongues: A Theory of Normative Language, by Stephen Finlay","Fogal, Daniel",2016,https://philpapers.org/rec/FOGCOT,0.9637620449066162
robust_20d_29,28,centroid,2,37210,"Review Essay: Scott Soames, Philosophy of Language: Princeton University Press, 2010, Pp. ix, 189","Ludwig, Kirk",2013,https://philpapers.org/rec/LUDRES,0.96009761095047
robust_20d_29,28,centroid,3,54476,What Is Meaning? By Scott Soames. Soochow University Lectures in Philosophy,"Sandler, Sergeiy",2012,https://philpapers.org/rec/SANWIM-2,0.9598723649978638
robust_20d_29,28,random,1,1712,Slip-Proof Actions,"Amaya, Santiago",2015,https://philpapers.org/rec/AMASA-2,0.8991932272911072
robust_20d_29,28,random,2,19253,The Origin of Language,"Fearnley-Sander, Desmond",2002,https://philpapers.org/rec/FEATOO,0.8683784008026123
direct_2d_70,0,centroid,1,21258,Gramsci’s ‘Non-contemporaneity’,"Frosini, Fabio",2014,https://philpapers.org/rec/FROGN,0.9749990701675415
direct_2d_70,0,centroid,2,69250,"Our Toil Respite Only: Woolf, Diamond and the Difficulty of Reality","Zumhagen-Yekplé, Karen",2015,https://philpapers.org/rec/ZUMOTR,0.9740890860557556
direct_2d_70,0,centroid,3,67833,Theolatry and the Making-Present of the Nonrepresentable,"Wolfson, Elliot R.",2017,https://philpapers.org/rec/WOLTAT-10,0.974009096622467
direct_2d_70,0,random,1,13141,What is the Problem of Non-Existence?,"Crane, Tim",2012,https://philpapers.org/rec/CRAWIT-5,0.9693406224250793
direct_2d_70,0,random,2,60466,Do we Need a Plant Theodicy?,"Strickland, Lloyd",2021,https://philpapers.org/rec/STRDWN-2,0.9552857279777527
direct_2d_70,1,centroid,1,57988,An Overview of Neutrosophic and Plithogenic Theories and Applications,"Smarandache, Florentin",2023,https://philpapers.org/rec/SMAAOO-3,0.974272608757019
direct_2d_70,1,centroid,2,58070,Neutrosophic Triplet Structures. Volume I,"Smarandache, Florentin",2019,https://philpapers.org/rec/SMANTS,0.9688321948051453
direct_2d_70,1,centroid,3,52206,Neutrosophic logics: prospects and problems,"Rivieccio, Umberto",2008,https://philpapers.org/rec/RIVNLP,0.9685664176940918
direct_2d_70,1,random,1,3481,Fuzzy Networks for Modeling Shared Semantic Knowledge,"Badie, Farshad",2023,https://philpapers.org/rec/BADFNF,0.8679696321487427
direct_2d_70,1,random,2,58032,Medical Diagnosis via Refined Neutrosophic Fuzzy Logic: Detection of Illness using Neutrosophic Sets,"Smarandache, Florentin",2023,https://philpapers.org/rec/SMAMDV,0.9014682769775391
direct_2d_70,2,centroid,1,29920,Speed Control of Ward Leonard Layout System using H infinity Optimal Control,"Jibril, Mustefa",2020,https://philpapers.org/rec/JIBSCO-3,0.8798197507858276
direct_2d_70,2,centroid,2,728,Teaching the Right Letter Pronunciation in Reciting the Holy Quran Using Intelligent Tutoring System,"Akkila, Alaa N.",2017,https://philpapers.org/rec/AKKTTR,0.8750126957893372
direct_2d_70,2,centroid,3,1138,Learning Computer Networks Using Intelligent Tutoring System,"Al-Hanjori, Mones M.",2017,https://philpapers.org/rec/ALHLCN,0.8733506202697754
direct_2d_70,2,random,1,29868,Design and Kinematics Analysis of Suspension System for ABAY Vehicle,"Jibril, Mustefa",2021,https://philpapers.org/rec/JIBDAK,0.8107181191444397
direct_2d_70,2,random,2,29927,Temperature Control of Stirred Tank Heater using Optimal Control Technique,"Jibril, Mustefa",2020,https://philpapers.org/rec/JIBTCO,0.8367176055908203
direct_2d_70,3,centroid,1,45305,The opacity of play: a reply to commentators,"Nguyen, C. Thi",2021,https://philpapers.org/rec/NGUTOO-2,0.9581055045127869
direct_2d_70,3,centroid,2,67842,Too Much Playing Games – A Response to Kretchmar,"Wolf-Root, Alex",2020,https://philpapers.org/rec/WOLTMP-2,0.9530935883522034
direct_2d_70,3,centroid,3,45250,Philosophy of games,"Nguyen, C. Thi",2017,https://philpapers.org/rec/NGUPCP,0.9511587023735046
direct_2d_70,3,random,1,27648,"On competing against oneself, or 'I need to get a different voice in my head'","Howe, Leslie A.",2008,https://philpapers.org/rec/HOWOCA,0.9034551978111267
direct_2d_70,3,random,2,68246,"Give What You Can, Take What You Need – The Effect of Framing on Rule-Breaking Behavior in Social Dilemmas","Wyszynski, Marc",manuscript,https://philpapers.org/rec/WYSGWY,0.8375056982040405
direct_2d_70,4,centroid,1,58386,Ontological realism: A methodology for coordinated evolution of scientiﬁc ontologies,"Smith, Barry",2010,https://philpapers.org/rec/SMIORA-2,0.9595787525177002
direct_2d_70,4,centroid,2,58189,Philosophy and Biomedical Information Systems,"Smith, Barry",2008,https://philpapers.org/rec/SMIBAP,0.9579156041145325
direct_2d_70,4,centroid,3,29467,The Ontology of Tendencies and Medical Information Sciences,"Jansen, Ludger",2006,https://philpapers.org/rec/JANTOO,0.9570505023002625
direct_2d_70,4,random,1,29060,OBO Foundry in 2021: Operationalizing Open Data Principles to Evaluate Ontologies,"Jackson, Rebecca C.",2021,https://philpapers.org/rec/JACOFI,0.9158935546875
direct_2d_70,4,random,2,51018,From signaling systems to intentionality: approaching adaptive agentivity in plants in Eco-Devo,"Rama, Tiago",manuscript,https://philpapers.org/rec/RAMFSS-2,0.787411630153656
direct_2d_70,5,centroid,1,50761,Why We Need a New Normativism about Collective Action,"Rachar, Matthew",2022,https://philpapers.org/rec/RACWWN,0.967373251914978
direct_2d_70,5,centroid,2,52807,Goods and Groups: Thomistic Social Action and Metaphysics,"Rooney, James Dominic",2016,https://philpapers.org/rec/ROOGAG-2,0.9622693657875061
direct_2d_70,5,centroid,3,1589,Introduction,"Altner, Franz",2024,https://philpapers.org/rec/ALTIVO,0.960991621017456
direct_2d_70,5,random,1,38841,Group Assertions and Group Lies,"Marsili, Neri",2023,https://philpapers.org/rec/MARGAA-7,0.9299232363700867
direct_2d_70,5,random,2,27455,Group Lies and the Narrative Constraint,"Hormio, Säde",forthcoming,https://philpapers.org/rec/HORGLA,0.8842778205871582
direct_2d_70,6,centroid,1,63898,Technology Ethics: Responsible Innovation and Design Strategies,"Umbrello, Steven",2024,https://philpapers.org/rec/UMBTER,0.9512220621109009
direct_2d_70,6,centroid,2,42081,Is Technology Value-Neutral?,"Miller, Boaz",2021,https://philpapers.org/rec/MILITV-3,0.9466598629951477
direct_2d_70,6,centroid,3,66109,Technology Philosophical Assessment,"Waloszczyk, Konrad",2012,https://philpapers.org/rec/WALTPA-32,0.9460706114768982
direct_2d_70,6,random,1,38596,Technology: a tool in the hands of a few,"Mano, V.",manuscript,https://philpapers.org/rec/MANTAT-17,0.9020072817802429
direct_2d_70,6,random,2,32930,Getting Real with Rouse and Heidegger,"Kochan, Jeff",2011,https://philpapers.org/rec/KOCGRW,0.9059656858444214
direct_2d_70,7,centroid,1,4253,Prediction of Heart Disease Using a Collection of Machine and Deep Learning Algorithms,"Barhoom, Ali M. A.",2022,https://philpapers.org/rec/BARPOH-4,0.9075196385383606
direct_2d_70,7,centroid,2,4252,Prediction of Heart Disease Using a Collection of Machine and Deep Learning Algorithms,"Barhoom, Ali M. A.",2022,https://philpapers.org/rec/BARPOH-3,0.9075196385383606
direct_2d_70,7,centroid,3,218,Leveraging Artificial Neural Networks for Cancer Prediction: A Synthetic Dataset Approach,"Abu Nasser, Mohammed S.",2023,https://philpapers.org/rec/ABULAN,0.8897994160652161
direct_2d_70,7,random,1,40650,Impact of (SARS-CoV-2) COVID 19 on the five main indigenous language-speaking areas in Veracruz Mexico: The case of the Otomi of the Ixhuatlan de Madero area,"Medel-Ramírez, Carlos",manuscript,https://philpapers.org/rec/MEDIOS,0.812943160533905
direct_2d_70,7,random,2,52132,"Deepfakes, Deep Harms","Rini, Regina",2022,https://philpapers.org/rec/RINDDH,0.8041337132453918
direct_2d_70,8,centroid,1,9601,"Not Just A Tool: Why Social-Media Use Is Bad and Bad For Us, and The Duty to Quit","Campbell, Douglas R.",2024,https://philpapers.org/rec/CAMNJA,0.9482901096343994
direct_2d_70,8,centroid,2,7790,Social Indicators of Trust in the Age of Informational Chaos,"Branch, T. Y.",2022,https://philpapers.org/rec/BRASIO-3,0.9343562722206116
direct_2d_70,8,centroid,3,51415,Wrong on the Internet: Why some common prescriptions for addressing the spread of misinformation online don’t work,"Record, Isaac",2022,https://philpapers.org/rec/RECWOT,0.9337288737297058
direct_2d_70,8,random,1,47254,"Measuring trends in online hate speech victimisation and exposure, and attitudes in New Zealand","Pacheco, Edgar",2019,https://philpapers.org/rec/PACMTI-2,0.8880342245101929
direct_2d_70,8,random,2,66606,Deleuze and Deep Ecology,"Welchman, Alistair",2008,https://philpapers.org/rec/WELDAD-6,0.8087430000305176
direct_2d_70,9,centroid,1,28626,Book Notice of Rosenberg & Arp (eds) Philosophy of Biology: An Anthology,"Ioannidis, Stavros",2011,https://philpapers.org/rec/IOABN,0.9651682376861572
direct_2d_70,9,centroid,2,67163,Biological Individuals,"Wilson, Robert A.",2024,https://philpapers.org/rec/WILBI-2,0.9632638692855835
direct_2d_70,9,centroid,3,23406,"Symbiosis, History of","Gontier, Nathalie",2016,https://philpapers.org/rec/GONSHO-2,0.9631473422050476
direct_2d_70,9,random,1,18338,"The meaning of ""cause"" in genetics","E. Lynch, Kate",2021,https://philpapers.org/rec/ELYTMO,0.8424173593521118
direct_2d_70,9,random,2,36600,Why the Gene will not return,"Lloyd, Elisabeth A.",2005,https://philpapers.org/rec/LLOWTG,0.8958491086959839
direct_2d_70,10,centroid,1,31855,"Animals, Misanthropy, and Humanity","Kidd, Ian James",2020,https://philpapers.org/rec/KIDAMA,0.9637381434440613
direct_2d_70,10,centroid,2,26779,Why Do We Believe Humans Matter More than Other Animals?,"Hill, Scott",2020,https://philpapers.org/rec/HILWDW,0.9610891938209534
direct_2d_70,10,centroid,3,30174,"Saving Animals, Saving Ourselves: Why Animals Matter for Pandemics, Climate Change, and Other Catastrophes; By Jeff Sebo","Johannsen, Kyle",forthcoming,https://philpapers.org/rec/JOHSAS-11,0.9604207873344421
direct_2d_70,10,random,1,6250,Should Animal Welfare Be Defined in Terms of Consciousness?,"Birch, Jonathan",2022,https://philpapers.org/rec/BIRSAW-2,0.9110318422317505
direct_2d_70,10,random,2,40534,Why I Am a Vegan (and You Should Be One Too),"McPherson, Tristram",2016,https://philpapers.org/rec/MCPWIA-3,0.9544785022735596
direct_2d_70,11,centroid,1,41448,An African Theory of Moral Status: A Relational Alternative to Individualism and Holism (repr.),"Metz, Thaddeus",2019,https://philpapers.org/rec/METAAT-8,0.9014015793800354
direct_2d_70,11,centroid,2,46600,"Analysis of socio-economic, factors influencing adoption of biogas technology among farm households in North Rift Region, Kenya","Ongiyo, Charles Obunde",2019,https://philpapers.org/rec/ONGAOS,0.9002770185470581
direct_2d_70,11,centroid,3,48041,How to get your research published,"Paull, John",2014,https://philpapers.org/rec/PAUHTG,0.8981698155403137
direct_2d_70,11,random,1,13725,Forgery: Prediction's Vile Twin,"Dagg, Joachim L.",2003,https://philpapers.org/rec/DAGFPV,0.7542273998260498
direct_2d_70,11,random,2,76,"Geology and petrography of gabbroic rocks from Khanozai Ophiolite, Northwestern Pakistan","Abdullah, Popal",2019,https://philpapers.org/rec/ABDGAP,0.7324094772338867
direct_2d_70,12,centroid,1,67377,New surprises for the Ramsey Test,"Willer, Malte",2010,https://philpapers.org/rec/WILNSF,0.9698594212532043
direct_2d_70,12,centroid,2,55362,Reasonable Inferences for Counterfactuals,"Schultheis, Ginger",manuscript,https://philpapers.org/rec/SCHRIF-3,0.9693323373794556
direct_2d_70,12,centroid,3,57112,The Inextricable Link Between Conditionals and Logical Consequence,"Silva, Matheus",manuscript,https://philpapers.org/rec/SILTIL-3,0.9673321843147278
direct_2d_70,12,random,1,6455,Towards a Radically Pragmatic Theory of If-Conditionals,"Björnsson, Gunnar",2011,https://philpapers.org/rec/BJRTAR,0.9294602274894714
direct_2d_70,12,random,2,16137,Against Counterfactual Miracles,"Dorr, Cian",2016,https://philpapers.org/rec/DORACM,0.9173576235771179
direct_2d_70,13,centroid,1,66157,"Climate Injustice: A Critical Review of 'What Do Climate Change Winners Owe, and to Whom?'","Wang, Ziyuan",unknown,https://philpapers.org/rec/WANCIA-8,0.9644308090209961
direct_2d_70,13,centroid,2,32807,Climate change and the duties of the disadvantaged: reply to Caney,"Knight, Carl",2011,https://philpapers.org/rec/KNICCA,0.9639355540275574
direct_2d_70,13,centroid,3,59697,"Collapse, Social Tipping Dynamics, and Framing Climate Change","Steel, Daniel",2024,https://philpapers.org/rec/STECST-9,0.9632702469825745
direct_2d_70,13,random,1,8507,The Morality of Carbon Offsets for Luxury Emissions,"Broadhead, Stearns",2021,https://philpapers.org/rec/BROTMO-50,0.9306403994560242
direct_2d_70,13,random,2,61081,Ethical and Technical Challenges in Compensating for Harm Due to Solar Radiation Management Geoengineering,"Svoboda, Toby",2014,https://philpapers.org/rec/SVOEAT,0.8906152844429016
direct_2d_70,14,centroid,1,22058,The Philosophical Foundations of Ecological Civilization: A Manifesto for the Future,"Gare, Arran",2016,https://philpapers.org/rec/GARTPF-3,0.970820426940918
direct_2d_70,14,centroid,2,31897,Is Naturalism Bleak? A Reply to Holland and Cottingham,"Kidd, Ian James",2013,https://philpapers.org/rec/KIDINB,0.9637591242790222
direct_2d_70,14,centroid,3,50923,"King-Tak Ip, ed. _Environmental Ethics: Intercultural Perspectives_.","Ralston, Shane",2010,https://philpapers.org/rec/RALKIE,0.9632710218429565
direct_2d_70,14,random,1,45137,A life-long humanistic journey to conservation practices,"Nguyen, Minh-Hoang",2024,https://philpapers.org/rec/NGUALH,0.945515513420105
direct_2d_70,14,random,2,410,Ancient Philosophers of Nature on Tides and Currents,"Afonasin, Eugene",2017,https://philpapers.org/rec/AFOAPO,0.8238887786865234
direct_2d_70,15,centroid,1,35826,Bioethics met its COVID‐19 Waterloo: The doctor knows best again,"Lewis, Jonathan",2020,https://philpapers.org/rec/LEWBMI,0.9529315233230591
direct_2d_70,15,centroid,2,43544,Toward an Ecological Bioethics,"Morar, Nicolae",2016,https://philpapers.org/rec/MORTAE-14,0.9521288275718689
direct_2d_70,15,centroid,3,32011,"Conscientious objections, the nature of medicine, and the need for reformability","Kim, Eric J.",2022,https://philpapers.org/rec/KIMCOT-17,0.9485593438148499
direct_2d_70,15,random,1,17952,Closure But No Cigar,"Eisenberg, Leah",2015,https://philpapers.org/rec/EISCBN,0.8720992207527161
direct_2d_70,15,random,2,35882,What should recognition entail? Responding to the reification of autonomy and vulnerability in medical research,"Lewis, Jonathan",2023,https://philpapers.org/rec/LEWWSR-2,0.8865586519241333
direct_2d_70,16,centroid,1,47761,"Rationing, Responsibility, and Vaccination during COVID-19: A Conceptual Map","Park, Jin K.",2023,https://philpapers.org/rec/PARRRA-9,0.9479791522026062
direct_2d_70,16,centroid,2,31574,Two Kinds of Vaccine Hesitancy,"Kelsall, Joshua",2024,https://philpapers.org/rec/KELTKO-3,0.9475811719894409
direct_2d_70,16,centroid,3,7762,Pandemic Ethics: 8 Big Questions of COVID-19,"Bramble, Ben",2020,https://philpapers.org/rec/BRAPE-7,0.9444606900215149
direct_2d_70,16,random,1,6125,Ethical Considerations and Science Diplomacy on Coronavirus Disease (Covid-19) Pandemic in Nigeria.,"Big-Alabo, Sotonye",2020,https://philpapers.org/rec/BIGECA,0.8888913989067078
direct_2d_70,16,random,2,22272,Jürgen Conings: the case of a Belgian soldier on the run shows how the pandemic collides with far-right extremism,"Geerts, Evelien",2021,https://philpapers.org/rec/GEEJCT,0.8676860332489014
direct_2d_70,17,centroid,1,57698,_Bioethics in Canada_,"Skelton, Anthony",2013,https://philpapers.org/rec/SKEBIC,0.9633084535598755
direct_2d_70,17,centroid,2,57697,"_Bioethics in Canada_, second edition","Skelton, Anthony",2019,https://philpapers.org/rec/SKEBIC-2,0.9568395018577576
direct_2d_70,17,centroid,3,36109,"Benefit, disability and the non-identity problem","Lillehammer, Hallvard",2005,https://philpapers.org/rec/LILBDA-2,0.9485486149787903
direct_2d_70,17,random,1,39525,Is There a Right to the Death of the Foetus?,"Mathison, Eric",2017,https://philpapers.org/rec/MATITA-5,0.9337522983551025
direct_2d_70,17,random,2,64568,"A Feminist, Kantian Conception of the Right to Bodily Integrity: the Cases of Abortion and Homosexuality","Varden, Helga",2012,https://philpapers.org/rec/VARAFK,0.8980213403701782
direct_2d_70,18,centroid,1,42556,More in Defense of Weak Scientism,"Mizrahi, Moti",2018,https://philpapers.org/rec/MIZMID,0.9512556195259094
direct_2d_70,18,centroid,2,53345,Questionable metascience practices,"Rubin, Mark",2023,https://philpapers.org/rec/RUBQMP,0.9489583373069763
direct_2d_70,18,centroid,3,52113,The Very Being of a Conceptual Scheme: Disciplinary and Conceptual Critiques,"Riggio, Adam",2018,https://philpapers.org/rec/RIGTVB,0.9471303820610046
direct_2d_70,18,random,1,59180,"State Capture, Party Patronage and Unfair Electoral Processes: The Typical Case of Election Conduct in Albania","Sqapi, Gerti",2022,https://philpapers.org/rec/SQASCP,0.8604547381401062
direct_2d_70,18,random,2,47381,Heidegger Today: On Jeff Kochan's Science as Social Existence,"Palladino, Paolo",2018,https://philpapers.org/rec/PALHTO-2,0.9131883382797241
direct_2d_70,19,centroid,1,64621,Kant and Sexuality,"Varden, Helga",2017,https://philpapers.org/rec/VARKAS-2,0.9539523720741272
direct_2d_70,19,centroid,2,13882,A Defence of Sexual Inclusion,"Danaher, John",2020,https://philpapers.org/rec/DANADO-4,0.951724648475647
direct_2d_70,19,centroid,3,66289,The Ethical Significance of Being an Erotic Object,"Ward, Caleb",2022,https://philpapers.org/rec/WARTES-3,0.9508935809135437
direct_2d_70,19,random,1,35002,Women-only spaces and the right to exclude,"Lawford-Smith, Holly",manuscript,https://philpapers.org/rec/LAWWSA-4,0.8711625337600708
direct_2d_70,19,random,2,2040,The Sexual Orientation/Identity Distinction,"Andler, Matthew",2021,https://philpapers.org/rec/ANDTSO-25,0.9171081185340881
direct_2d_70,20,centroid,1,3159,Philosophy and the Non-Native Speaker Condition,"Ayala-López, Saray",2015,https://philpapers.org/rec/AYAPAT,0.9717649221420288
direct_2d_70,20,centroid,2,56262,Feminism and Heterodoxy,"Sharp, Hasana",2019,https://philpapers.org/rec/SHAFAH-2,0.963396430015564
direct_2d_70,20,centroid,3,62874,"Masculine Foes, Feminist Woes: A Response to Down Girl","Toole, Briana",2019,https://philpapers.org/rec/TOOMFF,0.9622730612754822
direct_2d_70,20,random,1,33017,_Against Embodiment: Subjectivity Viewed from a Materialist Perspective_,"Kolozova, Katerina",2023,https://philpapers.org/rec/KOLAES-2,0.9364669322967529
direct_2d_70,20,random,2,2357,Neither race nor ethnicity: Latinidad as a social affordance,"Arango, Alejandro",forthcoming,https://philpapers.org/rec/ARANRN,0.877791166305542
direct_2d_70,21,centroid,1,4437,Taking Stock of Infinite Value: Pascal’s Wager and Relative Utilities,"Bartha, Paul",2007,https://philpapers.org/rec/BARTSO-61,0.9603428244590759
direct_2d_70,21,centroid,2,18185,Normative Decision Theory,"Elliott, Edward",2019,https://philpapers.org/rec/ELLNDT,0.9596928358078003
direct_2d_70,21,centroid,3,8776,Decision Theory,"Buchak, Lara",2016,https://philpapers.org/rec/BUCDT,0.9581741094589233
direct_2d_70,21,random,1,36386,Which worlds are possible? A judgment aggregation problem,"List, Christian",2008,https://philpapers.org/rec/LISWWA,0.9058099389076233
direct_2d_70,21,random,2,42196,Rational updating at the crossroads,"Milano, Silvia",2024,https://philpapers.org/rec/MILRUA-3,0.8778150677680969
direct_2d_70,22,centroid,1,4740,Kant's Subjective Deduction,"Bauer, Nathan",2010,https://philpapers.org/rec/BAUKSD,0.9658365845680237
direct_2d_70,22,centroid,2,10668,Kantian Schemata: A Critique Consistent with the Critique,"Champagne, Marc",2018,https://philpapers.org/rec/CHAKSA-2,0.964569091796875
direct_2d_70,22,centroid,3,61903,"Sensibility, Understanding, and Kant’s Transcendental Deduction: From Epistemic Compositionalism to Epistemic Hylomorphism","Tegtmeyer, Maximilian",2023,https://philpapers.org/rec/TEGSUA,0.9629495739936829
direct_2d_70,22,random,1,39056,Reason in the Short Treatise,"Marshall, Colin",2015,https://philpapers.org/rec/MARRIT-6,0.9337994456291199
direct_2d_70,22,random,2,18218,The Case for Absolute Spontaneity in Kant’s Critique of Pure Reason,"Ellis, Addison",2017,https://philpapers.org/rec/ELLTCF-3,0.9520115256309509
direct_2d_70,23,centroid,1,60961,Extended and constructive remembering: two notes on Martin and Deutscher,"Sutton, John",2009,https://philpapers.org/rec/SUTEAC,0.9729354381561279
direct_2d_70,23,centroid,2,19460,Memory: A Self-Referential Account,"Fernández, Jordi",2019,https://philpapers.org/rec/FERMAS-6,0.9677990674972534
direct_2d_70,23,centroid,3,41737,Is external memory memory? Biological memory and extended mind,"Michaelian, Kourken",2012,https://philpapers.org/rec/MICIEM,0.9675252437591553
direct_2d_70,23,random,1,41701,"Confabulating, misremembering, relearning: The simulation theory of memory and unsuccessful remembering","Michaelian, Kourken",2016,https://philpapers.org/rec/MICCMR-2,0.9417986869812012
direct_2d_70,23,random,2,5728,Memory and Truth,"Bernecker, Sven",2017,https://philpapers.org/rec/BERMAT-19,0.9638570547103882
direct_2d_70,24,centroid,1,22379,"Music, Cage's Silence, and Art: An interview with Stephen Davies, PhD","Georgi, Marcella",2022,https://philpapers.org/rec/GEOMCS,0.965408444404602
direct_2d_70,24,centroid,2,20598,"Review of Simon Høffding, _A Phenomenology of Musical Absorption_, Cham: Palgrave Macmillan 2019","Foultier, Anna Petronella",2020,https://philpapers.org/rec/FOUROS-2,0.9649932384490967
direct_2d_70,24,centroid,3,49834,The Varieties of Musical Experience,"Polite, Brandon",2014,https://philpapers.org/rec/POLTVO-8,0.9629340767860413
direct_2d_70,24,random,1,61341,"The Experience of Music as a Process of [Self] Development, in: Of Essesnce and Context. Bewteen Music and Philosophy, Ruta Staneviciute, Nick Zangwill, Rima Povilioniene","Szyszkowska, Małgorzata A.",2019,https://philpapers.org/rec/SZYTEO,0.9319581985473633
direct_2d_70,24,random,2,24528,The machines of Francesco Di Giorgio: Demonstrations of the world,"Guess, Alice C.",1998,https://philpapers.org/rec/GUETMO-2,0.8009138107299805
direct_2d_70,25,centroid,1,16909,Understanding Artificial Agency,"Dung, Leonard",forthcoming,https://philpapers.org/rec/DUNUAA,0.9528264999389648
direct_2d_70,25,centroid,2,49621,Anthropomorphism in AI: Hype and Fallacy,"Placani, Adriana",2024,https://philpapers.org/rec/PLAAIA-4,0.952296793460846
direct_2d_70,25,centroid,3,13275,Shortcuts to Artificial Intelligence,"Cristianini, Nello",2021,https://philpapers.org/rec/CRISTA-3,0.9516875147819519
direct_2d_70,25,random,1,22809,"Is Spotify Bad for Democracy? Artificial Intelligence, Cultural Democracy, and Law","Gingerich, Jonathan",2022,https://philpapers.org/rec/GINISB,0.839658796787262
direct_2d_70,25,random,2,13275,Shortcuts to Artificial Intelligence,"Cristianini, Nello",2021,https://philpapers.org/rec/CRISTA-3,0.9516875147819519
direct_2d_70,26,centroid,1,39752,Does probabilism solve the great quantum mystery?,"Maxwell, Nicholas",2010,https://philpapers.org/rec/MAXDPS-2,0.9660785794258118
direct_2d_70,26,centroid,2,878,The Ontic Probability Interpretation of Quantum Theory - Part III: Schrödinger’s Cat and the ‘Basis’ and ‘Measurement’ Pseudo-Problems,"Alba-Juez, Felix",manuscript,https://philpapers.org/rec/ALBTOP-3,0.9659656882286072
direct_2d_70,26,centroid,3,38898,Introduction: The Metaphysics of Quantum Mechanics,"Marmodoro, Anna",2015,https://philpapers.org/rec/MARITM-4,0.9658082127571106
direct_2d_70,26,random,1,32817,Interpreting Quantum Mechanics and Predictability in Terms of Facts About the Universe,"Knight, Andrew",manuscript,https://philpapers.org/rec/KNIIQM,0.9228053092956543
direct_2d_70,26,random,2,42703,True Imaginings Integrating Panentheism and A Personal View of God,"Müller, Klaus",2019,https://philpapers.org/rec/MLLTII,0.920305609703064
direct_2d_70,27,centroid,1,41640,"Review of L. Nathan Oaklander, ed., Debates in the Metaphysics of Time (Bloomsbury, 2014)","Meyer, Ulrich",2015,https://philpapers.org/rec/MEYROL,0.9704982042312622
direct_2d_70,27,centroid,2,38993,"On Myself, and Other, Less Important Subjects","Markosian, Ned",2014,https://philpapers.org/rec/MAROMA-6,0.9683796763420105
direct_2d_70,27,centroid,3,49243,"Gregory E. Ganssle, ed.: God and time: Four views","Pierce, Jeremy",2003,https://philpapers.org/rec/PIEGEG,0.966247022151947
direct_2d_70,27,random,1,53820,"Maurice Blondel, Social Catholicism, and Action Française","Sadler, Gregory B.",2009,https://philpapers.org/rec/SADMBS-3,0.9066877961158752
direct_2d_70,27,random,2,16904,The Present,"Duncan, Steven M.",manuscript,https://philpapers.org/rec/DUNTP,0.9602014422416687
direct_2d_70,28,centroid,1,57857,Eternalism and Perspectival Realism About the ‘Now’,"Slavov, Matias",2020,https://philpapers.org/rec/SLAEAP,0.9608555436134338
direct_2d_70,28,centroid,2,62399,The Universe:a Philosophical derivation of a Final Theory,"Thompson, John F.",manuscript,https://philpapers.org/rec/THOTUP,0.9570923447608948
direct_2d_70,28,centroid,3,43044,McTaggart and modern physics,"Monton, Bradley",2009,https://philpapers.org/rec/MONMAM,0.9558773636817932
direct_2d_70,28,random,1,36898,Philosophy of light,"Lorbeer, Floyd Irving",1932,https://philpapers.org/rec/LORPOL,0.8367264866828918
direct_2d_70,28,random,2,27953,Do We Matter in The Cosmos?,"Hughes, Nick",2017,https://philpapers.org/rec/HUGDWM,0.8907581567764282
direct_2d_70,29,centroid,1,7986,"Death, Immortality, and Meaning in Life. By John Martin Fischer. Oxford: Oxford University Press, 2020. 216 pages. $29.99. (Paperback)","Brissey, Patrick",2021,https://philpapers.org/rec/BRIDIA-2,0.9682532548904419
direct_2d_70,29,centroid,2,31326,"Peter Heinegg, ed., Mortalism: Readings on the Meaning of Life","Kawall, J.",2004,https://philpapers.org/rec/KAWPHE,0.9655696153640747
direct_2d_70,29,centroid,3,41425,Book Review of Meaning in Life: An Analytic Study,"Meseroll, Sean",2017,https://philpapers.org/rec/MESMIL,0.9652670621871948
direct_2d_70,29,random,1,14896,What Romance Could Not Be,"Delaney, Neil",2010,https://philpapers.org/rec/DELWRC,0.9138475060462952
direct_2d_70,29,random,2,66304,Man death ethics,"Wasielewski, Walentin",2022,https://philpapers.org/rec/WASMDE,0.9342554211616516
direct_2d_70,30,centroid,1,15014,"Attuned, Transcendent & Transfigured: Nietzsche's Aesthetic Psychology","Denham, A. E.",2014,https://philpapers.org/rec/DENAT,0.9744628071784973
direct_2d_70,30,centroid,2,12492,Peter Lamarque,"Contesi, Filippo",2012,https://philpapers.org/rec/CONPL-2,0.971837043762207
direct_2d_70,30,centroid,3,45259,"Review of Jennifer Lena's ""Entitled: Discriminating Tastes and the Expansion of the Arts""","Nguyen, C. Thi",2020,https://philpapers.org/rec/NGUROJ,0.9717105031013489
direct_2d_70,30,random,1,1494,"Review of: ""Strange Tools: Art and Human Nature"" by Alva Noe","Alpert, Lauren R.",2016,https://philpapers.org/rec/ALPBRQ,0.955867350101471
direct_2d_70,30,random,2,7705,Feminism and Tradition in Aesthetics,"Brand Weiser, Peg Zeglin",1995,https://philpapers.org/rec/BRAFAT-13,0.9433112740516663
direct_2d_70,31,centroid,1,36855,"Hans Maes and Katrien Schaubroeck (eds.) Before Sunrise, Before Sunset, Before Midnight: A Philosophical Exploration","Lopez-Cantero, Pilar",forthcoming,https://philpapers.org/rec/LOPHMA,0.9578368663787842
direct_2d_70,31,centroid,2,55155,"Ideology, Socratic elenchus, and Inglourious Basterds","Schnee, Ian",2013,https://philpapers.org/rec/SCHISE-3,0.9561510682106018
direct_2d_70,31,centroid,3,24707,Seeing One Another Anew with Godfrey Reggio's Visitors,"Guter, Eran",2023,https://philpapers.org/rec/GUTSOA,0.955137312412262
direct_2d_70,31,random,1,33080,"""Authenticity with Teeth: Positing Process""","Kolb, David",2004,https://philpapers.org/rec/KOLQWT,0.9208040237426758
direct_2d_70,31,random,2,36668,"Review of Pierre Destrée, Aristote: Poétique.","Lockwood, Thornton",2022,https://philpapers.org/rec/LOCROP-4,0.9171119928359985
direct_2d_70,32,centroid,1,17804,"Composition, Persistence, and Identity","Effingham, Nikk",2009,https://philpapers.org/rec/EFFPAI,0.9654591083526611
direct_2d_70,32,centroid,2,17805,"Persistence, composition, and identity","Effingham, Nikk",2009,https://philpapers.org/rec/EFFPCA,0.9654591083526611
direct_2d_70,32,centroid,3,36926,Parts Ground the Whole and Are Identical to It,"Loss, Roberto",2016,https://philpapers.org/rec/LOSPGT,0.961717963218689
direct_2d_70,32,random,1,30318,Mereological Composition in Analytic and Buddhist Perspective,"Jones, Nicholaos",2021,https://philpapers.org/rec/JONMCI,0.9408626556396484
direct_2d_70,32,random,2,30172,"Russell, Wittgenstein, and synthesis in thought","Johnston, Colin",2012,https://philpapers.org/rec/JOHRWA,0.9163486957550049
direct_2d_70,33,centroid,1,37525,Scientific Realism,"Lyons, Timothy D.",2014,https://philpapers.org/rec/LYOSR,0.9730888605117798
direct_2d_70,33,centroid,2,42986,"An empiricist regarding science, an empiricist regarding representation","Monton, Bradley",2010,https://philpapers.org/rec/MONAER,0.971813440322876
direct_2d_70,33,centroid,3,54475,Why is it rational to believe scientific theories are true?,"Sankey, Howard",2006,https://philpapers.org/rec/SANWII,0.9713411927223206
direct_2d_70,33,random,1,37996,"Inductions, Red Herrings, and the Best Explanation for the Mixed Record of Science","Magnus, P. D.",2010,https://philpapers.org/rec/MAGIRH,0.959667444229126
direct_2d_70,33,random,2,56444,The Functional Approach: Scientific Progress as Increased Usefulness,"Shan, Yafeng",2022,https://philpapers.org/rec/SHATFA-10,0.9118103384971619
direct_2d_70,34,centroid,1,7995,Evolution beyond determinism - on Dennett's compatibilism and the too timeless free will debate,"Brincker, Maria",2015,https://philpapers.org/rec/BRIEBD,0.9552070498466492
direct_2d_70,34,centroid,2,43618,Tracing the origins of consciousness,"Morales, Jorge",2023,https://philpapers.org/rec/MORTTO-47,0.9480595588684082
direct_2d_70,34,centroid,3,31156,What Gave You That Idea? -- Rediscovering the Development of Our Worldviews,"Kassabgi, Georges",2012,https://philpapers.org/rec/KASWGY-3,0.9460100531578064
direct_2d_70,34,random,1,29832,Implementing Self Models Through Joint-Embedding Predictive Architecture,"Jiang, Yuyue",2024,https://philpapers.org/rec/JIAISM,0.8426336050033569
direct_2d_70,34,random,2,8308,Foundations of Human and Animal Sensory Awareness: Descartes and Willis,"Brown, Deborah",2023,https://philpapers.org/rec/BROFOH-2,0.9107325673103333
direct_2d_70,35,centroid,1,46009,Review of Science and Sensibilia,"Nunez, Tyke",2023,https://philpapers.org/rec/NUNROS,0.9808644652366638
direct_2d_70,35,centroid,2,52851,A Reconstruction of Russell's Gray's Elegy Argument,"Rosenkrantz, Max",2017,https://philpapers.org/rec/ROSARO-8,0.9786419868469238
direct_2d_70,35,centroid,3,23138,"Davidson, Dualism, and Truth","Goldberg, Nathaniel",2012,https://philpapers.org/rec/GOLDDA-2,0.9781652688980103
direct_2d_70,35,random,1,39475,Cassirer's Psychology of Relations: From the Psychology of Mathematics and Natural Science to the Psychology of Culture,"Matherne, Samantha",2018,https://philpapers.org/rec/MATCPO-5,0.9421219229698181
direct_2d_70,35,random,2,13684,Some Problems with the Analytic Turn to Hegel,"Daboin, Alan",manuscript,https://philpapers.org/rec/DABSPW,0.9587953090667725
direct_2d_70,36,centroid,1,43972,"Searle, Derrida, and the ends of phenomenology","Mulligan, Kevin",2003,https://philpapers.org/rec/MULSDA-2,0.9707676768302917
direct_2d_70,36,centroid,2,10217,A-Priority and Hermeneutics: The Scientificity of Phenomenology from Husserl to Heidegger,"Cassara, Bruno",2020,https://philpapers.org/rec/CASAAH-4,0.96869957447052
direct_2d_70,36,centroid,3,39543,Markus Gabriel: Der Mensch im Mythos,"Matthews, Bruce",2010,https://philpapers.org/rec/MATMGD,0.9683757424354553
direct_2d_70,36,random,1,2149,Poetic Becomings: A Sensing of the Good,"Anker, Michael",2011,https://philpapers.org/rec/ANKPBA,0.9185529351234436
direct_2d_70,36,random,2,30945,Reality and the Meaning of Evil: On the Moral Causality of Signs,"Kanzelberger, Kirk G.",2020,https://philpapers.org/rec/KANRAT-4,0.9325464367866516
direct_2d_70,37,centroid,1,56209,China Confronts Kant When University Students Experience the Angst of Freedom,"Shaw, Robert Keith",2016,https://philpapers.org/rec/SHACCK,0.9525269865989685
direct_2d_70,37,centroid,2,13757,Rousseau’s lawgiver as teacher of peoples: Investigating the educational preconditions of the social contract,"Dahlbeck, Johan",2024,https://philpapers.org/rec/DAHRLA,0.9504740834236145
direct_2d_70,37,centroid,3,47809,The Paralysis of Traditional Schools and the Future of Education,"Pariñas, Noel",2020,https://philpapers.org/rec/PARTPO-92,0.949031412601471
direct_2d_70,37,random,1,56376,Resistance and reproduction of knowledge in the post-nomadic life of foraging Raute,"Shahu, Man Bahadur",2022,https://philpapers.org/rec/SHARAR-13,0.8665862083435059
direct_2d_70,37,random,2,53666,Why Education in Public Schools Should Include Religious Ideals,"de Ruyter, Doret J.",2009,https://philpapers.org/rec/RUYWEI,0.8803853988647461
direct_2d_70,38,centroid,1,53995,Fictionalism,"Salis, Fiora",2015,https://philpapers.org/rec/SALF-4,0.965491533279419
direct_2d_70,38,centroid,2,53996,Fictional Entities,"Salis, Fiora",2013,https://philpapers.org/rec/SALFE,0.965235710144043
direct_2d_70,38,centroid,3,12876,A Puzzle about Fictions in the Treatise,"Cottrell, Jonathan",2016,https://philpapers.org/rec/COTAPA,0.9648663997650146
direct_2d_70,38,random,1,38166,More on Fictional Names and Psychologistic Semantics: Replies to Comments,"Maier, Emar",2017,https://philpapers.org/rec/MAIMOF,0.9415890574455261
direct_2d_70,38,random,2,66023,Mental Fictionalism: A Foothold amid Deflationary Collapse,"Wallace, Meg",2022,https://philpapers.org/rec/WALMFA-3,0.9323614239692688
direct_2d_70,39,centroid,1,60507,Leibniz Reinterpreted,"Strickland, Lloyd",2006,https://philpapers.org/rec/STRLR-3,0.9590082168579102
direct_2d_70,39,centroid,2,68447,Grace and Alienation,"Yao, Vida",2020,https://philpapers.org/rec/YAOGAA,0.958726704120636
direct_2d_70,39,centroid,3,53615,The Oxford Handbook of David Hume,"Russell, Paul",2016,https://philpapers.org/rec/RUSTOH-8,0.9578558802604675
direct_2d_70,39,random,1,14562,Karma and Repentance: Commentary on Dōgen’s Shushōji (Paragraphs 5-6),"DeCaroli, Steven",2016,https://philpapers.org/rec/DECKAR,0.9468147158622742
direct_2d_70,39,random,2,34337,"Recognition, Identity, and Difference","Laitinen, Arto",2018,https://philpapers.org/rec/LAIRIA,0.9187016487121582
direct_2d_70,40,centroid,1,18765,"Belief, Resistance, and Grace: Stump on Divine Hiddenness","E. Sweet, Katherine",2022,https://philpapers.org/rec/ESWBRA,0.9733138680458069
direct_2d_70,40,centroid,2,21510,The Phenomenal Conservative Approach to Religious Epistemology,"Gage, Logan Paul",2020,https://philpapers.org/rec/GAGPC,0.9720419645309448
direct_2d_70,40,centroid,3,30389,The Divine Ethic and the Argument from Evil,"Jordan, Jeff",2018,https://philpapers.org/rec/JORTDE,0.966903567314148
direct_2d_70,40,random,1,1472,"T. Ryan Byerly: The mechanics of divine foreknowledge and providence: a time-ordering account: Bloomsbury Publishing, New York, 2014, 131 pages, $100","Almeida, Michael",2015,https://philpapers.org/rec/ALMTRB-2,0.9444488286972046
direct_2d_70,40,random,2,50189,The Secular Problem of Evil: An Essay in Analytic Existentialism,"Prescott, Paul",2021,https://philpapers.org/rec/PRETSP,0.9100037813186646
direct_2d_70,41,centroid,1,53617,The Philosophy of Free Will: Essential Readings From the Contemporary Debates,"Russell, Paul",2013,https://philpapers.org/rec/RUSTPO-27,0.9692850708961487
direct_2d_70,41,centroid,2,66625,Incompatibilism and the Principle of Sufficient Reason in Kant’s _Nova Dilucidatio_,"Wells, Aaron",2022,https://philpapers.org/rec/WELIAT,0.9678346514701843
direct_2d_70,41,centroid,3,44427,"Intuitions about Free Will, Determinism, and Bypassing","Nahmias, Eddy",2011,https://philpapers.org/rec/NAHIAF,0.965872049331665
direct_2d_70,41,random,1,59823,Free Will and External Reality: Two Scepticisms Compared,"Steward, Helen",2020,https://philpapers.org/rec/STEIPA-7,0.9160099625587463
direct_2d_70,41,random,2,7404,Freedom and Thought,"Bourke, Michael",2016,https://philpapers.org/rec/BOUFAT-4,0.9454500079154968
direct_2d_70,42,centroid,1,34808,Enkrasia or evidentialism? Learning to love mismatch,"Lasonen-Aarnio, Maria",2020,https://philpapers.org/rec/LASEOE,0.9720650911331177
direct_2d_70,42,centroid,2,63670,The non-factive turn in epistemology: some hypotheses,"Turri, John",2017,https://philpapers.org/rec/TURTNT,0.9707956314086914
direct_2d_70,42,centroid,3,59409,"Reasons Fundamentalism and Rational Uncertainty – Comments on Lord, The Importance of Being Rational","Staffel, Julia",2020,https://philpapers.org/rec/STARFA-3,0.9686082601547241
direct_2d_70,42,random,1,1021,The Order and Integration of Knowledge,"Alexanian, Moorad",manuscript,https://philpapers.org/rec/ALETOA,0.8984435796737671
direct_2d_70,42,random,2,35244,Knowledge Is (Still) the Norm of Assertion,"Lee, Kok Yong",2017,https://philpapers.org/rec/LEEKIS,0.888887345790863
direct_2d_70,43,centroid,1,14865,The mirage of mark-to-market: distributive justice and alternatives to capital taxation,"Delmotte, Charles",2022,https://philpapers.org/rec/DELTMO-18,0.9548086524009705
direct_2d_70,43,centroid,2,29520,"Book review of: C. Dyble, Taming Leviathan: Waging a War of Ideas Around the World","Jason, Gary James",2008,https://philpapers.org/rec/JASBRO-11,0.9452560544013977
direct_2d_70,43,centroid,3,2194,"Review of Mark White, The Manipulation of Choice: Ethics and Libertarian Paternalism","Anomaly, Jonny",2013,https://philpapers.org/rec/ANOROM-2,0.9440221786499023
direct_2d_70,43,random,1,14511,Research Habits in Financial Modelling: The Case of Non-normativity of Market Returns in the 1970s and the 1980s,"De Bruin, Boudewijn",2016,https://philpapers.org/rec/DEBRHI-2,0.8429082036018372
direct_2d_70,43,random,2,9200,Business ethics: A helpful hybrid in search of integrity,"Byrne, Edmund F.",2002,https://philpapers.org/rec/BYRBEA,0.9077410697937012
direct_2d_70,44,centroid,1,45951,Job Satisfaction and Dissatisfaction as Outcomes of Psychological Contract: Evidence from the South African Workplace,"Ntimba, David Isaac",manuscript,https://philpapers.org/rec/NTIJSA,0.9321207404136658
direct_2d_70,44,centroid,2,61354,Catholic Social Teachings: Toward a Meaningful Work,"Tablan, Ferdinand",2015,https://philpapers.org/rec/TABCST-2,0.9297943115234375
direct_2d_70,44,centroid,3,44456,Managers are from Mars. Employees are from Venus,"Naithani, Pranav",manuscript,https://philpapers.org/rec/NAIMAF,0.927121102809906
direct_2d_70,44,random,1,10940,The Search for Relevance in Knowledge Management: An Ontological Perspective.,"Chatterjee, Sidharta",2019,https://philpapers.org/rec/CHATSF-4,0.8227126002311707
direct_2d_70,44,random,2,36273,The production of trust during organizational change,"Lines, Rune",2005,https://philpapers.org/rec/LINTPO-39,0.8828378319740295
direct_2d_70,45,centroid,1,16618,A Rightness-Based Theory of Communicative Propriety,"Drucker, Daniel",2019,https://philpapers.org/rec/DRUART-2,0.9591988325119019
direct_2d_70,45,centroid,2,56697,On stipulation,"Shields, Matthew",2021,https://philpapers.org/rec/SHIOS,0.9575873613357544
direct_2d_70,45,centroid,3,43801,"Exhaustiveness, normativity, and communicative responsibilities","Márton, Miklós",2022,https://philpapers.org/rec/MRTENA,0.9545936584472656
direct_2d_70,45,random,1,1668,Non-descriptive negation for normative sentences,"Alwood, Andrew",2016,https://philpapers.org/rec/ALWNNF,0.9469099044799805
direct_2d_70,45,random,2,20850,Susan Stebbing on Logical Positivism and Communication,"Franco, Paul L.",2023,https://philpapers.org/rec/FRASSO-3,0.9258297085762024
direct_2d_70,46,centroid,1,66931,"Keep Things in Perspective: Reasons, Rationality, and the A Priori","Whiting, Daniel",2014,https://philpapers.org/rec/WHIKTI,0.9712885618209839
direct_2d_70,46,centroid,2,36084,Are reasons evidence of oughts?,"Lihoreau, Franck",2012,https://philpapers.org/rec/LIHARE,0.9706449508666992
direct_2d_70,46,centroid,3,36445,Reasons and Theoretical Rationality,"Littlejohn, Clayton",2018,https://philpapers.org/rec/LITRAT,0.9690091609954834
direct_2d_70,46,random,1,34312,"Delmas, Candice. A Duty to Resist: When Disobedience Should Be Uncivil. Oxford: Oxford University Press, 2018. Pp. 312. $29.95","Lai, Ten-Herng",2019,https://philpapers.org/rec/LAIDCA,0.8997264504432678
direct_2d_70,46,random,2,46880,Normative Judgment and Rational Requirements: A Reply to Ridge,"Orsi, Francesco",2018,https://philpapers.org/rec/ORSNJA,0.9432181119918823
direct_2d_70,47,centroid,1,17984,Carnap's Metaontology,"Eklund, Matti",2011,https://philpapers.org/rec/EKLCM,0.9670098423957825
direct_2d_70,47,centroid,2,51863,Quantification in the Ontology Room,"Rettler, Bradley",2019,https://philpapers.org/rec/RETQIT,0.9663951396942139
direct_2d_70,47,centroid,3,64915,"Blurring Boundaries: Carnap, Quine, and the Internal–External Distinction","Verhaegh, Sander",2017,https://philpapers.org/rec/VERBBC,0.9653100967407227
direct_2d_70,47,random,1,19857,"Existence is No Thing: Existents, Transience and Fixity","Fiocco, M. Oreste",2023,https://philpapers.org/rec/FIOEIN,0.9405364990234375
direct_2d_70,47,random,2,58268,Frege and Husserl: The Ontology of Reference,"Smith, Barry",1978,https://philpapers.org/rec/SMIFAH-2,0.9350370168685913
direct_2d_70,48,centroid,1,28599,Reflections on Metaphysical Explanation,"Ingthorsson, Rognvaldur",2019,https://philpapers.org/rec/INGROM-2,0.9657185673713684
direct_2d_70,48,centroid,2,23077,Purposeful Explanation and Causal Gaps,"Goetz, Stewart",2013,https://philpapers.org/rec/GOEPEA,0.9653362035751343
direct_2d_70,48,centroid,3,31475,Making Something Happen. Where Causation and Agency Meet.,"Keil, Geert",2007,https://philpapers.org/rec/KEIMSH,0.9628814458847046
direct_2d_70,48,random,1,14110,Modern Science VS Vedic Science,"Das, Subhendu",manuscript,https://philpapers.org/rec/DASMSV,0.9371946454048157
direct_2d_70,48,random,2,58781,A critical assessment of scientific retroduction,"Solari, H. G.",manuscript,https://philpapers.org/rec/SOLACA-2,0.9096519947052002
direct_2d_70,49,centroid,1,44788,A Counterexample to Parfit's Rule Consequentialism,"Nebel, Jacob",2012,https://philpapers.org/rec/NEBACT,0.9750673770904541
direct_2d_70,49,centroid,2,46053,Non-Consequentialism Demystified,"Ku, John",2015,https://philpapers.org/rec/NYEND,0.972024142742157
direct_2d_70,49,centroid,3,39124,Schopenhauer's Titus Argument,"Marshall, Colin",2021,https://philpapers.org/rec/MARSTA-26,0.9710440039634705
direct_2d_70,49,random,1,2970,Against the Entitlement Model of Obligation,"Attie-Picker, Mario",2023,https://philpapers.org/rec/ATTATE,0.9038196206092834
direct_2d_70,49,random,2,67275,Ground zero for a post-moral ethics in J. M. Coetzee’s Disgrace and Julia Kristeva’s melancholic,"Willett, Cynthia",2011,https://philpapers.org/rec/WILGZF,0.9462477564811707
direct_2d_70,50,centroid,1,35717,"Commentary on Szmukler: Mental Illness, Dangerousness, and Involuntary Civil Commitment","Levy, Ken",2016,https://philpapers.org/rec/LEVCOS,0.9594306945800781
direct_2d_70,50,centroid,2,39561,Philosophy for life and other dangerous situations,"Matchett, Nancy J.",2015,https://philpapers.org/rec/MATPFL,0.9582195281982422
direct_2d_70,50,centroid,3,10835,Review of The Self,"Chattopadhyay, Subhasis",2020,https://philpapers.org/rec/CHAROT-32,0.9551345109939575
direct_2d_70,50,random,1,58356,"N, N-DIMETHYLTRYPTAMINE AND BIOLOGICAL REDUCTIVE ACCOUNTS FOR RELIGIOUS AND SPIRITUAL EXPERIENCES","Smith, Shaun",forthcoming,https://philpapers.org/rec/SMINNA,0.8553294539451599
direct_2d_70,50,random,2,65408,The spiritual meanning of illness-theological and psychological perspective,"Vlaicu, Claudia",2015,https://philpapers.org/rec/VLATSM,0.8839678168296814
direct_2d_70,51,centroid,1,62061,Emotions: Philosophical Issues About,"Deonna, Julien",2015,https://philpapers.org/rec/TEREPI,0.9751279354095459
direct_2d_70,51,centroid,2,50026,Arguments from the Priority of Feeling in Contemporary Emotion Theory and Max Scheler’s Phenomenology,"Potter, Joel M.",2012,https://philpapers.org/rec/POTAFT,0.9684380292892456
direct_2d_70,51,centroid,3,14977,"Review of Christine Tappolet, Emotions, Values and Agency (Oxford University Press, 2016)","De Mesel, Benjamin",2017,https://philpapers.org/rec/DEMROC,0.967360258102417
direct_2d_70,51,random,1,7147,Is There Such a Thing as Genuinely Moral Disgust?,"Bollard, Mara",2022,https://philpapers.org/rec/BOLITS-2,0.9067237377166748
direct_2d_70,51,random,2,46953,Political emotions and political atmospheres,"Osler, Lucy",forthcoming,https://philpapers.org/rec/OSLPEA,0.8988746404647827
direct_2d_70,52,centroid,1,53073,Well-Being as Fitting Happiness,"Rossi, Mauro",2022,https://philpapers.org/rec/ROSWAF-3,0.9633539915084839
direct_2d_70,52,centroid,2,8495,The Folk Theory of Well-Being,"Bronsteen, John",2024,https://philpapers.org/rec/BROTFT-2,0.9624398946762085
direct_2d_70,52,centroid,3,31260,Meaning and Happiness,"Kauppinen, Antti",2013,https://philpapers.org/rec/KAUMAH,0.957977831363678
direct_2d_70,52,random,1,44793,Aggregation Without Interpersonal Comparisons of Well‐Being,"Nebel, Jacob M.",2022,https://philpapers.org/rec/NEBAWI,0.8999688625335693
direct_2d_70,52,random,2,56218,Do affective desires provide reasons for action?,"Shaw, Ashley",2020,https://philpapers.org/rec/SHADAD-10,0.916199803352356
direct_2d_70,53,centroid,1,51320,"Critical Notice of Stalnaker's ""Propositions: Ontology and Logic""","Ray, Buchanan",forthcoming,https://philpapers.org/rec/RAYCNO,0.9705073237419128
direct_2d_70,53,centroid,2,5768,Ontic Structural Realism and Modality,"Berenstain, Nora",2012,https://philpapers.org/rec/BEROSR,0.9677508473396301
direct_2d_70,53,centroid,3,40285,"Review: Brian Leftow, God and Necessity","McIntosh, C. A.",2014,https://philpapers.org/rec/MCIBL,0.9669212698936462
direct_2d_70,53,random,1,52565,Truthmaker maximalism defended,"Rodriguez-Pereyra, Gonzalo",2006,https://philpapers.org/rec/RODTMD,0.9369767904281616
direct_2d_70,53,random,2,16090,Social Ontology and Social Normativity,"Donohue, Brian",2020,https://philpapers.org/rec/DONSOA-3,0.9096758961677551
direct_2d_70,54,centroid,1,60588,"The Limits of Silence: Descartes, Heidegger, and Wittgenstein on Philosophy and Ordinary Language","Strand, Narve",2005,https://philpapers.org/rec/STRTLO-7,0.9630135297775269
direct_2d_70,54,centroid,2,12547,The Language of Contemporary Philosophy,"Contesi, Filippo",forthcoming,https://philpapers.org/rec/CONTLO-19,0.9618736505508423
direct_2d_70,54,centroid,3,14245,Language as Medium of Hermeneutic Experience,"DaVia, Carlo",2022,https://philpapers.org/rec/DAVLAM-5,0.9595736861228943
direct_2d_70,54,random,1,10843,Remnants of Words in Indian Grammar,"Chakraborty, Sanjit",2018,https://philpapers.org/rec/CHAROW-2,0.929496705532074
direct_2d_70,54,random,2,64867,C. S. Peirce's Phaneroscopy as Early Communicology,"Venancio, Rafael Duarte Oliveira",2017,https://philpapers.org/rec/VENCSP-2,0.8741064667701721
direct_2d_70,55,centroid,1,46980,"Language, concepts, and the nature of inference","Osta-Vélez, Matías",2024,https://philpapers.org/rec/OSTLCA,0.9640018343925476
direct_2d_70,55,centroid,2,18532,"Review of Millikan, Ruth Garrett, _Language: A Biological Model_","Epstein, Brian",2006,https://philpapers.org/rec/EPSROM,0.9636650681495667
direct_2d_70,55,centroid,3,37210,"Review Essay: Scott Soames, Philosophy of Language: Princeton University Press, 2010, Pp. ix, 189","Ludwig, Kirk",2013,https://philpapers.org/rec/LUDRES,0.9623975157737732
direct_2d_70,55,random,1,64250,Animal Languages in Eighteenth-Century German Philosophy and Science,"van den Berg, Hein",2022,https://philpapers.org/rec/VANALI-2,0.9198225140571594
direct_2d_70,55,random,2,37210,"Review Essay: Scott Soames, Philosophy of Language: Princeton University Press, 2010, Pp. ix, 189","Ludwig, Kirk",2013,https://philpapers.org/rec/LUDRES,0.9623975157737732
direct_2d_70,56,centroid,1,33873,Literal Meaning & Cognitive Content,"Kuczynski, John-Michael",2015,https://philpapers.org/rec/KUCLM,0.9638899564743042
direct_2d_70,56,centroid,2,20326,"Confusion of Tongues: A Theory of Normative Language, by Stephen Finlay","Fogal, Daniel",2016,https://philpapers.org/rec/FOGCOT,0.9628610610961914
direct_2d_70,56,centroid,3,54476,What Is Meaning? By Scott Soames. Soochow University Lectures in Philosophy,"Sandler, Sergeiy",2012,https://philpapers.org/rec/SANWIM-2,0.9610118269920349
direct_2d_70,56,random,1,36032,Generics and the Metaphysics of Kinds,"Liebesman, David",2021,https://philpapers.org/rec/LIEGAT,0.8747464418411255
direct_2d_70,56,random,2,69300,"Incomplete Descriptions, Incomplete Quantified Expressions (Part of the dissertation portfolio Modality, Names and Descriptions)","Zvolenszky, Zsófia",2007,https://philpapers.org/rec/ZVOIDI,0.930138349533081
direct_2d_70,57,centroid,1,10061,"Philosophical Logic: An Introduction to Advanced Topics, by George Englebretsen and Charles Sayward","Carmichael, Chad",2013,https://philpapers.org/rec/CARPLA-5,0.9711750745773315
direct_2d_70,57,centroid,2,15322,Buying Logical Principles with Ontological Coin: The Metaphysical Lessons of Adding epsilon to Intuitionistic Logic,"DeVidi, David",2017,https://philpapers.org/rec/DEVBLP,0.9631718993186951
direct_2d_70,57,centroid,3,68829,Natural Deduction for the Sheffer Stroke and Peirce’s Arrow (and any Other Truth-Functional Connective),"Zach, Richard",2015,https://philpapers.org/rec/ZACNDF,0.9602853059768677
direct_2d_70,57,random,1,64186,Modal definability in enriched languages,"Goranko, Valentin",1989,https://philpapers.org/rec/VALMDI,0.8759851455688477
direct_2d_70,57,random,2,62180,INVENTING LOGIC: THE LÖWENHEIM-SKOLEM THEOREM AND FIRST- AND SECOND-ORDER LOGIC,"Therrien, Valérie Lynn",2012,https://philpapers.org/rec/THEILT,0.9571424126625061
direct_2d_70,58,centroid,1,50928,"M. H. Kramer, C. Grant, B. Colburn, and A. Hatzistavrou, eds. _The Legacy of H. L. A. Hart: Legal, Political, and Moral Philosophy_.","Ralston, Shane",2010,https://philpapers.org/rec/RALMHK,0.966555655002594
direct_2d_70,58,centroid,2,50764,Advocacy and Genuine Autonomy: The Lawyer's Role When the Client Has a Right to Do Wrong,"Radzik, Linda",1999,https://philpapers.org/rec/RADAAG,0.9659801125526428
direct_2d_70,58,centroid,3,44047,"The Right to Do Wrong: Morality and the Limits of Law, by Mark Osiel (Cambridge: Harvard University Press), 2019","Muñoz, Daniel",2023,https://philpapers.org/rec/MUOTRT-2,0.9650503993034363
direct_2d_70,58,random,1,53039,The Foundations of Criminal Law Epistemology,"Ross, Lewis",2022,https://philpapers.org/rec/ROSTFO-29,0.933270275592804
direct_2d_70,58,random,2,17905,"Less Evidence, Better Knowledge","Ehrenberg, Kenneth M.",2015,https://philpapers.org/rec/EHRLEB,0.9317081570625305
direct_2d_70,59,centroid,1,41047,Illegal: How America's lawless immigration regime threatens us all,"Mendoza, José Jorge",2020,https://philpapers.org/rec/MENIHA-2,0.965164065361023
direct_2d_70,59,centroid,2,26637,"Freedom, immigration, and adequate options","Hidalgo, Javier S.",2012,https://philpapers.org/rec/HIDFIA,0.9613375663757324
direct_2d_70,59,centroid,3,21466,"Borders, Movement, and Global Egalitarianism","Gadomski, Mike",forthcoming,https://philpapers.org/rec/GADBMA,0.9572892785072327
direct_2d_70,59,random,1,20688,Creation and Authority: The Natural Law Foundations of Locke’s Account of Parental Authority,"Franklin-Hall, Andrew",2012,https://philpapers.org/rec/FRACAA-6,0.8961217403411865
direct_2d_70,59,random,2,62420,Relational Egalitarianism and Emergent Social Inequalities,"Threet, Dan",2021,https://philpapers.org/rec/THRREA,0.8959603309631348
direct_2d_70,60,centroid,1,68821,Hilbert's program then and now,"Zach, Richard",2002,https://philpapers.org/rec/ZACHPT,0.9690475463867188
direct_2d_70,60,centroid,2,59475,"Remarks on Wittgenstein, Gödel, Chaitin, Incompleteness, Impossiblity and the Psychological Basis of Science and Mathematics","Starks, Michael Richard",2019,https://philpapers.org/rec/STAROW-15,0.9666221737861633
direct_2d_70,60,centroid,3,39065,"Review of Logic, Logic and Logic, by George Boolos","Mar, Gary",2000,https://philpapers.org/rec/MARROL-8,0.9655088782310486
direct_2d_70,60,random,1,59584,"Wolpert, Chaitin and Wittgenstein on impossibility, incompleteness, the limits of computation, theism and the universe as computer-the ultimate Turing Theorem","Starks, Michael",2017,https://philpapers.org/rec/STAWCA-4,0.9373764395713806
direct_2d_70,60,random,2,29710,Counterpossibles in Science: The Case of Relative Computability,"Jenny, Matthias",2018,https://philpapers.org/rec/JENCIS-2,0.9196139574050903
direct_2d_70,61,centroid,1,32535,Introduction to G.E. Moore's Unpublished Review of _The Principles of Mathematics_,"Klement, Kevin C.",2019,https://philpapers.org/rec/KLEITG,0.9656519889831543
direct_2d_70,61,centroid,2,12747,"Review of: Hodesdon, K. “Mathematica representation: playing a role”. Philosophical Studies (2014) 168:769–782. Mathematical Reviews. MR 3176431.","Corcoran, John",2015,https://philpapers.org/rec/CORROH,0.9642099738121033
direct_2d_70,61,centroid,3,59916,Nietzsche’s Philosophy of Mathematics,"Steinhart, Eric",1999,https://philpapers.org/rec/STENPO-7,0.9641467928886414
direct_2d_70,61,random,1,64252,Applying Mathematics to Nature,"Van Dyck, Maarten",2021,https://philpapers.org/rec/VANAMT-10,0.9412178993225098
direct_2d_70,61,random,2,12663,Corcoran recommends Hambourger on the Frege-Russell number definition,"Corcoran, John",1978,https://philpapers.org/rec/CORCRH,0.9324361085891724
direct_2d_70,62,centroid,1,23533,Incarnation,"Gorman, Michael",2011,https://philpapers.org/rec/GORI-4,0.9697886109352112
direct_2d_70,62,centroid,2,41835,"Desmond M. Clarke and Catherine Wilson, eds., The Oxford Handbook of Philosophy in Early Modern Europe. Reviewed by","Mihali, Andreea",2012,https://philpapers.org/rec/MIHDMC-2,0.9684783816337585
direct_2d_70,62,centroid,3,48860,Fides et Ratio in the Renaissance,"Petrescu, Lucian",2012,https://philpapers.org/rec/PETFER-2,0.9679617285728455
direct_2d_70,62,random,1,54536,"Gadamer, Barth, and Transcendence in Biblical Interpretation","Sarisky, Darren",2022,https://philpapers.org/rec/SARGBA,0.9538594484329224
direct_2d_70,62,random,2,51124,"Hinduism, Belief and the Colonial Invention of Religion: A before and after Comparison","Ranganathan, Shyam",2022,https://philpapers.org/rec/RANHBA,0.9362853765487671
direct_2d_70,63,centroid,1,24688,E. J. Lowe's Metaphysics and Philosophical/Analytic Theology. Special Issue.,"Guta, Mihretu P.",2021,https://philpapers.org/rec/GUTEJL-2,0.9673930406570435
direct_2d_70,63,centroid,2,33081,Raising Atlantis: The Later Heidegger and Contemporary Philosophy,"Kolb, David",1995,https://philpapers.org/rec/KOLRAT-3,0.9669674038887024
direct_2d_70,63,centroid,3,58318,Deleuze and the History of Philosophy,"Smith, Daniel W.",2012,https://philpapers.org/rec/SMIIDA,0.9662411212921143
direct_2d_70,63,random,1,43273,Differentiation and Distinction: On the Problem of Individuation from Scotus to Deleuze,"Morejón, Gil",2018,https://philpapers.org/rec/MORDAD-15,0.8710570931434631
direct_2d_70,63,random,2,44626,Chapter 1. Reading Kant in Herder’s Lecture Notes,"Naragon, Steve",2015,https://philpapers.org/rec/NARCR-3,0.928931713104248
direct_2d_70,64,centroid,1,53747,A Libertarian Perspective on Peace Enforcement by the United Nations,"Sabhlok, Sukrit",2020,https://philpapers.org/rec/SABALP,0.9674312472343445
direct_2d_70,64,centroid,2,32923,Cosmopolitan Peace Cecile Fabre,"Kocsis, Michael",2018,https://philpapers.org/rec/KOCCPC,0.9657801985740662
direct_2d_70,64,centroid,3,47747,Routledge Handbook of Ethics and War: Just War Theory in the Twenty‐first Century,"Parry, Jonathan",2015,https://philpapers.org/rec/PARRHO-3,0.9656022787094116
direct_2d_70,64,random,1,33233,How International Relations Theorists Can Benefit by Reading Thucydides,"Korab-Karpowicz, W. Julian",2006,https://philpapers.org/rec/KORHIR,0.921226441860199
direct_2d_70,64,random,2,22094,Why cosmopolitan war is an ethics of fantasy?,"Garner, Renaud-Philippe",2020,https://philpapers.org/rec/GARWCW-3,0.9299507141113281
direct_2d_70,65,centroid,1,9533,"Review of Horcher 2020, A Political Philosophy of Conservatism","Callaway, H. G.",2020,https://philpapers.org/rec/CALROH-5,0.9714487195014954
direct_2d_70,65,centroid,2,16705,Review of 'The Political Is Political: Conformity and the Illusion of Dissent in Contemporary Political Philosophy' by Lorna Finlayson.,"Duff, Koshka",2016,https://philpapers.org/rec/DUFTPI,0.9685655832290649
direct_2d_70,65,centroid,3,5489,Schmitt or Hamlet: The Unsovereign Event,"Ben-Shai, Roy",2009,https://philpapers.org/rec/BENSOH-2,0.9682056903839111
direct_2d_70,65,random,1,25863,"Social Participation and Cohesion. On the Relationship between ""Inclusion"" and ""Integration"" in Social Theory (final draft, forthcoming)","Hauke, Behrendt",forthcoming,https://philpapers.org/rec/HAUSPA-3,0.8810633420944214
direct_2d_70,65,random,2,31410,How do Narratives and Brains Mutually Influence each other? Taking both the ‘Neuroscientific Turn’ and the ‘Narrative Turn’ in Explaining Bio-Political Orders,"Keestra, Machiel",manuscript,https://philpapers.org/rec/KEEHDN-2,0.8764501810073853
direct_2d_70,66,centroid,1,12853,Reasons and Conscious Persons,"Coseru, Christian",2020,https://philpapers.org/rec/COSRAC,0.9581149816513062
direct_2d_70,66,centroid,2,4814,THE PHENOMENOLOGY OF THE PATH OF YOUR AWARENESS AS NATURAL LIBERATION,"Bauer, Rudolph",2012,https://philpapers.org/rec/BAUTPO-9,0.9570464491844177
direct_2d_70,66,centroid,3,4774,"Prajna: The Discernment of Direct Awareness Knowningness (Gnosis, Jnana)","Bauer, Rudolph",2013,https://philpapers.org/rec/BAUPTD,0.9536773562431335
direct_2d_70,66,random,1,58771,The Meaning of Feeling:Banishing the Homunculus from Psychology,"Soffer, Joshua",2011,https://philpapers.org/rec/SOFTMO,0.9107784628868103
direct_2d_70,66,random,2,27279,The Second-Person Perspective in the Preface of Nicholas of Cusa’s De Visione Dei,"Hollingsworth, Andrea",2013,https://philpapers.org/rec/HOLTSP-2,0.9497461318969727
direct_2d_70,67,centroid,1,50966,"Understanding How Experience ""seems""","Raleigh, Thomas",2009,https://philpapers.org/rec/RALUHE,0.9691407084465027
direct_2d_70,67,centroid,2,51636,The Disunity of Perception: An Introduction,"Reiland, Indrek",2015,https://philpapers.org/rec/REITDO-14,0.9684863090515137
direct_2d_70,67,centroid,3,23903,Hill on perceptual relativity and perceptual error,"Green, E. J.",2024,https://philpapers.org/rec/GREHOP-2,0.966773271560669
direct_2d_70,67,random,1,66350,The Ethics of Attention: a framework,"Watzl, Sebastian",manuscript,https://philpapers.org/rec/WATTEO-28,0.8638483881950378
direct_2d_70,67,random,2,6837,The Grain of Vision and the Grain of Attention,"Block, Ned",2012,https://philpapers.org/rec/BLOTGO-4,0.9120210409164429
direct_2d_70,68,centroid,1,53480,Cognitive systems and the supersized mind,"Rupert, Robert D.",2011,https://philpapers.org/rec/RUPCSA,0.9667119383811951
direct_2d_70,68,centroid,2,41229,Editorial Introduction: Socializing the Extended Mind,"Merritt, Michele",2013,https://philpapers.org/rec/MEREIS,0.961455762386322
direct_2d_70,68,centroid,3,68096,Embodied Cognition: Grounded Until Further Notice?,"Wright, Cory",2008,https://philpapers.org/rec/WRIECG,0.960017204284668
direct_2d_70,68,random,1,67415,Realism and instrumentalism in Bayesian cognitive science,"Williams, Danielle",2024,https://philpapers.org/rec/WILRAI-13,0.9210092425346375
direct_2d_70,68,random,2,16543,Misrepresentation,"Dretske, Fred",1986,https://philpapers.org/rec/DREM,0.9019827842712402
direct_2d_70,69,centroid,1,13076,"""Purple Haze: The Puzzle of Consciousness"" by Joseph Levine, ""Phenomenal Consciousness: A Naturalistic Theory"" by Peter Carruthers, and ""The Nature of Consciousness"" by Mark Rowlands","Crane, Tim",2002,https://philpapers.org/rec/CRARQH,0.9690406918525696
direct_2d_70,69,centroid,2,11013,Consciousness,"Cheng, Tony",2019,https://philpapers.org/rec/CHEC-25,0.9663268327713013
direct_2d_70,69,centroid,3,8715,"Walking in the Shoes of the Brain: an ""agent"" approach to phenomenality and the problem of consciousness","Bruiger, Dan J.",manuscript,https://philpapers.org/rec/BRUWIT-8,0.9663130044937134
direct_2d_70,69,random,1,49575,Levels of Consciousness,"Pisula, Wojciech",2016,https://philpapers.org/rec/PISLOC,0.9172599911689758
direct_2d_70,69,random,2,64930,Corrigendum to “Lost in time…: The search for intentions and Readiness Potentials” [Consciousness and Cognition 33 300–315],"Verbaarschot, Ceci",2015,https://philpapers.org/rec/VERCTL,0.8869028091430664
direct_2d_historical_params,0,centroid,1,57988,An Overview of Neutrosophic and Plithogenic Theories and Applications,"Smarandache, Florentin",2023,https://philpapers.org/rec/SMAAOO-3,0.9738993644714355
direct_2d_historical_params,0,centroid,2,52206,Neutrosophic logics: prospects and problems,"Rivieccio, Umberto",2008,https://philpapers.org/rec/RIVNLP,0.9685561060905457
direct_2d_historical_params,0,centroid,3,58070,Neutrosophic Triplet Structures. Volume I,"Smarandache, Florentin",2019,https://philpapers.org/rec/SMANTS,0.9685531258583069
direct_2d_historical_params,0,random,1,58059,Neutrosophic Measure and Neutrosophic Integral,"Smarandache, Florentin",2013,https://philpapers.org/rec/SMANMA,0.95999675989151
direct_2d_historical_params,0,random,2,8342,Interval Neutrosophic Rough Sets,"Broumi, Said",2015,https://philpapers.org/rec/BROINR,0.9346328377723694
direct_2d_historical_params,1,centroid,1,4253,Prediction of Heart Disease Using a Collection of Machine and Deep Learning Algorithms,"Barhoom, Ali M. A.",2022,https://philpapers.org/rec/BARPOH-4,0.8951576948165894
direct_2d_historical_params,1,centroid,2,4252,Prediction of Heart Disease Using a Collection of Machine and Deep Learning Algorithms,"Barhoom, Ali M. A.",2022,https://philpapers.org/rec/BARPOH-3,0.8951576948165894
direct_2d_historical_params,1,centroid,3,53807,ANN for Parkinson’s Disease Prediction,"Sadek, Salah",2020,https://philpapers.org/rec/SADAFP,0.8815940022468567
direct_2d_historical_params,1,random,1,28411,An Investigation into the Performances of the State-of-the-art Machine Learning Approaches for Various Cyber-attack Detection: A Survey,"Ige, Tosin",forthcoming,https://philpapers.org/rec/IGEAII,0.7926804423332214
direct_2d_historical_params,1,random,2,18064,An Expert System for Diagnosing West Nile virus Problem Using CLIPS,"Eleyan, Husam Abd Rahim",2023,https://philpapers.org/rec/ELEAES,0.8294845223426819
direct_2d_historical_params,2,centroid,1,21258,Gramsci’s ‘Non-contemporaneity’,"Frosini, Fabio",2014,https://philpapers.org/rec/FROGN,0.9749652147293091
direct_2d_historical_params,2,centroid,2,69250,"Our Toil Respite Only: Woolf, Diamond and the Difficulty of Reality","Zumhagen-Yekplé, Karen",2015,https://philpapers.org/rec/ZUMOTR,0.9745445847511292
direct_2d_historical_params,2,centroid,3,67833,Theolatry and the Making-Present of the Nonrepresentable,"Wolfson, Elliot R.",2017,https://philpapers.org/rec/WOLTAT-10,0.9742457270622253
direct_2d_historical_params,2,random,1,69154,Suhrawardi's Modal Syllogisms,"Movahed, Zia",2012,https://philpapers.org/rec/ZIASMS,0.9565369486808777
direct_2d_historical_params,2,random,2,45886,Res Publica ex Machina: On Neocybernetic Governance and the End of Politics,"Nosthoff, Anna-Verena",2020,https://philpapers.org/rec/NOSRPE,0.898026704788208
direct_2d_historical_params,3,centroid,1,8585,"Arriagada Bruneau, G. (2021). “Living with Robots: What every anxious human needs to know”. Ruth Aylett and Patricia A. Vargas, MIT Press, 2021.","Arriagada Bruneau, Gabriela",2021,https://philpapers.org/rec/BRUABG,0.9592215418815613
direct_2d_historical_params,3,centroid,2,42246,"What You Are and Its Affects on Moral Status: Godman's Epistemology and Morality of Human Kinds, Gunkel's Robot Rights, and Schneider on Artificial You","Miller, Lantz Fleming",2021,https://philpapers.org/rec/MILTEA-11,0.952453076839447
direct_2d_historical_params,3,centroid,3,20467,"Robot Autonomy vs. Human Autonomy: Social Robots, Artificial Intelligence (AI), and the Nature of Autonomy","Formosa, Paul",2021,https://philpapers.org/rec/FORRAV,0.9494047164916992
direct_2d_historical_params,3,random,1,42641,Ethics of Artificial Intelligence and Robotics,"Müller, Vincent C.",2020,https://philpapers.org/rec/MLLEOA-4,0.920380175113678
direct_2d_historical_params,3,random,2,21639,Are editors of flesh and blood necessary for meeting yet another danger with AI?,"Gamper, Johan",manuscript,https://philpapers.org/rec/GAMAEO-3,0.8869271874427795
direct_2d_historical_params,4,centroid,1,58189,Philosophy and Biomedical Information Systems,"Smith, Barry",2008,https://philpapers.org/rec/SMIBAP,0.9619308710098267
direct_2d_historical_params,4,centroid,2,58386,Ontological realism: A methodology for coordinated evolution of scientiﬁc ontologies,"Smith, Barry",2010,https://philpapers.org/rec/SMIORA-2,0.9608871340751648
direct_2d_historical_params,4,centroid,3,29467,The Ontology of Tendencies and Medical Information Sciences,"Jansen, Ludger",2006,https://philpapers.org/rec/JANTOO,0.9580865502357483
direct_2d_historical_params,4,random,1,33960,Implementing clinical guidelines in an organizational setup,"Kumar, Anand",2003,https://philpapers.org/rec/KUMICG,0.8552672266960144
direct_2d_historical_params,4,random,2,44716,The Protein Ontology: A structured representation of protein forms and complexes,"Natale, Darren",2011,https://philpapers.org/rec/NATTPO-7,0.9115285277366638
direct_2d_historical_params,5,centroid,1,22379,"Music, Cage's Silence, and Art: An interview with Stephen Davies, PhD","Georgi, Marcella",2022,https://philpapers.org/rec/GEOMCS,0.967462956905365
direct_2d_historical_params,5,centroid,2,49834,The Varieties of Musical Experience,"Polite, Brandon",2014,https://philpapers.org/rec/POLTVO-8,0.966844916343689
direct_2d_historical_params,5,centroid,3,20598,"Review of Simon Høffding, _A Phenomenology of Musical Absorption_, Cham: Palgrave Macmillan 2019","Foultier, Anna Petronella",2020,https://philpapers.org/rec/FOUROS-2,0.9652742147445679
direct_2d_historical_params,5,random,1,25520,Impressions of Meaning in Cavell's Life Out of Music,"Day, William",2024,https://philpapers.org/rec/HARMIC-6,0.9546268582344055
direct_2d_historical_params,5,random,2,28669,Against the Property Theory of Musical Works,"Irmak, Nurbay",2024,https://philpapers.org/rec/IRMATP,0.9019367098808289
direct_2d_historical_params,6,centroid,1,31855,"Animals, Misanthropy, and Humanity","Kidd, Ian James",2020,https://philpapers.org/rec/KIDAMA,0.962855339050293
direct_2d_historical_params,6,centroid,2,26779,Why Do We Believe Humans Matter More than Other Animals?,"Hill, Scott",2020,https://philpapers.org/rec/HILWDW,0.9608387351036072
direct_2d_historical_params,6,centroid,3,30174,"Saving Animals, Saving Ourselves: Why Animals Matter for Pandemics, Climate Change, and Other Catastrophes; By Jeff Sebo","Johannsen, Kyle",forthcoming,https://philpapers.org/rec/JOHSAS-11,0.9606045484542847
direct_2d_historical_params,6,random,1,36776,Reply to Rickless,"LoLordo, Antonia",2013,https://philpapers.org/rec/LOLRTR,0.9400094151496887
direct_2d_historical_params,6,random,2,20662,Animal Mind and Animal Ethics: An Introduction,"Francescotti, Robert",2007,https://philpapers.org/rec/FRAAMA-4,0.9224298000335693
direct_2d_historical_params,7,centroid,1,29908,Performance Investigation of Hydraulic Actuator Based Mass Lift System using MPC and LQR Controllers,"Jibril, Mustefa",2020,https://philpapers.org/rec/JIBPIO-3,0.9130284786224365
direct_2d_historical_params,7,centroid,2,29920,Speed Control of Ward Leonard Layout System using H infinity Optimal Control,"Jibril, Mustefa",2020,https://philpapers.org/rec/JIBSCO-3,0.9115447998046875
direct_2d_historical_params,7,centroid,3,29892,Modeling and Simulation of a Horizontally Moving Suspended Mass Pendulum Base using H infinity Optimal Loop Shaping Controller with First and Second Order Desired Loop Shaping Functions,"Jibril, Mustefa",2021,https://philpapers.org/rec/JIBMAS-4,0.910764753818512
direct_2d_historical_params,7,random,1,29913,Performance investigation of H∞ controller for quarter car semi-active suspension system using simulink,"Jibril, Mustefa",2020,https://philpapers.org/rec/JIBPIO,0.8669047355651855
direct_2d_historical_params,7,random,2,29867,Design and evaluation of solar parabolic trough collector system integrated with conventional oil boiler,"Jibril, Mustefa",2021,https://philpapers.org/rec/JIBDAE-2,0.8365136384963989
direct_2d_historical_params,8,centroid,1,33912,Sculpted Agency and the Messiness of the Landscape,"Kukla, Quill Rebecca",2021,https://philpapers.org/rec/KUKSAA,0.967246413230896
direct_2d_historical_params,8,centroid,2,45200,Games: Agency as Art,"Nguyen, C. Thi",2020,https://philpapers.org/rec/NGUGAA,0.9596846699714661
direct_2d_historical_params,8,centroid,3,22804,"Games: Agency as Art by C Thi Nguyen (Oxford University Press, 2020)","Gingerich, Jonathan",2023,https://philpapers.org/rec/GINGAA-2,0.9595298767089844
direct_2d_historical_params,8,random,1,45205,Games Unlike Life,"Nguyen, C. Thi",2023,https://philpapers.org/rec/NGUGUL,0.9489919543266296
direct_2d_historical_params,8,random,2,10377,Are you (relevantly) experienced? A moral argument for video games,"Cawston, Amanda",2022,https://philpapers.org/rec/CAWAYR,0.9286662936210632
direct_2d_historical_params,9,centroid,1,67746,Champions in the Age of COVID-19,"Wojtowicz, Jake",2021,https://philpapers.org/rec/WOJCIT-4,0.9654333591461182
direct_2d_historical_params,9,centroid,2,6531,"Football is ""the most important of the least important things"": The Illusion of Sport and COVID-19","Black, Jack",2021,https://philpapers.org/rec/BLAFIT,0.9612959623336792
direct_2d_historical_params,9,centroid,3,27630,Intensity and the Sublime: Paying Attention to Self and Environment in Nature Sports,"Howe, Leslie A.",2017,https://philpapers.org/rec/HOWIAT-3,0.9601323008537292
direct_2d_historical_params,9,random,1,27421,The Myth of Objectivity in Sports Reporting,"Hoque, Md Mahmudul",2014,https://philpapers.org/rec/HOQTMO,0.8618430495262146
direct_2d_historical_params,9,random,2,28502,Introduction,"Imbrišević, Miroslav",2023,https://philpapers.org/rec/IMBITQ,0.886850893497467
direct_2d_historical_params,10,centroid,1,15886,Editorial: Projected interiorities or the production of subjectivity through spatial and performative means,"Djalali, Amir",2022,https://philpapers.org/rec/DJAPIO,0.9593053460121155
direct_2d_historical_params,10,centroid,2,67648,The specifics of suburban architecture,"Winskowski, Piotr",2015,https://philpapers.org/rec/WINTSO-21,0.9581443071365356
direct_2d_historical_params,10,centroid,3,10948,"Ugliness in architecture in the Australian, American, British and Italian milieus: Subtopia between the 1950s and the 1970s","Charitonidou, Marianna",2022,https://philpapers.org/rec/CHAUIA,0.9558972716331482
direct_2d_historical_params,10,random,1,65192,Journey in the Outback,"Viguier, Allen Alain",2005,https://philpapers.org/rec/VIGJIT,0.9251571893692017
direct_2d_historical_params,10,random,2,3878,Function and Forethought in Design,"Bamford, Greg",2021,https://philpapers.org/rec/BAMFAF,0.857193648815155
direct_2d_historical_params,11,centroid,1,43748,The Disaster of the Impact Factor,"Moustafa, Khaled",2015,https://philpapers.org/rec/MOUTDO-2,0.9447169899940491
direct_2d_historical_params,11,centroid,2,13039,"Motivating and Maintaining Ethics, Equity, Effectiveness, Efficiency, and Expertise in Peer Review","Craig, Adam",2022,https://philpapers.org/rec/CRAMAM-4,0.9446173310279846
direct_2d_historical_params,11,centroid,3,43740,"Open Access, Open Business, Closed Fairness!","Moustafa, K.",2015,https://philpapers.org/rec/MOUOAO-2,0.9431180953979492
direct_2d_historical_params,11,random,1,38146,A cost or an investment? It all depends on how we want to define our future,"Mai, Nhat Chi",2022,https://philpapers.org/rec/MAIACO-2,0.8716813921928406
direct_2d_historical_params,11,random,2,45445,The prospect of artificial-intelligence supported ethics review,"Nickel, Philip J.",forthcoming,https://philpapers.org/rec/NICTPO-29,0.895895779132843
direct_2d_historical_params,12,centroid,1,37525,Scientific Realism,"Lyons, Timothy D.",2014,https://philpapers.org/rec/LYOSR,0.9736983180046082
direct_2d_historical_params,12,centroid,2,48569,Blindness in pursuit of science (A Companion to the Philosophy of Science Editor - W. H. Newton-Smith),"Percival, Ray Scott",2001,https://philpapers.org/rec/PERBIP-2,0.9713210463523865
direct_2d_historical_params,12,centroid,3,54407,Scientific Realism and the Rationality of Science,"Sankey, Howard",2008,https://philpapers.org/rec/SANSRA-4,0.9702686071395874
direct_2d_historical_params,12,random,1,3512,Three Dogmas on Scientific Theory,"Badino, Massimiliano",manuscript,https://philpapers.org/rec/BADTDO-7,0.9408465027809143
direct_2d_historical_params,12,random,2,39717,An Idea to Save the World,"Maxwell, Nicholas",2009,https://philpapers.org/rec/MAXAIT,0.9356402158737183
direct_2d_historical_params,13,centroid,1,57698,_Bioethics in Canada_,"Skelton, Anthony",2013,https://philpapers.org/rec/SKEBIC,0.9668156504631042
direct_2d_historical_params,13,centroid,2,57697,"_Bioethics in Canada_, second edition","Skelton, Anthony",2019,https://philpapers.org/rec/SKEBIC-2,0.9595293402671814
direct_2d_historical_params,13,centroid,3,24868,Habermas and the Question of Bioethics,"Haker, Hille",2019,https://philpapers.org/rec/HAKHAT-2,0.9489840269088745
direct_2d_historical_params,13,random,1,52573,Why Ectogestation is Unlikely to Transform the Abortion Debate: A discussion of 'Ectogestation and the Problem of Abortion',"Rodger, Daniel",2020,https://philpapers.org/rec/RODWEI,0.9000189900398254
direct_2d_historical_params,13,random,2,6162,"Human Reproductive Cloning: Science, Jewish Law and Metaphysics","Billauer, Barbara Pfeffer",forthcoming,https://philpapers.org/rec/BILHRC,0.8976001143455505
direct_2d_historical_params,14,centroid,1,43544,Toward an Ecological Bioethics,"Morar, Nicolae",2016,https://philpapers.org/rec/MORTAE-14,0.9526799321174622
direct_2d_historical_params,14,centroid,2,35826,Bioethics met its COVID‐19 Waterloo: The doctor knows best again,"Lewis, Jonathan",2020,https://philpapers.org/rec/LEWBMI,0.9504727125167847
direct_2d_historical_params,14,centroid,3,7928,The Medical Ethics of Miracle Max,"Brendan, Shea",2015,https://philpapers.org/rec/BRETME-3,0.9480018019676208
direct_2d_historical_params,14,random,1,42245,The Duty to Rescue and Randomized Controlled Trials Involving Serious Diseases,"Millum, Joseph",2018,https://philpapers.org/rec/MILTDT-4,0.9069106578826904
direct_2d_historical_params,14,random,2,17014,Clinical reasoning and generics,"Dutta, Rajeev",2024,https://philpapers.org/rec/DUTCRA-2,0.902990460395813
direct_2d_historical_params,15,centroid,1,7762,Pandemic Ethics: 8 Big Questions of COVID-19,"Bramble, Ben",2020,https://philpapers.org/rec/BRAPE-7,0.9484953880310059
direct_2d_historical_params,15,centroid,2,31574,Two Kinds of Vaccine Hesitancy,"Kelsall, Joshua",2024,https://philpapers.org/rec/KELTKO-3,0.9474191069602966
direct_2d_historical_params,15,centroid,3,15080,Values for a Post-Pandemic Future,"Dennis, Matthew J.",2022,https://philpapers.org/rec/DENVFA-3,0.9432498812675476
direct_2d_historical_params,15,random,1,44757,The Ethics of Vaccination Nudges in Pediatric Practice,"Navin, Mark C.",2017,https://philpapers.org/rec/NAVTEO-6,0.8520503640174866
direct_2d_historical_params,15,random,2,53814,COVID-19 Pandemic: New Challenges for Environmental Sustainability in Developing Countries,"Sadguru, Prakash",2021,https://philpapers.org/rec/SADCPN,0.8287439346313477
direct_2d_historical_params,16,centroid,1,19570,"Review of Bryan Norton, Sustainable Values, Sustainable Change","Fesmire, Steven",2016,https://philpapers.org/rec/FESROB,0.9659973978996277
direct_2d_historical_params,16,centroid,2,22058,The Philosophical Foundations of Ecological Civilization: A Manifesto for the Future,"Gare, Arran",2016,https://philpapers.org/rec/GARTPF-3,0.9610975384712219
direct_2d_historical_params,16,centroid,3,40560,"Book Review: Anthony O’Hear, ed., Philosophy and the Environment","Mcshane, Katie",2013,https://philpapers.org/rec/MCSAOE-2,0.9593936800956726
direct_2d_historical_params,16,random,1,26617,Population Engineering and the Fight against Climate Change,"Hickey, Colin",2016,https://philpapers.org/rec/HICPEA,0.872062623500824
direct_2d_historical_params,16,random,2,45164,Contradicting effects of subjective economic and cultural values on ocean protection willingness: preliminary evidence of 42 countries,"Nguyen, Quang-Loc",manuscript,https://philpapers.org/rec/NGUCEO,0.8746297955513
direct_2d_historical_params,17,centroid,1,39561,Philosophy for life and other dangerous situations,"Matchett, Nancy J.",2015,https://philpapers.org/rec/MATPFL,0.9564968347549438
direct_2d_historical_params,17,centroid,2,10394,"Commentary: Not in the drug, not in the brain: Causality in psychedelic experiences from an enactive perspective","Cea, Ignacio",2023,https://philpapers.org/rec/CEACNI,0.9559531807899475
direct_2d_historical_params,17,centroid,3,10835,Review of The Self,"Chattopadhyay, Subhasis",2020,https://philpapers.org/rec/CHAROT-32,0.9545375108718872
direct_2d_historical_params,17,random,1,3182,Defending the IASP Definition of Pain,"Aydede, Murat",2017,https://philpapers.org/rec/AYDDTI,0.8635088205337524
direct_2d_historical_params,17,random,2,30596,The Hiddenness of Psychological Symptom Amplification: Some Historical Observations,"Garson, Justin",2016,https://philpapers.org/rec/JUSTHO-2,0.9379320740699768
direct_2d_historical_params,18,centroid,1,60507,Leibniz Reinterpreted,"Strickland, Lloyd",2006,https://philpapers.org/rec/STRLR-3,0.9584004282951355
direct_2d_historical_params,18,centroid,2,3132,Religious Pluralism and its Discontents: Faith and the ‘Logic of Exclusion',"Axtell, Guy",2003,https://philpapers.org/rec/AXTRPA-3,0.957726240158081
direct_2d_historical_params,18,centroid,3,47332,THE BALD BOY AND THE MOST BEAUTIFUL GIRL IN THE WORLD,"Paksoy, H. B.",2003,https://philpapers.org/rec/PAKTBB,0.9564694166183472
direct_2d_historical_params,18,random,1,38813,"Embracing Paradox, Evolving Language: Expressing the Unity and Complexity of Integral Consciousness","Maroski, L. E.",2023,https://philpapers.org/rec/MAREPE-15,0.8826080560684204
direct_2d_historical_params,18,random,2,29373,"A Different Story - Seduction, Conquest, and Discovery","Janning, Finn",2005,https://philpapers.org/rec/JANADS-3,0.8664472103118896
direct_2d_historical_params,19,centroid,1,28626,Book Notice of Rosenberg & Arp (eds) Philosophy of Biology: An Anthology,"Ioannidis, Stavros",2011,https://philpapers.org/rec/IOABN,0.9662367105484009
direct_2d_historical_params,19,centroid,2,23406,"Symbiosis, History of","Gontier, Nathalie",2016,https://philpapers.org/rec/GONSHO-2,0.9637155532836914
direct_2d_historical_params,19,centroid,3,67163,Biological Individuals,"Wilson, Robert A.",2024,https://philpapers.org/rec/WILBI-2,0.9636107087135315
direct_2d_historical_params,19,random,1,5845,"The Structural Links Between Ecology, Evolution and Ethics: The Virtuous Epistemic Circle","Bergandi, Donato",2013,https://philpapers.org/rec/BERTSL,0.9178004264831543
direct_2d_historical_params,19,random,2,49406,The Evolution of Evolutionary Theory,"Pigliucci, Massimo",2009,https://philpapers.org/rec/PIGTEO-4,0.932663083076477
direct_2d_historical_params,20,centroid,1,11142,The Cosmic Void,"Chen, Eddy Keming",2021,https://philpapers.org/rec/CHETCV,0.9621425867080688
direct_2d_historical_params,20,centroid,2,13453,"The philosophical implications of the loophole-free violation of Bell’s inequality: Quantum entanglement, timelessness, triple-aspect monism, mathematical Platonism and scientific morality.","Côté, Gilbert B.",manuscript,https://philpapers.org/rec/CTTPI,0.9610768556594849
direct_2d_historical_params,20,centroid,3,5785,Privileged-Perspective Realism in the Quantum Multiverse,"Berenstain, Nora",2020,https://philpapers.org/rec/BERPRI-4,0.9567921161651611
direct_2d_historical_params,20,random,1,68179,What's Wrong with Zeno,"Wutke, Andrew",manuscript,https://philpapers.org/rec/WUTWWW-2,0.854339063167572
direct_2d_historical_params,20,random,2,34248,Effective Ontic Structural Realism,"Ladyman, James",forthcoming,https://philpapers.org/rec/LADEOS,0.9110772609710693
direct_2d_historical_params,21,centroid,1,20625,A New Look at Personal Identity,"Fox, Michael Allen",2007,https://philpapers.org/rec/FOXANL,0.9625293016433716
direct_2d_historical_params,21,centroid,2,7030,"Locke on Relations, Identity, Persons, and Personal Identity","Boeker, Ruth",forthcoming,https://philpapers.org/rec/BOELOR,0.955869197845459
direct_2d_historical_params,21,centroid,3,22128,Introduction: Personal Identity: Complex or Simple?,"Gasser, Georg",2012,https://philpapers.org/rec/GASIPI,0.9541816115379333
direct_2d_historical_params,21,random,1,6826,Subjective Theories of Personal Identity and Practical Concerns,"Bělohrad, Radim",2015,https://philpapers.org/rec/BLOSTO-4,0.9212338328361511
direct_2d_historical_params,21,random,2,7669,Conativism about personal identity,"Braddon-Mitchell, David",2020,https://philpapers.org/rec/BRACAP-11,0.9306138157844543
direct_2d_historical_params,22,centroid,1,55362,Reasonable Inferences for Counterfactuals,"Schultheis, Ginger",manuscript,https://philpapers.org/rec/SCHRIF-3,0.9699116945266724
direct_2d_historical_params,22,centroid,2,67377,New surprises for the Ramsey Test,"Willer, Malte",2010,https://philpapers.org/rec/WILNSF,0.9692923426628113
direct_2d_historical_params,22,centroid,3,57112,The Inextricable Link Between Conditionals and Logical Consequence,"Silva, Matheus",manuscript,https://philpapers.org/rec/SILTIL-3,0.9664285182952881
direct_2d_historical_params,22,random,1,7615,Strengthening Principles and Counterfactual Semantics,"Boylan, David",2017,https://philpapers.org/rec/BOYSPA,0.9280699491500854
direct_2d_historical_params,22,random,2,66365,Towards a new theory of historical counterfactuals,"Wawer, Jacek",2015,https://philpapers.org/rec/WAWTAN,0.9199742674827576
direct_2d_historical_params,23,centroid,1,43501,Shared Agency: A Planning Theory of Acting Together,"Morton, Adam",2015,https://philpapers.org/rec/MORSAA-8,0.9604369401931763
direct_2d_historical_params,23,centroid,2,50761,Why We Need a New Normativism about Collective Action,"Rachar, Matthew",2022,https://philpapers.org/rec/RACWWN,0.9569041132926941
direct_2d_historical_params,23,centroid,3,1589,Introduction,"Altner, Franz",2024,https://philpapers.org/rec/ALTIVO,0.952409565448761
direct_2d_historical_params,23,random,1,54925,"Collective inaction, omission, and non-action: when not acting is indeed on ‘us’","Schwenkenbecher, Anne",2022,https://philpapers.org/rec/SCHCIO-10,0.9193557500839233
direct_2d_historical_params,23,random,2,53097,Collective Responsibility and Entitlement to Collective Reasons for Action,"Roth, Abraham Sesshu",2020,https://philpapers.org/rec/ROTCRA,0.9371939301490784
direct_2d_historical_params,24,centroid,1,49493,Philosophy's New challenge: Experiments and Intentional Action,"Pinillos, N. Ángel",2011,https://philpapers.org/rec/PINPNC-3,0.9649761915206909
direct_2d_historical_params,24,centroid,2,21252,"Book Review of Alexander, Joshua. Experimental Philosophy: An Introduction","Frost, David J.",2012,https://philpapers.org/rec/FROAJE,0.9577608704566956
direct_2d_historical_params,24,centroid,3,63565,How to do better: toward normalizing experimentation in epistemology,"Turri, John",2016,https://philpapers.org/rec/TURHTD-2,0.9566323757171631
direct_2d_historical_params,24,random,1,63690,Virtue epistemology and abilism on knowledge,"Turri, John",2018,https://philpapers.org/rec/TURVEA,0.9316650032997131
direct_2d_historical_params,24,random,2,35861,Philosophy Within Its Proper Bounds by Édouard Machery,"Lewis, Jonathan",2018,https://philpapers.org/rec/LEWPWI,0.9140039086341858
direct_2d_historical_params,25,centroid,1,42090,Lotze and the Early Cambridge Analytic Philosophy,"Milkov, Nikolay",2000,https://philpapers.org/rec/MILLAT-4,0.9746150374412537
direct_2d_historical_params,25,centroid,2,29399,Editors' Introduction,"Janssen-Lauret, Frederique",2014,https://philpapers.org/rec/JANEI,0.9732730984687805
direct_2d_historical_params,25,centroid,3,31176,Grace de Laguna’s 1909 Critique of Analytic Philosophy: Presentation and Defence,"Katzav, Joel",2023,https://philpapers.org/rec/KATGDL-2,0.9722459316253662
direct_2d_historical_params,25,random,1,57246,Rules and Self-Citation,"Simchen, Ori",2023,https://philpapers.org/rec/SIMRAS-2,0.927802562713623
direct_2d_historical_params,25,random,2,26342,"“Putnam, James, and ‘Absolute’ Truth”","Henry, Jackman",2021,https://philpapers.org/rec/HENPJA-2,0.9400245547294617
direct_2d_historical_params,26,centroid,1,56209,China Confronts Kant When University Students Experience the Angst of Freedom,"Shaw, Robert Keith",2016,https://philpapers.org/rec/SHACCK,0.9527302384376526
direct_2d_historical_params,26,centroid,2,13757,Rousseau’s lawgiver as teacher of peoples: Investigating the educational preconditions of the social contract,"Dahlbeck, Johan",2024,https://philpapers.org/rec/DAHRLA,0.9504596590995789
direct_2d_historical_params,26,centroid,3,47809,The Paralysis of Traditional Schools and the Future of Education,"Pariñas, Noel",2020,https://philpapers.org/rec/PARTPO-92,0.9499655961990356
direct_2d_historical_params,26,random,1,65622,Sociology’s Rhythms: Temporal Dimensions of Knowledge Production,"Vostal, Filip",2013,https://philpapers.org/rec/VOSSRT,0.8573212623596191
direct_2d_historical_params,26,random,2,36040,Language and Reality,"Lievers, Menno",2021,https://philpapers.org/rec/LIELAR-2,0.9147104024887085
direct_2d_historical_params,27,centroid,1,17805,"Persistence, composition, and identity","Effingham, Nikk",2009,https://philpapers.org/rec/EFFPCA,0.9654467105865479
direct_2d_historical_params,27,centroid,2,17804,"Composition, Persistence, and Identity","Effingham, Nikk",2009,https://philpapers.org/rec/EFFPAI,0.9654467105865479
direct_2d_historical_params,27,centroid,3,22774,"Sider, the inheritance of intrinsicality, and theories of composition","Gilmore, Cody",2010,https://philpapers.org/rec/GILSTI-2,0.9618831276893616
direct_2d_historical_params,27,random,1,22774,"Sider, the inheritance of intrinsicality, and theories of composition","Gilmore, Cody",2010,https://philpapers.org/rec/GILSTI-2,0.9618831276893616
direct_2d_historical_params,27,random,2,36073,Nihilism without Self-Contradiction,"Liggins, David",2008,https://philpapers.org/rec/LIGNWS,0.930354118347168
direct_2d_historical_params,28,centroid,1,42688,Philosophy of AI: A structured overview,"Müller, Vincent C.",2024,https://philpapers.org/rec/MLLPOA,0.9507962465286255
direct_2d_historical_params,28,centroid,2,53757,Why Machines Will Never Rule the World: Artificial Intelligence without Fear by Jobst Landgrebe & Barry Smith (Book review),"Saba, Walid S.",2022,https://philpapers.org/rec/SABMWN,0.9502217769622803
direct_2d_historical_params,28,centroid,3,34706,Why Machines Will Never Rule the World: Artificial Intelligence without Fear,"Landgrebe, Jobst",2022,https://philpapers.org/rec/LANWMW-2,0.9493353366851807
direct_2d_historical_params,28,random,1,16654,Philosophy of Social Science in a nutshell: from discourse to model and experiment,"Dubois, Michel",2007,https://philpapers.org/rec/DUBPOS,0.8702608346939087
direct_2d_historical_params,28,random,2,49621,Anthropomorphism in AI: Hype and Fallacy,"Placani, Adriana",2024,https://philpapers.org/rec/PLAAIA-4,0.9371266961097717
direct_2d_historical_params,29,centroid,1,20108,A united framework of five principles for AI in society,"Floridi, Luciano",2019,https://philpapers.org/rec/FLOAUF,0.959892749786377
direct_2d_historical_params,29,centroid,2,13793,Deontology and Safe Artificial Intelligence,"D’Alessandro, William",forthcoming,https://philpapers.org/rec/DALDAS,0.9476248025894165
direct_2d_historical_params,29,centroid,3,42645,Editorial: Risks of artificial intelligence,"Müller, Vincent C.",2015,https://philpapers.org/rec/MLLERO-2,0.9474371671676636
direct_2d_historical_params,29,random,1,56533,"Consciousness, Machines, and Moral Status","Shevlin, Henry",manuscript,https://philpapers.org/rec/SHECMA-6,0.9206090569496155
direct_2d_historical_params,29,random,2,12931,"A definition, benchmark and database of AI for social good initiatives","Cowls, Josh",2021,https://philpapers.org/rec/COWADB,0.8748199343681335
direct_2d_historical_params,30,centroid,1,28599,Reflections on Metaphysical Explanation,"Ingthorsson, Rognvaldur",2019,https://philpapers.org/rec/INGROM-2,0.9644683599472046
direct_2d_historical_params,30,centroid,2,21619,_A Variety of Causes_,"Gallow, J. Dmitri",2022,https://philpapers.org/rec/GALROP-4,0.9621750116348267
direct_2d_historical_params,30,centroid,3,5602,A Closer Look at Trumping,"Bernstein, Sara",2015,https://philpapers.org/rec/BERACL-2,0.961268961429596
direct_2d_historical_params,30,random,1,37295,An alternative to the traditional model? Laudan on disagreement and consensus in science,"Lugg, Andrew",1986,https://philpapers.org/rec/LUGAAT,0.8913388252258301
direct_2d_historical_params,30,random,2,40346,Lange on Minimal Model Explanations: A Defense of Batterman and Rice,"McKenna, Travis",2021,https://philpapers.org/rec/MCKLOM,0.8962903022766113
direct_2d_historical_params,31,centroid,1,50966,"Understanding How Experience ""seems""","Raleigh, Thomas",2009,https://philpapers.org/rec/RALUHE,0.9691554307937622
direct_2d_historical_params,31,centroid,2,51636,The Disunity of Perception: An Introduction,"Reiland, Indrek",2015,https://philpapers.org/rec/REITDO-14,0.9682722687721252
direct_2d_historical_params,31,centroid,3,23903,Hill on perceptual relativity and perceptual error,"Green, E. J.",2024,https://philpapers.org/rec/GREHOP-2,0.9669811129570007
direct_2d_historical_params,31,random,1,49609,The Paraphenomenal Hypothesis,"Pitt, David",2017,https://philpapers.org/rec/PITTPH-2,0.9361505508422852
direct_2d_historical_params,31,random,2,51703,Attention and Perception,"Rensink, Ronald A.",2015,https://philpapers.org/rec/RENAAP-2,0.914301335811615
direct_2d_historical_params,32,centroid,1,45951,Job Satisfaction and Dissatisfaction as Outcomes of Psychological Contract: Evidence from the South African Workplace,"Ntimba, David Isaac",manuscript,https://philpapers.org/rec/NTIJSA,0.9396249055862427
direct_2d_historical_params,32,centroid,2,27270,The Dark Side of Human Resource Management: The Story behind the Story,"Holden, Nigel",manuscript,https://philpapers.org/rec/HOLTDS-6,0.9329690933227539
direct_2d_historical_params,32,centroid,3,43924,Contextualizing Individual Competencies for Managing the Corporate Social Responsibility Adaptation Process: The Apparent Influence of the Business Case Logic,"Mulder, Martin",2019,https://philpapers.org/rec/MULCIC,0.9324557185173035
direct_2d_historical_params,32,random,1,31675,A critique of compliance : towards implementing a critical self-reflective perspective,"Keyser, Jean",manuscript,https://philpapers.org/rec/KEYACO-4,0.8552103638648987
direct_2d_historical_params,32,random,2,21099,Expanding the Motivations for Altruism: A Philosophical Perspective,"Friedland, Julian",2013,https://philpapers.org/rec/FRIETM,0.9011120796203613
direct_2d_historical_params,33,centroid,1,9601,"Not Just A Tool: Why Social-Media Use Is Bad and Bad For Us, and The Duty to Quit","Campbell, Douglas R.",2024,https://philpapers.org/rec/CAMNJA,0.9466903805732727
direct_2d_historical_params,33,centroid,2,20259,"The information society and its philosophy: introduction to the special issue on the philosophy o information, its nature, and future developments","Floridi, Luciano",2009,https://philpapers.org/rec/FLOTIS,0.94300377368927
direct_2d_historical_params,33,centroid,3,1618,Why We Need To Take A Socialist Approach In Regards To Information,"Altmann, John",manuscript,https://philpapers.org/rec/ALTWWN,0.9408247470855713
direct_2d_historical_params,33,random,1,44017,To Believe or not to Believe - That is not the (Only) Question: the Hybrid View of Privacy,"Munch, Lauritz",2023,https://philpapers.org/rec/MUNTBO,0.8728605508804321
direct_2d_historical_params,33,random,2,8717,What to Do When Privacy Is Gone,"Brusseau, James",2019,https://philpapers.org/rec/BRUWTD-3,0.9284079074859619
direct_2d_historical_params,34,centroid,1,53688,Stop re-inventing the wheel: or how ELSA and RRI can align,"Ryan, Mark",2023,https://philpapers.org/rec/RYASRT-2,0.9428905844688416
direct_2d_historical_params,34,centroid,2,29390,Doing Business with Deleuze?,"Janning, Finn",2015,https://philpapers.org/rec/JANDBW,0.9424283504486084
direct_2d_historical_params,34,centroid,3,6800,Putting Responsible Research and Innovation into Practice: A Multi-Stakeholder Approach,"Blok, Vincent",2022,https://philpapers.org/rec/BLOPRR-2,0.9414181709289551
direct_2d_historical_params,34,random,1,6779,"Lessons for responsible innovation in the business context: a systematic review of responsible-, social- and sustainable innovation practices","Blok, Vincent",2017,https://philpapers.org/rec/BLOLFR,0.9291786551475525
direct_2d_historical_params,34,random,2,40806,Work and the Need for Meaning: Comments on ‘Should humans work?’,"Meinertsen, Bo R.",2021,https://philpapers.org/rec/MEIWAT-3,0.851392924785614
direct_2d_historical_params,35,centroid,1,2280,"Technological Re-Enchantment: Transhumanism, Techno-Religion, and Post-Secular Transcendence","Antosca, Albert R.",2019,https://philpapers.org/rec/ANTTRT,0.9550458788871765
direct_2d_historical_params,35,centroid,2,13382,An Ethical Appraisal of Posthumanism,"Cruz, Wyrlo Dela",2018,https://philpapers.org/rec/CRUAEA,0.953552782535553
direct_2d_historical_params,35,centroid,3,63898,Technology Ethics: Responsible Innovation and Design Strategies,"Umbrello, Steven",2024,https://philpapers.org/rec/UMBTER,0.9530988335609436
direct_2d_historical_params,35,random,1,31920,Technology and Nature - A Defence and Critique of Marcuse,"Kidd, Michael",2016,https://philpapers.org/rec/KIDTAN,0.9442481994628906
direct_2d_historical_params,35,random,2,45436,Trust in technological systems,"Nickel, Philip J.",2013,https://philpapers.org/rec/NICTIT,0.8953505754470825
direct_2d_historical_params,36,centroid,1,24707,Seeing One Another Anew with Godfrey Reggio's Visitors,"Guter, Eran",2023,https://philpapers.org/rec/GUTSOA,0.9649847149848938
direct_2d_historical_params,36,centroid,2,55155,"Ideology, Socratic elenchus, and Inglourious Basterds","Schnee, Ian",2013,https://philpapers.org/rec/SCHISE-3,0.9630527496337891
direct_2d_historical_params,36,centroid,3,23683,"American History X, Cinematic Manipulation, and Moral Conversion","Grau, Christopher",2010,https://philpapers.org/rec/GRAAHX,0.9609891176223755
direct_2d_historical_params,36,random,1,12393,Carroll on the Emotion of Horror,"Contesi, Filippo",2020,https://philpapers.org/rec/CONCOT-10,0.9412119388580322
direct_2d_historical_params,36,random,2,38522,Introduction to the Special Issue on Caste and Cinema,"Mandal, Arijeet",2022,https://philpapers.org/rec/MANITT-6,0.9169564843177795
direct_2d_historical_params,37,centroid,1,15014,"Attuned, Transcendent & Transfigured: Nietzsche's Aesthetic Psychology","Denham, A. E.",2014,https://philpapers.org/rec/DENAT,0.9753244519233704
direct_2d_historical_params,37,centroid,2,12492,Peter Lamarque,"Contesi, Filippo",2012,https://philpapers.org/rec/CONPL-2,0.9724298119544983
direct_2d_historical_params,37,centroid,3,45259,"Review of Jennifer Lena's ""Entitled: Discriminating Tastes and the Expansion of the Arts""","Nguyen, C. Thi",2020,https://philpapers.org/rec/NGUROJ,0.9707669615745544
direct_2d_historical_params,37,random,1,36526,"Explicating ""Creativity""","Livingston, Paisley",2018,https://philpapers.org/rec/LIVEQ,0.8848390579223633
direct_2d_historical_params,37,random,2,31423,Notes on the Artistic Ego,"Keeney, Gavin",manuscript,https://philpapers.org/rec/KEENOT-2,0.9262615442276001
direct_2d_historical_params,38,centroid,1,41425,Book Review of Meaning in Life: An Analytic Study,"Meseroll, Sean",2017,https://philpapers.org/rec/MESMIL,0.967199444770813
direct_2d_historical_params,38,centroid,2,41582,The Meaning of Life (Second Revised Edition),"Metz, Thaddeus",2021,https://philpapers.org/rec/METTMO-19,0.9665485620498657
direct_2d_historical_params,38,centroid,3,7986,"Death, Immortality, and Meaning in Life. By John Martin Fischer. Oxford: Oxford University Press, 2020. 216 pages. $29.99. (Paperback)","Brissey, Patrick",2021,https://philpapers.org/rec/BRIDIA-2,0.9664314389228821
direct_2d_historical_params,38,random,1,3548,Loving Someone in Particular,"Bagley, Benjamin",2015,https://philpapers.org/rec/BAGLSI-2,0.9442164301872253
direct_2d_historical_params,38,random,2,31326,"Peter Heinegg, ed., Mortalism: Readings on the Meaning of Life","Kawall, J.",2004,https://philpapers.org/rec/KAWPHE,0.9644977450370789
direct_2d_historical_params,39,centroid,1,5748,"Naturalism and the First-Person Perspective, by Lynne Rudder Baker","Berger, Jacob",2015,https://philpapers.org/rec/BERNAT-7,0.963860809803009
direct_2d_historical_params,39,centroid,2,10752,Philosophy of Mind: Classical and Contemporary Readings (second edition),"Chalmers, David J.",2022,https://philpapers.org/rec/CHAPOM-11,0.9638510346412659
direct_2d_historical_params,39,centroid,3,13033,Introduction,"Crane, Tim",2009,https://philpapers.org/rec/CRAITS,0.9624319672584534
direct_2d_historical_params,39,random,1,48949,Some Notes about Logic,"Pettinelli, Mark",manuscript,https://philpapers.org/rec/PETSNA-2,0.9034625291824341
direct_2d_historical_params,39,random,2,29462,The Hard Problem of Consciousness from a Bio-Psychological Perspective,"Jansen, Franz Klaus",2017,https://philpapers.org/rec/JANTHP-3,0.9124091863632202
direct_2d_historical_params,40,centroid,1,60961,Extended and constructive remembering: two notes on Martin and Deutscher,"Sutton, John",2009,https://philpapers.org/rec/SUTEAC,0.9723456501960754
direct_2d_historical_params,40,centroid,2,19460,Memory: A Self-Referential Account,"Fernández, Jordi",2019,https://philpapers.org/rec/FERMAS-6,0.9683102369308472
direct_2d_historical_params,40,centroid,3,41737,Is external memory memory? Biological memory and extended mind,"Michaelian, Kourken",2012,https://philpapers.org/rec/MICIEM,0.9677111506462097
direct_2d_historical_params,40,random,1,26117,Extended mind and artifactual autobiographical memory,"Heersmink, Richard",2020,https://philpapers.org/rec/HEEEMA-2,0.911657452583313
direct_2d_historical_params,40,random,2,8396,Ockham on Memory and the Metaphysics of Human Persons,"Brower Toland, Susan",2023,https://philpapers.org/rec/BROOOM-3,0.9449861645698547
direct_2d_historical_params,41,centroid,1,14977,"Review of Christine Tappolet, Emotions, Values and Agency (Oxford University Press, 2016)","De Mesel, Benjamin",2017,https://philpapers.org/rec/DEMROC,0.9742937684059143
direct_2d_historical_params,41,centroid,2,50026,Arguments from the Priority of Feeling in Contemporary Emotion Theory and Max Scheler’s Phenomenology,"Potter, Joel M.",2012,https://philpapers.org/rec/POTAFT,0.9730861783027649
direct_2d_historical_params,41,centroid,3,62061,Emotions: Philosophical Issues About,"Deonna, Julien",2015,https://philpapers.org/rec/TEREPI,0.9711565375328064
direct_2d_historical_params,41,random,1,42446,Affective Persistence and the Normative Phenomenology of Emotion,"Mitchell, Jonathan",2022,https://philpapers.org/rec/MITAPA-8,0.942815899848938
direct_2d_historical_params,41,random,2,11960,Précis: The Emotional Mind: A Control Theory of Affective States,"Cochrane, Tom",2024,https://philpapers.org/rec/COCPOT,0.9452932476997375
direct_2d_historical_params,42,centroid,1,19021,Do Fitting Emotions Tell Us Anything About Well-Being?,"Fanciullo, James",2020,https://philpapers.org/rec/FANDFE,0.9508776068687439
direct_2d_historical_params,42,centroid,2,29433,Philosophy of Happiness: A Basic Primer,"Janello, Martin",2021,https://philpapers.org/rec/JANPOH-4,0.9480684995651245
direct_2d_historical_params,42,centroid,3,67931,Devotion and Well-Being: A Platonic Personalist Perfectionist Account,"Woodward, Philip",2024,https://philpapers.org/rec/WOODAW-2,0.9468765258789062
direct_2d_historical_params,42,random,1,31239,Empathy as the Moral Sense?,"Kauppinen, Antti",2017,https://philpapers.org/rec/KAUEAT-5,0.8893452286720276
direct_2d_historical_params,42,random,2,37865,Unreasonable Resentments,"MacLachlan, Alice",2010,https://philpapers.org/rec/MACUR,0.9128096699714661
direct_2d_historical_params,43,centroid,1,23533,Incarnation,"Gorman, Michael",2011,https://philpapers.org/rec/GORI-4,0.9711291193962097
direct_2d_historical_params,43,centroid,2,54983,Discernment of Good and Evil in Dostoevsky’s Novels: The Madman and the Saint,"Schneider, Christoph",2020,https://philpapers.org/rec/SCHDOG-11,0.9676096439361572
direct_2d_historical_params,43,centroid,3,48860,Fides et Ratio in the Renaissance,"Petrescu, Lucian",2012,https://philpapers.org/rec/PETFER-2,0.9673475623130798
direct_2d_historical_params,43,random,1,14097,CLAUDE LÉVI-STRAUSS AND THE MYTH ANAMORPHOSES,"da Silva, Gustavo Ruiz",2021,https://philpapers.org/rec/DASCLA,0.9163426756858826
direct_2d_historical_params,43,random,2,25110,Cum repeto noctem: Citations of Exile in Goethe's Italienische Reise,"Hamilton, John",2020,https://philpapers.org/rec/HAMCRN,0.9074269533157349
direct_2d_historical_params,44,centroid,1,53995,Fictionalism,"Salis, Fiora",2015,https://philpapers.org/rec/SALF-4,0.9722291231155396
direct_2d_historical_params,44,centroid,2,21226,The Real Foundation of Fictional Worlds,"Friend, Stacie",2017,https://philpapers.org/rec/FRITRF,0.9714660048484802
direct_2d_historical_params,44,centroid,3,53996,Fictional Entities,"Salis, Fiora",2013,https://philpapers.org/rec/SALFE,0.9684253334999084
direct_2d_historical_params,44,random,1,36093,Truth in Fiction,"Lihoreau, Franck",2010,https://philpapers.org/rec/LIHTIF,0.9467471241950989
direct_2d_historical_params,44,random,2,33268,Tractatus Politico-Philosophicus: New Directions for the Future Development of Humankind,"Korab-Karpowicz, W. Julian",2017,https://philpapers.org/rec/KORTPN-2,0.8609662055969238
direct_2d_historical_params,45,centroid,1,32134,The Locality and Globality of Instrumental Rationality: The normative significance of preference reversals,"Kim, Brian",2014,https://philpapers.org/rec/KIMTLA-2,0.96214759349823
direct_2d_historical_params,45,centroid,2,4437,Taking Stock of Infinite Value: Pascal’s Wager and Relative Utilities,"Bartha, Paul",2007,https://philpapers.org/rec/BARTSO-61,0.9599151015281677
direct_2d_historical_params,45,centroid,3,23974,Rationality and Success,"Greene, Preston",2013,https://philpapers.org/rec/GRERAS-8,0.9591118693351746
direct_2d_historical_params,45,random,1,8819,Risk and Tradeoffs,"Buchak, Lara",2014,https://philpapers.org/rec/BUCRAT,0.9228156805038452
direct_2d_historical_params,45,random,2,49898,"Acts, Attitudes, and Rational Control","Portmore, Douglas W.",manuscript,https://philpapers.org/rec/PORAAA-5,0.9130880832672119
direct_2d_historical_params,46,centroid,1,44788,A Counterexample to Parfit's Rule Consequentialism,"Nebel, Jacob",2012,https://philpapers.org/rec/NEBACT,0.9751311540603638
direct_2d_historical_params,46,centroid,2,46053,Non-Consequentialism Demystified,"Ku, John",2015,https://philpapers.org/rec/NYEND,0.9719486832618713
direct_2d_historical_params,46,centroid,3,10669,Knowing What Matters,"Chappell, Richard Yetter",2017,https://philpapers.org/rec/CHAKWM,0.9716453552246094
direct_2d_historical_params,46,random,1,23194,Malicious pleasure evaluated: Is pleasure an unconditional good?,"Goldstein, Irwin",2003,https://philpapers.org/rec/GOLMPE,0.8817529082298279
direct_2d_historical_params,46,random,2,56562,Hypocrisy as Two-Faced,"Shea, Margaret",forthcoming,https://philpapers.org/rec/SHEHAT-12,0.9489731192588806
direct_2d_historical_params,47,centroid,1,569,"No Unity, No Problem: Madhyamaka Metaphysical Indefinitism","Aitken, Allison",2021,https://philpapers.org/rec/AITNUN,0.9657359719276428
direct_2d_historical_params,47,centroid,2,61467,"A Paleo-Criticism of Modes of Being: Brentano and Marty against Bolzano, Husserl, and Meinong","Taieb, Hamid",2020,https://philpapers.org/rec/TAIAPO,0.9611936211585999
direct_2d_historical_params,47,centroid,3,43432,"Ontological priority, fundamentality and monism","Morganti, Matteo",2009,https://philpapers.org/rec/MOROPF,0.9599186778068542
direct_2d_historical_params,47,random,1,26768,The Ideology of Pragmatic Humeanism,"Hildebrand, Tyler",forthcoming,https://philpapers.org/rec/HILTIO-14,0.9100191593170166
direct_2d_historical_params,47,random,2,57238,Ontological Pluralism and the Generic Conception of Being,"Simmons, Byron",2022,https://philpapers.org/rec/SIMOPA-2,0.9263461828231812
direct_2d_historical_params,48,centroid,1,61261,"Matthew Hale, Of the Law of Nature","Sytsma, David S.",2015,https://philpapers.org/rec/SYTMHO,0.9576578140258789
direct_2d_historical_params,48,centroid,2,2194,"Review of Mark White, The Manipulation of Choice: Ethics and Libertarian Paternalism","Anomaly, Jonny",2013,https://philpapers.org/rec/ANOROM-2,0.9573906660079956
direct_2d_historical_params,48,centroid,3,13193,"R Calderón Cuadrado, Armonía de interéses y modernidad. Radicales del pensamiento económico","Cremaschi, Sergio Volodia Marcello",1999,https://philpapers.org/rec/CRERCC,0.9563539624214172
direct_2d_historical_params,48,random,1,8555,Why economics needs ethical theory,"Broome, John",2008,https://philpapers.org/rec/BROWEN,0.9144130349159241
direct_2d_historical_params,48,random,2,65303,"Hayek, Scepticism, and Democracy: A Wittgensteinian Critique","Vinten, Robert",2021,https://philpapers.org/rec/VINHSA,0.9509704113006592
direct_2d_historical_params,49,centroid,1,28055,Hannah Arendt and the Negro Question,"Hunt, Grace",2014,https://philpapers.org/rec/HUNHAA,0.9611678719520569
direct_2d_historical_params,49,centroid,2,6930,Reflections on Charles Mills,"Blum, Larry",2022,https://philpapers.org/rec/BLUROC,0.9556002616882324
direct_2d_historical_params,49,centroid,3,21626,The Foundations of a Mexican Humanism in Emilio Uranga's Análisis del ser del Mexicano,"Gallegos-Ordorica, Sergio A.",2020,https://philpapers.org/rec/GALTFO-13,0.9549480080604553
direct_2d_historical_params,49,random,1,4578,Philosophy Disturbed: reflections on moving between field and philosophy,"Bastian, Michelle",2018,https://philpapers.org/rec/BASPDR,0.94795161485672
direct_2d_historical_params,49,random,2,22270,From intersectionality to interference: Feminist onto-epistemological reflections on the politics of representation,"Geerts, Evelien",2013,https://philpapers.org/rec/GEEFIT,0.9468116164207458
direct_2d_historical_params,50,centroid,1,49109,"Fichte on Sex, Marriage, and Gender","Phillips, Rory Lawrence",2023,https://philpapers.org/rec/PHIFOS,0.9645072221755981
direct_2d_historical_params,50,centroid,2,3159,Philosophy and the Non-Native Speaker Condition,"Ayala-López, Saray",2015,https://philpapers.org/rec/AYAPAT,0.9636044502258301
direct_2d_historical_params,50,centroid,3,1276,Gender Reality,"Allen, Sr Mary Prudence",2014,https://philpapers.org/rec/ALLGR,0.962419867515564
direct_2d_historical_params,50,random,1,66668,What Do We Want? To Eliminate Gender! When Do We Want It? Later!,"Weltman, Daniel",forthcoming,https://philpapers.org/rec/WELWDW-7,0.9222084879875183
direct_2d_historical_params,50,random,2,37569,The Dilemma of Toxic Masculinity in Eastern and Western Societies; With Reference to the Novel “Men in Prison”,"Mabrouk, Dalia",2020,https://philpapers.org/rec/MABTDO-3,0.9258268475532532
direct_2d_historical_params,51,centroid,1,16148,Can the Knowledge Norm Co‐Opt the Opt Out?,"Dorst, Kevin",2014,https://philpapers.org/rec/DORCTK,0.9607042074203491
direct_2d_historical_params,51,centroid,2,63595,Knowledge judgments in “Gettier” cases,"Turri, John",2016,https://philpapers.org/rec/TURKJI,0.9601990580558777
direct_2d_historical_params,51,centroid,3,63587,Knowledge and Skepticism,"Turri, John",2011,https://philpapers.org/rec/TURKAS-2,0.956923246383667
direct_2d_historical_params,51,random,1,16002,Interpretive Charity and Content Externalism,"Dohrn, Daniel",manuscript,https://philpapers.org/rec/DOHICA,0.9357350468635559
direct_2d_historical_params,51,random,2,15416,Aquinas’s Virtues of Acknowledged Dependence,"DeYoung, Rebecca Konyndyk",2004,https://philpapers.org/rec/DEYAVO,0.8772225379943848
direct_2d_historical_params,52,centroid,1,50764,Advocacy and Genuine Autonomy: The Lawyer's Role When the Client Has a Right to Do Wrong,"Radzik, Linda",1999,https://philpapers.org/rec/RADAAG,0.9668282270431519
direct_2d_historical_params,52,centroid,2,50928,"M. H. Kramer, C. Grant, B. Colburn, and A. Hatzistavrou, eds. _The Legacy of H. L. A. Hart: Legal, Political, and Moral Philosophy_.","Ralston, Shane",2010,https://philpapers.org/rec/RALMHK,0.9668054580688477
direct_2d_historical_params,52,centroid,3,44047,"The Right to Do Wrong: Morality and the Limits of Law, by Mark Osiel (Cambridge: Harvard University Press), 2019","Muñoz, Daniel",2023,https://philpapers.org/rec/MUOTRT-2,0.9651192426681519
direct_2d_historical_params,52,random,1,36137,An Incomplete Inclusion of Non-cooperators into a Rawlsian Theory of Justice,"Lim, Chong-Ming",2016,https://philpapers.org/rec/LIMAII,0.9102321863174438
direct_2d_historical_params,52,random,2,5257,Prison Violence _as_ Punishment,"Bell, William L.",forthcoming,https://philpapers.org/rec/BELPVT,0.8816600441932678
direct_2d_historical_params,53,centroid,1,68821,Hilbert's program then and now,"Zach, Richard",2002,https://philpapers.org/rec/ZACHPT,0.9694609045982361
direct_2d_historical_params,53,centroid,2,43070,"Riemann, Metatheory, and Proof, Rev.3","Monterey, Michael Lucas",manuscript,https://philpapers.org/rec/MONRMA-5,0.9686406254768372
direct_2d_historical_params,53,centroid,3,43069,"Riemann, Metatheory, and Proof, Rev.3","Monterey, Michael Lucas",manuscript,https://philpapers.org/rec/MONRMA-4,0.9686406254768372
direct_2d_historical_params,53,random,1,31670,Truth and provability again,"Ketland, Jeffrey",manuscript,https://philpapers.org/rec/KETTAP,0.8961921334266663
direct_2d_historical_params,53,random,2,109,"Evidence, Proofs, and Derivations","Aberdein, Andrew",2019,https://philpapers.org/rec/ABEEPA,0.9054473638534546
direct_2d_historical_params,54,centroid,1,59916,Nietzsche’s Philosophy of Mathematics,"Steinhart, Eric",1999,https://philpapers.org/rec/STENPO-7,0.9674458503723145
direct_2d_historical_params,54,centroid,2,66627,“In Nature as in Geometry”: Du Châtelet and the Post-Newtonian Debate on the Physical Significance of Mathematical Objects,"Wells, Aaron",2023,https://philpapers.org/rec/WELINA-2,0.9661147594451904
direct_2d_historical_params,54,centroid,3,32535,Introduction to G.E. Moore's Unpublished Review of _The Principles of Mathematics_,"Klement, Kevin C.",2019,https://philpapers.org/rec/KLEITG,0.965370774269104
direct_2d_historical_params,54,random,1,48517,What the Tortoise Said to Achilles: Lewis Carroll’s paradox in terms of Hilbert arithmetic,"Penchev, Vasil",2021,https://philpapers.org/rec/PENWTT,0.9296074509620667
direct_2d_historical_params,54,random,2,68435,"Mathematical Representation and Explanation: structuralism, the similarity account, and the hotchpotch picture","Yang, Ziren",2020,https://philpapers.org/rec/YANMRA,0.9372807741165161
direct_2d_historical_params,55,centroid,1,20326,"Confusion of Tongues: A Theory of Normative Language, by Stephen Finlay","Fogal, Daniel",2016,https://philpapers.org/rec/FOGCOT,0.965453565120697
direct_2d_historical_params,55,centroid,2,54476,What Is Meaning? By Scott Soames. Soochow University Lectures in Philosophy,"Sandler, Sergeiy",2012,https://philpapers.org/rec/SANWIM-2,0.9629859328269958
direct_2d_historical_params,55,centroid,3,33873,Literal Meaning & Cognitive Content,"Kuczynski, John-Michael",2015,https://philpapers.org/rec/KUCLM,0.9617536067962646
direct_2d_historical_params,55,random,1,21187,"Review of Approaches to Wittgenstein: Collected Papers, by Brian McGuinness and Wittgenstein, Rules and Institutions, by David Bloor","Friedland, Julian",2004,https://philpapers.org/rec/FRIROA-7,0.9087890982627869
direct_2d_historical_params,55,random,2,57774,Critical Notice of 'On Reference' by Andrea Bianchi (ed.),"Skiba, Lukas",2018,https://philpapers.org/rec/SKIOR-2,0.9430457949638367
direct_2d_historical_params,56,centroid,1,10936,The Refutation of Saussure’s Signification Theory as a Foundation for Interreligious Dialogue,"Chattopadhyay, Subhasis",2021,https://philpapers.org/rec/CHATRO-59,0.9590192437171936
direct_2d_historical_params,56,centroid,2,60588,"The Limits of Silence: Descartes, Heidegger, and Wittgenstein on Philosophy and Ordinary Language","Strand, Narve",2005,https://philpapers.org/rec/STRTLO-7,0.9569560885429382
direct_2d_historical_params,56,centroid,3,50063,"Vygotsky’s Janus-Faced Theory of Language: A Reply to Drain’s ‘Tomasello, Vygotsky, and the Phylogenesis of Mind’","Potapov, K.",2021,https://philpapers.org/rec/POTVJT,0.9525332450866699
direct_2d_historical_params,56,random,1,48520,Works on Giambattista Vico in English from 1710 to 2024,"Peone, Dustin",2024,https://philpapers.org/rec/PEOWOG,0.8810290694236755
direct_2d_historical_params,56,random,2,27713,Multilingualism and sameness versus otherness in a semiotic context,"Hoxha, Bujar",2018,https://philpapers.org/rec/HOXMAS,0.9119932651519775
direct_2d_historical_params,57,centroid,1,34808,Enkrasia or evidentialism? Learning to love mismatch,"Lasonen-Aarnio, Maria",2020,https://philpapers.org/rec/LASEOE,0.9761526584625244
direct_2d_historical_params,57,centroid,2,59409,"Reasons Fundamentalism and Rational Uncertainty – Comments on Lord, The Importance of Being Rational","Staffel, Julia",2020,https://philpapers.org/rec/STARFA-3,0.9724282622337341
direct_2d_historical_params,57,centroid,3,63670,The non-factive turn in epistemology: some hypotheses,"Turri, John",2017,https://philpapers.org/rec/TURTNT,0.9705392718315125
direct_2d_historical_params,57,random,1,13879,What is the Cartesian Circle? Can Descartes be successfully defended against the charge of circular reasoning?,"D'Amato Caruana, Kristian",manuscript,https://philpapers.org/rec/DAMWIT,0.9275704026222229
direct_2d_historical_params,57,random,2,8566,Wide-Scope Requirements and the Ethics of Belief,"Brogaard, Berit",2014,https://philpapers.org/rec/BROWRA,0.9584158658981323
direct_2d_historical_params,58,centroid,1,48235,Probability and arguments: Keynes’s legacy,"Peden, William",2021,https://philpapers.org/rec/PEDPAA,0.9721336960792542
direct_2d_historical_params,58,centroid,2,67391,Probability and nonclassical logic,"Williams, Robert",2016,https://philpapers.org/rec/WILPAN-6,0.9657354950904846
direct_2d_historical_params,58,centroid,3,4420,The puzzle of the changing past,"Barlassina, L.",2015,https://philpapers.org/rec/BARTPO-67,0.9655829071998596
direct_2d_historical_params,58,random,1,34902,Full Bayesian Significance Test Applied to Multivariate Normal Structure Models,"Lauretto, Marcelo de Souza",2003,https://philpapers.org/rec/LAUFBS,0.8616452813148499
direct_2d_historical_params,58,random,2,66424,On Uncertainty,"Weatherson, Brian",1998,https://philpapers.org/rec/WEAOUU,0.8915308713912964
direct_2d_historical_params,59,centroid,1,10061,"Philosophical Logic: An Introduction to Advanced Topics, by George Englebretsen and Charles Sayward","Carmichael, Chad",2013,https://philpapers.org/rec/CARPLA-5,0.9697242379188538
direct_2d_historical_params,59,centroid,2,44671,Nelson’s logic ????,"Nascimento, Thiago",2020,https://philpapers.org/rec/NASNL-2,0.9633569121360779
direct_2d_historical_params,59,centroid,3,15322,Buying Logical Principles with Ontological Coin: The Metaphysical Lessons of Adding epsilon to Intuitionistic Logic,"DeVidi, David",2017,https://philpapers.org/rec/DEVBLP,0.9632284045219421
direct_2d_historical_params,59,random,1,50690,Intuitionistic logic and its philosophy,"Raatikainen, Panu",2013,https://philpapers.org/rec/RAAILA,0.9514567852020264
direct_2d_historical_params,59,random,2,3347,A Theory of Structured Propositions,"Bacon, Andrew",2023,https://philpapers.org/rec/BACATO-4,0.9200046062469482
direct_2d_historical_params,60,centroid,1,51320,"Critical Notice of Stalnaker's ""Propositions: Ontology and Logic""","Ray, Buchanan",forthcoming,https://philpapers.org/rec/RAYCNO,0.9699255228042603
direct_2d_historical_params,60,centroid,2,5768,Ontic Structural Realism and Modality,"Berenstain, Nora",2012,https://philpapers.org/rec/BEROSR,0.9676890969276428
direct_2d_historical_params,60,centroid,3,40285,"Review: Brian Leftow, God and Necessity","McIntosh, C. A.",2014,https://philpapers.org/rec/MCIBL,0.9673327207565308
direct_2d_historical_params,60,random,1,37912,Causation as Agency in Modal Meinongianism,"Madalin Mihai, Stelian",manuscript,https://philpapers.org/rec/MADMMC,0.9173049926757812
direct_2d_historical_params,60,random,2,33609,"Imagination, Modal Knowledge, and Modal Understanding","Kriegel, Uriah",2024,https://philpapers.org/rec/KRIIMK,0.9157887101173401
direct_2d_historical_params,61,centroid,1,9533,"Review of Horcher 2020, A Political Philosophy of Conservatism","Callaway, H. G.",2020,https://philpapers.org/rec/CALROH-5,0.9717507362365723
direct_2d_historical_params,61,centroid,2,16705,Review of 'The Political Is Political: Conformity and the Illusion of Dissent in Contemporary Political Philosophy' by Lorna Finlayson.,"Duff, Koshka",2016,https://philpapers.org/rec/DUFTPI,0.970069944858551
direct_2d_historical_params,61,centroid,3,7408,History and normativity in political theory: the case of Rawls,"Bourke, Richard",2023,https://philpapers.org/rec/BOUHAN,0.9685912132263184
direct_2d_historical_params,61,random,1,50757,"Power, Hegemony, and Social Reality in Gramsci and Searle","Rachar, Matthew",2016,https://philpapers.org/rec/RACPHA,0.9273926615715027
direct_2d_historical_params,61,random,2,32942,Rescuing the _Gorgias_ from Latour,"Kochan, Jeff",2006,https://philpapers.org/rec/KOCRTG,0.9555054306983948
direct_2d_historical_params,62,centroid,1,47635,Civil War and Revolution,"Parry, Jonathan",2018,https://philpapers.org/rec/PARCWA-4,0.9674277305603027
direct_2d_historical_params,62,centroid,2,47747,Routledge Handbook of Ethics and War: Just War Theory in the Twenty‐first Century,"Parry, Jonathan",2015,https://philpapers.org/rec/PARRHO-3,0.9644940495491028
direct_2d_historical_params,62,centroid,3,35047,"National Defence, Self Defence, and the Problem of Political Aggression","Lazar, Seth",2014,https://philpapers.org/rec/LAZNDS,0.962999165058136
direct_2d_historical_params,62,random,1,47706,Moral Tragedy Pacifism,"Parkin, Nicholas",2019,https://philpapers.org/rec/PARMTP-2,0.9464790225028992
direct_2d_historical_params,62,random,2,47669,The Ethics of War and Peace: An Introduction,"Parry, Jonathan",2013,https://philpapers.org/rec/PARHFT,0.9576498866081238
historical_display_2d_104,0,centroid,1,63076,Philosophy and the Apparatus of Disability,"Tremain, Shelley",2020,https://philpapers.org/rec/TREANC,0.952485978603363
historical_display_2d_104,0,centroid,2,36156,"The Minority Body: A Theory of Disability, by Elizabeth Barnes","Lim, Chong-Ming",2022,https://philpapers.org/rec/LIMROE,0.9506776928901672
historical_display_2d_104,0,centroid,3,19878,The Picture Theory of Disability,"Firth, Steven J.",2023,https://philpapers.org/rec/FIRTPT,0.949396014213562
historical_display_2d_104,0,random,1,22609,Applying the Narrative Coherence Standard in non-Medical Assessments of Capacity,"Gibb, Tyler",2020,https://philpapers.org/rec/GIBATN,0.8913482427597046
historical_display_2d_104,0,random,2,12291,The (In)Compatibility of the Privation Theory of Evil and the Mere-Difference View of Disability,"Colgrove, Nicholas",2020,https://philpapers.org/rec/COLTIO-35,0.9103883504867554
historical_display_2d_104,1,centroid,1,23067,"Games: Agency as Art. By C. THI NGUYEN. (New York: Oxford University Press, 2020. Pp. viii + 244. Price £22.99, US $35.00.)","Goetze, Trystan S.",2022,https://philpapers.org/rec/GOEGAA,0.9248415231704712
historical_display_2d_104,1,centroid,2,45201,Games and the art of agency,"Nguyen, C. Thi",2019,https://philpapers.org/rec/NGUGAT-2,0.9220923781394958
historical_display_2d_104,1,centroid,3,21977,Playing the Hobbes Game at Philosophy Camp,"Garcia, Robert K.",2021,https://philpapers.org/rec/GARPTH-3,0.9196859002113342
historical_display_2d_104,1,random,1,18667,A Framework Proposal for Developing Historical Video Games Based on Player Review Data Mining to Support Historic Preservation,"Eshaghi, Sarvin",2023,https://philpapers.org/rec/ESHAFP,0.8556694388389587
historical_display_2d_104,1,random,2,1571,Classification of Smart Home Applications’ Requirements for the MAC Layer,"Altujjar, Yasmeen",2018,https://philpapers.org/rec/ALTCOS-2,0.712736189365387
historical_display_2d_104,2,centroid,1,50026,Arguments from the Priority of Feeling in Contemporary Emotion Theory and Max Scheler’s Phenomenology,"Potter, Joel M.",2012,https://philpapers.org/rec/POTAFT,0.9760226607322693
historical_display_2d_104,2,centroid,2,14977,"Review of Christine Tappolet, Emotions, Values and Agency (Oxford University Press, 2016)","De Mesel, Benjamin",2017,https://philpapers.org/rec/DEMROC,0.9749951362609863
historical_display_2d_104,2,centroid,3,62061,Emotions: Philosophical Issues About,"Deonna, Julien",2015,https://philpapers.org/rec/TEREPI,0.9721901416778564
historical_display_2d_104,2,random,1,12139,The Two-Stage Model of Emotion and the Interpretive Structure of the Mind,"Cohen, Marc A.",2008,https://philpapers.org/rec/COHTTM,0.9342058897018433
historical_display_2d_104,2,random,2,29299,Edmund Husserl,"James, Jardine",1920,https://philpapers.org/rec/JAMEHC,0.956719696521759
historical_display_2d_104,3,centroid,1,27340,The Hermeneutics of Artificial Intelligence,"Hooke, Joshua D. F.",2023,https://philpapers.org/rec/HOOTHO-5,0.9431427121162415
historical_display_2d_104,3,centroid,2,43200,"Artificial Intelligence and Contemporary Philosophy: Heidegger, Jonas, and Slime Mold","Morioka, Masahiro",2023,https://philpapers.org/rec/MORAIA-6,0.9405925869941711
historical_display_2d_104,3,centroid,3,15594,"AI, Situatedness, Creativity, and Intelligence; or the Evolution of the Little Hearing Bones","Dietrich, Eric",1996,https://philpapers.org/rec/DIEASC,0.9405683279037476
historical_display_2d_104,3,random,1,19020,"Caricature, recognition, misrepresentation","Fantelli, Federico",forthcoming,https://philpapers.org/rec/FANCRM,0.9032742977142334
historical_display_2d_104,3,random,2,5505,The Checker-shadow “Illusion”?,"Ben-Yami, Hanoch",manuscript,https://philpapers.org/rec/BENTCI-5,0.8637431263923645
historical_display_2d_104,4,centroid,1,29838,Purely Logical Philosophy In An Isolated System,"Jiang, Kai",2015,https://philpapers.org/rec/JIAPLP,0.9112092852592468
historical_display_2d_104,4,centroid,2,3119,Objectivity in the Human and Behavioral Sciences [Chapter 4 of Objectivity],"Axtell, Guy",2015,https://philpapers.org/rec/AXTOIT-2,0.9107994437217712
historical_display_2d_104,4,centroid,3,38511,Introduction,"Mantzavinos, C.",2009,https://philpapers.org/rec/MANI-3,0.9041785597801208
historical_display_2d_104,4,random,1,26530,Development and test analysis of Symmetric Open TEM cell,"Pathak, Hetal M.",2020,https://philpapers.org/rec/HETDAT-2,0.6988179683685303
historical_display_2d_104,4,random,2,38511,Introduction,"Mantzavinos, C.",2009,https://philpapers.org/rec/MANI-3,0.9041785597801208
historical_display_2d_104,5,centroid,1,42697,Real Vagueness,"Müller, Vincent C.",1997,https://philpapers.org/rec/MLLRV,0.9495576024055481
historical_display_2d_104,5,centroid,2,20818,Why the Vagueness Paradox is Amazing,"Frances, Bryan",2018,https://philpapers.org/rec/FRAQTV,0.9477519392967224
historical_display_2d_104,5,centroid,3,67543,Vagueness,"Williams, Robert",2011,https://philpapers.org/rec/WILV-16,0.9475358724594116
historical_display_2d_104,5,random,1,6344,"A unified theory of granularity, vagueness and approximation","Bittner, Thomas",2001,https://philpapers.org/rec/BITAUT,0.8962376713752747
historical_display_2d_104,5,random,2,7903,Philosophical Consultation: Principles and Difficulties,"Brenifier, Oscar",2021,https://philpapers.org/rec/BREPCP,0.880399227142334
historical_display_2d_104,6,centroid,1,50762,An aristotelian approach to cognitive enhancement,"Radoilska, Lubomira",2010,https://philpapers.org/rec/RADAAA,0.9297813773155212
historical_display_2d_104,6,centroid,2,56901,Neuroethics,"Sifferd, Katrina",2016,https://philpapers.org/rec/SIFN,0.9240862131118774
historical_display_2d_104,6,centroid,3,35817,Autonomy and the Limits of Cognitive Enhancement,"Lewis, Jonathan",2021,https://philpapers.org/rec/LEWAAT-9,0.9238051772117615
historical_display_2d_104,6,random,1,58992,(Im)Moral technology? Thought experiments and the future of `mind control',"Sparrow, Robert",2014,https://philpapers.org/rec/SPAMTT,0.8914380669593811
historical_display_2d_104,6,random,2,43108,Views of stakeholders at risk for dementia about deep brain stimulation for cognition,"Klein, Eran",2023,https://philpapers.org/rec/MONVOS,0.8591753840446472
historical_display_2d_104,7,centroid,1,31855,"Animals, Misanthropy, and Humanity","Kidd, Ian James",2020,https://philpapers.org/rec/KIDAMA,0.9678245186805725
historical_display_2d_104,7,centroid,2,46,How to Help when It Hurts: The Problem of Assisting Victims of Injustice,"Abbate, Cheryl",2016,https://philpapers.org/rec/ABBHTH,0.965846836566925
historical_display_2d_104,7,centroid,3,1231,Animal Rights and the Wrongness of Killing,"Allan, Leslie",manuscript,https://philpapers.org/rec/ALLARA-4,0.9655956029891968
historical_display_2d_104,7,random,1,68774,"_Suffering, Empathy, and Ecstasy: Animal Liberation as the Furthest Reaches of Our Moral Evolution_","Yunt, Jeremy",2019,https://philpapers.org/rec/YUNQEA,0.9442616701126099
historical_display_2d_104,7,random,2,68772,"If “Denial of Death” Is a Problem, Then “Reverence for Life” Is a Meaningful Answer: Ernest Becker's Significance for Applied Animal and Environmental Ethics","Yunt, Jeremy D.",2024,https://philpapers.org/rec/YUNIDO-3,0.9522867798805237
historical_display_2d_104,8,centroid,1,32921,"Circles of Scientific Practice: Regressus, Mathēsis, Denkstil","Kochan, Jeff",2015,https://philpapers.org/rec/KOCCOS,0.9710994362831116
historical_display_2d_104,8,centroid,2,48569,Blindness in pursuit of science (A Companion to the Philosophy of Science Editor - W. H. Newton-Smith),"Percival, Ray Scott",2001,https://philpapers.org/rec/PERBIP-2,0.9690321683883667
historical_display_2d_104,8,centroid,3,19925,HOPOS and the Paradigm Shifts of Philosophy,"Fisch, Menachem",manuscript,https://philpapers.org/rec/FISHAT-2,0.9668599963188171
historical_display_2d_104,8,random,1,33833,When can a Computer Simulation act as Substitute for an Experiment? A Case-Study from Chemisty,"Kästner, Johannes",manuscript,https://philpapers.org/rec/KSTWCA,0.7820407152175903
historical_display_2d_104,8,random,2,19925,HOPOS and the Paradigm Shifts of Philosophy,"Fisch, Menachem",manuscript,https://philpapers.org/rec/FISHAT-2,0.9668599963188171
historical_display_2d_104,9,centroid,1,3949,A Challenge to the Reigning Theory of the Just War,"Barry, Christian",2011,https://philpapers.org/rec/BARACT-4,0.9201970100402832
historical_display_2d_104,9,centroid,2,47828,War and Moral Consistency,"Parry, Jonathan",2020,https://philpapers.org/rec/PARWAM-3,0.9186937212944031
historical_display_2d_104,9,centroid,3,59838,Just Cause and 'Right Intention',"Steinhoff, Uwe",2014,https://philpapers.org/rec/STEJCA-2,0.9110634922981262
historical_display_2d_104,9,random,1,54044,Learning through the Scientific Imagination,"Salis, Fiora",2020,https://philpapers.org/rec/SALLTT-3,0.8595017790794373
historical_display_2d_104,9,random,2,60165,When May Soldiers Participate in War?,"Steinhoff, Uwe",2016,https://philpapers.org/rec/STEWMS,0.8924751877784729
historical_display_2d_104,10,centroid,1,27164,What is economics for?,"Hogan, Brendan",2021,https://philpapers.org/rec/HOGWIE-2,0.962270975112915
historical_display_2d_104,10,centroid,2,12162,Editorial introduction,"Cojanu, Valentin",2007,https://philpapers.org/rec/COJEI,0.9618826508522034
historical_display_2d_104,10,centroid,3,58148,Austrian Economics and Austrian Philosophy,"Smith, Barry",1986,https://philpapers.org/rec/SMIAEA,0.9570835828781128
historical_display_2d_104,10,random,1,26481,Progress in Economics,"Herfeld, Catherine",2022,https://philpapers.org/rec/HERPIE-3,0.9058343172073364
historical_display_2d_104,10,random,2,42394,Editorial: Special Issue in honour of Mark Blaug,"Mireles-Flores, Luis",2013,https://philpapers.org/rec/MIRE-3,0.9356159567832947
historical_display_2d_104,11,centroid,1,4451,"Understanding and Calculating the Odds: Probability Theory Basics and Calculus Guide for Beginners, with Applications in Games of Chance and Everyday Life","Barboianu, Catalin",2006,https://philpapers.org/rec/BARUAC-6,0.8778142929077148
historical_display_2d_104,11,centroid,2,20921,What Science Knows: And How It Knows It,"Franklin, James",2009,https://philpapers.org/rec/FRAWSK,0.8709615468978882
historical_display_2d_104,11,centroid,3,62820,"Neurological, Digestive, and Nephrological Emergencies in Pediatric Medicine","Tomasi, David",2020,https://philpapers.org/rec/TOMNDA,0.8641780614852905
historical_display_2d_104,11,random,1,62267,"Histopathological study of the cestode parasite, Cotugnia from Gallus domesticus at Kannad, Aurangabad (MS), India","Thorat, B. S.",2020,https://philpapers.org/rec/THOHSO,0.7194860577583313
historical_display_2d_104,11,random,2,68754,Alteration in Prolactin Messenger Ribonucleic Acid Level during the Rat Estrous Cycle: Effect of Naloxone,"Yu, Sun Kyeong",1990,https://philpapers.org/rec/YUAIP,0.6778315901756287
historical_display_2d_104,12,centroid,1,57698,_Bioethics in Canada_,"Skelton, Anthony",2013,https://philpapers.org/rec/SKEBIC,0.966189444065094
historical_display_2d_104,12,centroid,2,57697,"_Bioethics in Canada_, second edition","Skelton, Anthony",2019,https://philpapers.org/rec/SKEBIC-2,0.9588767886161804
historical_display_2d_104,12,centroid,3,30000,"Review of Jürgen Habermas, 'The Future of Human Nature'","Anderson, Joel",2005,https://philpapers.org/rec/JOEJHT,0.9493962526321411
historical_display_2d_104,12,random,1,38055,Abortion and the Right to not be Pregnant,"Mahon, James",2016,https://philpapers.org/rec/MAHAAT-4,0.8991134762763977
historical_display_2d_104,12,random,2,53278,Defending the link between ethical veganism and antinatalism,"Räsänen, Joona",2023,https://philpapers.org/rec/RSNDTL,0.9151752591133118
historical_display_2d_104,13,centroid,1,67746,Champions in the Age of COVID-19,"Wojtowicz, Jake",2021,https://philpapers.org/rec/WOJCIT-4,0.963211715221405
historical_display_2d_104,13,centroid,2,27630,Intensity and the Sublime: Paying Attention to Self and Environment in Nature Sports,"Howe, Leslie A.",2017,https://philpapers.org/rec/HOWIAT-3,0.9573623538017273
historical_display_2d_104,13,centroid,3,6531,"Football is ""the most important of the least important things"": The Illusion of Sport and COVID-19","Black, Jack",2021,https://philpapers.org/rec/BLAFIT,0.9568678736686707
historical_display_2d_104,13,random,1,67742,Agent-regret and sporting glory,"Wojtowicz, Jake",2019,https://philpapers.org/rec/WOJAAS,0.9415115714073181
historical_display_2d_104,13,random,2,18557,"Effects of Gluteus Maximus Muscle Strength on Ataxia, Gait, and Equilibrium in Multiple Sclerosis","Erdeo, Fatma",2023,https://philpapers.org/rec/ERDEOG-2,0.7626746892929077
historical_display_2d_104,14,centroid,1,67377,New surprises for the Ramsey Test,"Willer, Malte",2010,https://philpapers.org/rec/WILNSF,0.9704065322875977
historical_display_2d_104,14,centroid,2,55362,Reasonable Inferences for Counterfactuals,"Schultheis, Ginger",manuscript,https://philpapers.org/rec/SCHRIF-3,0.9693875908851624
historical_display_2d_104,14,centroid,3,57112,The Inextricable Link Between Conditionals and Logical Consequence,"Silva, Matheus",manuscript,https://philpapers.org/rec/SILTIL-3,0.9667311310768127
historical_display_2d_104,14,random,1,28537,Epistemic Multilateral Logic,"Incurvati, Luca",2022,https://philpapers.org/rec/INCEML,0.8957332372665405
historical_display_2d_104,14,random,2,57030,In Defense of Brogaard-Salerno Stricture,"Silva, Matheus",2017,https://philpapers.org/rec/SILIDO-5,0.9250763654708862
historical_display_2d_104,15,centroid,1,15003,Virgin vs. Chad: On Enforced Monogamy as a Solution to the Incel Problem,"Demetriou, Dan",2022,https://philpapers.org/rec/DEMVVC,0.956095278263092
historical_display_2d_104,15,centroid,2,18379,Sexual Violence and Carceral Logic,"Emerick, Barrett",2023,https://philpapers.org/rec/EMESVA,0.9550454616546631
historical_display_2d_104,15,centroid,3,33681,Dumbfounded by the Facts? Understanding the Moral Psychology of Sexual Relationships,"Kronqvist, Camilla",2023,https://philpapers.org/rec/KRODBT-2,0.945001482963562
historical_display_2d_104,15,random,1,28937,"Queering Kierkegaard: Sin, Sex and Critical Theory","Jaarsma, Ada",2010,https://philpapers.org/rec/JAAQKS,0.9275655746459961
historical_display_2d_104,15,random,2,47751,"Review of Affirmation, Care Ethics, and LGBT Identity","Park, Shelley",2018,https://philpapers.org/rec/PARROA-5,0.8952717781066895
historical_display_2d_104,16,centroid,1,3535,Can deliberation neutralise power?,"Bagg, Samuel",2018,https://philpapers.org/rec/BAGCDN-2,0.9592745304107666
historical_display_2d_104,16,centroid,2,18752,The Epistemic Value of Democratic Deliberation,"Estlund, David",2018,https://philpapers.org/rec/ESTTEV,0.9569440484046936
historical_display_2d_104,16,centroid,3,50919,James Johnson and Jack Knight. _The Priority of Democracy: Political Consequences of Pragmatism_.,"Ralston, Shane J.",2013,https://philpapers.org/rec/RALJJA,0.9569400548934937
historical_display_2d_104,16,random,1,47030,On the elusive notion of meta-agreement,"Ottonelli, Valeria",2013,https://philpapers.org/rec/OTTOTE,0.9353397488594055
historical_display_2d_104,16,random,2,49401,The borderlands between science and philosophy,"Pigliucci, Massimo",2008,https://philpapers.org/rec/PIGTBB,0.8709260821342468
historical_display_2d_104,17,centroid,1,45951,Job Satisfaction and Dissatisfaction as Outcomes of Psychological Contract: Evidence from the South African Workplace,"Ntimba, David Isaac",manuscript,https://philpapers.org/rec/NTIJSA,0.9327403903007507
historical_display_2d_104,17,centroid,2,27270,The Dark Side of Human Resource Management: The Story behind the Story,"Holden, Nigel",manuscript,https://philpapers.org/rec/HOLTDS-6,0.9315900206565857
historical_display_2d_104,17,centroid,3,44456,Managers are from Mars. Employees are from Venus,"Naithani, Pranav",manuscript,https://philpapers.org/rec/NAIMAF,0.9313051104545593
historical_display_2d_104,17,random,1,26742,Organizational Excellence in Palestinian Universities of Gaza Strip,"Hila, Amal A. Al",2017,https://philpapers.org/rec/HILOEI,0.885420560836792
historical_display_2d_104,17,random,2,1546,The Reality of Applying Human Resources Information Systems in Major Hospitals in the Southern Palestinian Governorates,"Al Shobaki, Mazen J.",2022,https://philpapers.org/rec/ALSTRO-13,0.9068827033042908
historical_display_2d_104,18,centroid,1,19460,Memory: A Self-Referential Account,"Fernández, Jordi",2019,https://philpapers.org/rec/FERMAS-6,0.967925488948822
historical_display_2d_104,18,centroid,2,14492,Episodic memory without autonoetic consciousness,"De Brigard, Felipe",forthcoming,https://philpapers.org/rec/DEBEMW,0.9670311808586121
historical_display_2d_104,18,centroid,3,41737,Is external memory memory? Biological memory and extended mind,"Michaelian, Kourken",2012,https://philpapers.org/rec/MICIEM,0.9666930437088013
historical_display_2d_104,18,random,1,44128,Responsibility for forgetting,"Murray, Samuel",2019,https://philpapers.org/rec/MURRFF-2,0.8997965455055237
historical_display_2d_104,18,random,2,41674,Against discontinuism: Mental time travel and our knowledge of past and future events,"Michaelian, Kourken",2016,https://philpapers.org/rec/MICADM,0.928377628326416
historical_display_2d_104,19,centroid,1,66109,Technology Philosophical Assessment,"Waloszczyk, Konrad",2012,https://philpapers.org/rec/WALTPA-32,0.939193069934845
historical_display_2d_104,19,centroid,2,27994,"Self-Absorption in the Digital Era: A Review of ""Self-Improvement Technologies of the Soul in the Age of Artificial Intelligence"" by Mark Coeckelbergh","Hughes, James J.",2024,https://philpapers.org/rec/HUGSIT-5,0.9383683800697327
historical_display_2d_104,19,centroid,3,7733,"Longing for Transcendence: Cyborgs, Trans- and Posthumans","Brazal, Agnes",2015,https://philpapers.org/rec/BRALFT-2,0.9366522431373596
historical_display_2d_104,19,random,1,33109,Voyeurism and Exhibitionism on the Internet: The Libidinal Economy of the Spectacle of Instanternity,"Kolenc, Bara",2023,https://philpapers.org/rec/KOLVAE,0.8653978705406189
historical_display_2d_104,19,random,2,43854,"""Nietzsche's Art of Living in the United States Today""","Mueller, Reinhard G.",2023,https://philpapers.org/rec/MUEQAO,0.9120780825614929
historical_display_2d_104,20,centroid,1,14535,A Natural History of Natural Theology: The Cognitive Science of Theology and Philosophy of Religion,"De Cruz, Helen",2014,https://philpapers.org/rec/DECANH,0.9510514736175537
historical_display_2d_104,20,centroid,2,14538,A taste for the infinite: What philosophy of biology can tell us about religious belief,"De Cruz, Helen",2022,https://philpapers.org/rec/DECATF-3,0.9427555799484253
historical_display_2d_104,20,centroid,3,60660,"REVIEW: James R. Brown, Laboratory of the Mind","Stuart, Michael T.",2012,https://philpapers.org/rec/STURJR,0.9354941248893738
historical_display_2d_104,20,random,1,55479,The evolutionary answer to the problem of faith and reason,"Schellenberg, J. L.",2009,https://philpapers.org/rec/SCHTEA-8,0.9043855667114258
historical_display_2d_104,20,random,2,1881,Distributed cognition and the humanities,"Anderson, Miranda",2018,https://philpapers.org/rec/ANDDCA-4,0.8956880569458008
historical_display_2d_104,21,centroid,1,7902,Partiality and the significance of shared history,"Brewer-Davis, Nina",2012,https://philpapers.org/rec/BREPAT-5,0.965629518032074
historical_display_2d_104,21,centroid,2,49307,Dennis R. Alexander and Ronald L. Numbers : Biology and Ideology: From Descartes to Dawkins,"Pigliucci, Massimo",2013,https://philpapers.org/rec/PIGDRA,0.9622586965560913
historical_display_2d_104,21,centroid,3,23760,Metaphysical libertarianism and the epistemology of testimony,"Graham, Peter J.",2004,https://philpapers.org/rec/GRAMLA,0.9608030319213867
historical_display_2d_104,21,random,1,7742,"Mental Imagery and Creativity: Cognition, Observation and Realization","Brant, William",2013,https://philpapers.org/rec/BRAMIA-6,0.9410198926925659
historical_display_2d_104,21,random,2,23633,"Modernity, Madness, Disenchantment: Don Quixote's Hunger","Gould, Rebecca",2011,https://philpapers.org/rec/GOUMMD,0.9515566825866699
historical_display_2d_104,22,centroid,1,57988,An Overview of Neutrosophic and Plithogenic Theories and Applications,"Smarandache, Florentin",2023,https://philpapers.org/rec/SMAAOO-3,0.9718848466873169
historical_display_2d_104,22,centroid,2,58007,Degrees of Membership > 1 and < 0 of the Elements with Respect to a Neutrosophic OffSet,"Smarandache, Florentin",2016,https://philpapers.org/rec/SMADOM,0.9654118418693542
historical_display_2d_104,22,centroid,3,52206,Neutrosophic logics: prospects and problems,"Rivieccio, Umberto",2008,https://philpapers.org/rec/RIVNLP,0.9651383757591248
historical_display_2d_104,22,random,1,56492,Using Neutrosophic Trait Measures to Analyze Impostor Syndrome in College Students after COVID-19 Pandemic with Machine Learning,"Shaju, Riya Eliza",2023,https://philpapers.org/rec/SHAUNT,0.9095640778541565
historical_display_2d_104,22,random,2,13551,Standard Neutrosophic Soft Theory- Some First Resluts,"Cuong, Bui Cong",2016,https://philpapers.org/rec/CUOSNS,0.9443466067314148
historical_display_2d_104,23,centroid,1,18185,Normative Decision Theory,"Elliott, Edward",2019,https://philpapers.org/rec/ELLNDT,0.9645638465881348
historical_display_2d_104,23,centroid,2,4437,Taking Stock of Infinite Value: Pascal’s Wager and Relative Utilities,"Bartha, Paul",2007,https://philpapers.org/rec/BARTSO-61,0.964330792427063
historical_display_2d_104,23,centroid,3,8776,Decision Theory,"Buchak, Lara",2016,https://philpapers.org/rec/BUCDT,0.9631364941596985
historical_display_2d_104,23,random,1,7328,Unspecific Evidence and Normative Theories of Decision,"Borchert, Rhys",forthcoming,https://philpapers.org/rec/BORUEA,0.9463160037994385
historical_display_2d_104,23,random,2,65600,"Policy Evaluation under Severe Uncertainty: A Cautious, Egalitarian Approach","Voorhoeve, Alex",2022,https://philpapers.org/rec/VOOPEU,0.8818183541297913
historical_display_2d_104,24,centroid,1,60507,Leibniz Reinterpreted,"Strickland, Lloyd",2006,https://philpapers.org/rec/STRLR-3,0.9623849391937256
historical_display_2d_104,24,centroid,2,36193,"Epistemology at 20,000 Feet","Lintott, Sheila",2009,https://philpapers.org/rec/LINEA-3,0.9613984823226929
historical_display_2d_104,24,centroid,3,53615,The Oxford Handbook of David Hume,"Russell, Paul",2016,https://philpapers.org/rec/RUSTOH-8,0.9596707224845886
historical_display_2d_104,24,random,1,30186,Shifting perspectives: holography and the emergence of technical communities,"Johnston, Sean F.",2005,https://philpapers.org/rec/JOHSPH,0.8304588794708252
historical_display_2d_104,24,random,2,4276,Reflexivity: a source-book in self-reference,"Bartlett, Steven James",1992,https://philpapers.org/rec/BARRAS,0.9369211196899414
historical_display_2d_104,25,centroid,1,4384,"Texas Hold'em Poker Odds for Your Strategy, with Probability-Based Hand Analyses","Barboianu, Catalin",2011,https://philpapers.org/rec/BARTHP-8,0.93336021900177
historical_display_2d_104,25,centroid,2,1968,"On Professor Young, Again","Anderson, Mark",2012,https://philpapers.org/rec/ANDOPY,0.9313768148422241
historical_display_2d_104,25,centroid,3,25798,Self-Knowledge,"Hatzimoysis, Anthony",2011,https://philpapers.org/rec/HATS-2,0.926582396030426
historical_display_2d_104,25,random,1,29746,The Neurological Disease Ontology,"Jensen, Mark",2013,https://philpapers.org/rec/JENTND,0.8861057758331299
historical_display_2d_104,25,random,2,39278,An improved ontological representation of dendritic cells as a paradigm for all cell types,"Masci, Anna Maria",2009,https://philpapers.org/rec/MASAIO-3,0.8240620493888855
historical_display_2d_104,26,centroid,1,50761,Why We Need a New Normativism about Collective Action,"Rachar, Matthew",2022,https://philpapers.org/rec/RACWWN,0.9562062621116638
historical_display_2d_104,26,centroid,2,12194,Collectives’ and individuals’ obligations: a parity argument,"Collins, Stephanie",2016,https://philpapers.org/rec/COLCAI-6,0.9557386040687561
historical_display_2d_104,26,centroid,3,23306,Response to LÖhr: Why We Still Need a New Normativism,"Gomez-Lavin, Javier",2023,https://philpapers.org/rec/GOMRTL-2,0.9526127576828003
historical_display_2d_104,26,random,1,57783,Wise groups and humble persons: the best of both worlds?,"Skipper, Mattias",2023,https://philpapers.org/rec/SKIWGA,0.913051426410675
historical_display_2d_104,26,random,2,1589,Introduction,"Altner, Franz",2024,https://philpapers.org/rec/ALTIVO,0.9517590403556824
historical_display_2d_104,27,centroid,1,58221,Classifying Processes: An Essay in Applied Ontology,"Smith, Barry",2012,https://philpapers.org/rec/SMICPA-5,0.9386926293373108
historical_display_2d_104,27,centroid,2,58386,Ontological realism: A methodology for coordinated evolution of scientiﬁc ontologies,"Smith, Barry",2010,https://philpapers.org/rec/SMIORA-2,0.9371240735054016
historical_display_2d_104,27,centroid,3,29467,The Ontology of Tendencies and Medical Information Sciences,"Jansen, Ludger",2006,https://philpapers.org/rec/JANTOO,0.9368469715118408
historical_display_2d_104,27,random,1,52099,"Naming, Necessity, and Beyond: _Beyond Rigidity_ by Scott Soames","Salmon, Nathan",2003,https://philpapers.org/rec/RIGNNA,0.915361762046814
historical_display_2d_104,27,random,2,38134,The metaphysical burden of Millianism,"Mahant, Nikhil",2022,https://philpapers.org/rec/MAHTMB-2,0.9209588170051575
historical_display_2d_104,28,centroid,1,49621,Anthropomorphism in AI: Hype and Fallacy,"Placani, Adriana",2024,https://philpapers.org/rec/PLAAIA-4,0.9481927156448364
historical_display_2d_104,28,centroid,2,10935,The rise of artificial intelligence and the crisis of moral passivity,"Chan, Berman",2020,https://philpapers.org/rec/CHATRO-56,0.9390501379966736
historical_display_2d_104,28,centroid,3,13275,Shortcuts to Artificial Intelligence,"Cristianini, Nello",2021,https://philpapers.org/rec/CRISTA-3,0.9370290040969849
historical_display_2d_104,28,random,1,23063,Bigger Isn’t Better: The Ethical and Scientific Vices of Extra-Large Datasets in Language Models,"Goetze, Trystan S.",2021,https://philpapers.org/rec/GOEBIB,0.7717550992965698
historical_display_2d_104,28,random,2,20090,AI and its new winter: from myths to realities,"Floridi, Luciano",2020,https://philpapers.org/rec/FLOAAI-3,0.9139680862426758
historical_display_2d_104,29,centroid,1,58505,Rationality in Action: A Symposium,"Smith, Barry",2001,https://philpapers.org/rec/SMITCR-2,0.9658670425415039
historical_display_2d_104,29,centroid,2,45058,Interpreting Anscombe’s Intention §32FF,"Newstead, Anne",2009,https://philpapers.org/rec/NEWIAI,0.9650791883468628
historical_display_2d_104,29,centroid,3,46135,Actions and questions,"O’Brien, Lilian",2023,https://philpapers.org/rec/OBRAAQ,0.9647181034088135
historical_display_2d_104,29,random,1,37151,Causing actions,"Ludwig, Kirk",2003,https://philpapers.org/rec/LUDCA,0.943973958492279
historical_display_2d_104,29,random,2,7939,Understanding Strength of Will,"Brent, Michael",2014,https://philpapers.org/rec/BREUSO,0.9490383863449097
historical_display_2d_104,30,centroid,1,17804,"Composition, Persistence, and Identity","Effingham, Nikk",2009,https://philpapers.org/rec/EFFPAI,0.965011715888977
historical_display_2d_104,30,centroid,2,17805,"Persistence, composition, and identity","Effingham, Nikk",2009,https://philpapers.org/rec/EFFPCA,0.965011715888977
historical_display_2d_104,30,centroid,3,39076,Simples,"Markosian, Ned",1998,https://philpapers.org/rec/MARS,0.9592859148979187
historical_display_2d_104,30,random,1,15142,Review of Karen Bennett's Making Things Up,"deRosset, Louis",2018,https://philpapers.org/rec/DERROK,0.9346061944961548
historical_display_2d_104,30,random,2,34033,A Sketch of a Sirenia: Meros Theory,"Kurth, Dan",manuscript,https://philpapers.org/rec/KURASO-2,0.9019815325737
historical_display_2d_104,31,centroid,1,56209,China Confronts Kant When University Students Experience the Angst of Freedom,"Shaw, Robert Keith",2016,https://philpapers.org/rec/SHACCK,0.9515144228935242
historical_display_2d_104,31,centroid,2,13757,Rousseau’s lawgiver as teacher of peoples: Investigating the educational preconditions of the social contract,"Dahlbeck, Johan",2024,https://philpapers.org/rec/DAHRLA,0.950493574142456
historical_display_2d_104,31,centroid,3,47809,The Paralysis of Traditional Schools and the Future of Education,"Pariñas, Noel",2020,https://philpapers.org/rec/PARTPO-92,0.9487157464027405
historical_display_2d_104,31,random,1,59920,Nation-Building through Education: Positivism and its Transformations in Mexico,"Stehn, Alexander",2019,https://philpapers.org/rec/STENTE-2,0.903477668762207
historical_display_2d_104,31,random,2,29558,Movie review of: The Cartel,"Jason, Gary James",2010,https://philpapers.org/rec/JASMOR,0.8813014030456543
historical_display_2d_104,32,centroid,1,28189,The Return of Moral Fictionalism,"Hussain, Nadeem J. Z.",2004,https://philpapers.org/rec/HUSTRO-2,0.9593865871429443
historical_display_2d_104,32,centroid,2,29492,Moral Beliefs for the Error Theorist?,"Jaquet, François",2016,https://philpapers.org/rec/JAQMBF,0.9586778283119202
historical_display_2d_104,32,centroid,3,40517,Metaethics & the autonomy of morality,"McPherson, Tristram",2008,https://philpapers.org/rec/MCPMT,0.9576643109321594
historical_display_2d_104,32,random,1,4807,Trust No One?,"Baurmann, Michael",2021,https://philpapers.org/rec/BAUTNO-3,0.897821843624115
historical_display_2d_104,32,random,2,60821,"New Frontiers in Translational Research: Touchscreens, Open Science, and the Mouse Translational Research Accelerator Platform (MouseTRAP)","Sullivan, Jacqueline Anne",2021,https://philpapers.org/rec/SULNFI,0.7508845329284668
historical_display_2d_104,33,centroid,1,28626,Book Notice of Rosenberg & Arp (eds) Philosophy of Biology: An Anthology,"Ioannidis, Stavros",2011,https://philpapers.org/rec/IOABN,0.9731398820877075
historical_display_2d_104,33,centroid,2,23406,"Symbiosis, History of","Gontier, Nathalie",2016,https://philpapers.org/rec/GONSHO-2,0.9674121737480164
historical_display_2d_104,33,centroid,3,48361,Evolutionary Causation: Biological and Philosophical Reflections. Vienna Series in Theoretical Biology edited by Tobias Uller and Kevin N. Laland,"Pence, Charles H.",2020,https://philpapers.org/rec/PENECB,0.9666375517845154
historical_display_2d_104,33,random,1,53803,"The shape of a good question: McDowell, evolution, and transcendental philosophy","Sachs, Carl B.",2011,https://philpapers.org/rec/SACTSO,0.9077426791191101
historical_display_2d_104,33,random,2,60216,A Developmental Systems Account of Human Nature,"Stotz, Karola",2018,https://philpapers.org/rec/STOADS-4,0.9074117541313171
historical_display_2d_104,34,centroid,1,12219,"Enaction, Sense-Making and Emotion","Colombetti, Giovanna",2013,https://philpapers.org/rec/COLESA,0.9496436715126038
historical_display_2d_104,34,centroid,2,29806,Affective ignorance,"Jäger, Christoph",2009,https://philpapers.org/rec/JGEAI,0.9459342956542969
historical_display_2d_104,34,centroid,3,59389,Proper embodiment: the role of the body in affect and cognition,"Stapleton, Mog",2011,https://philpapers.org/rec/STAPET,0.9452874064445496
historical_display_2d_104,34,random,1,14443,Using fMRI in experimental philosophy: Exploring the prospects,"Díaz, Rodrigo",2019,https://philpapers.org/rec/DAZUFI,0.8882321119308472
historical_display_2d_104,34,random,2,58546,The Principle of Indifference and Inductive Scepticism,"Smithson, Robert",2017,https://philpapers.org/rec/SMITPO-74,0.862777829170227
historical_display_2d_104,35,centroid,1,66625,Incompatibilism and the Principle of Sufficient Reason in Kant’s _Nova Dilucidatio_,"Wells, Aaron",2022,https://philpapers.org/rec/WELIAT,0.9711781144142151
historical_display_2d_104,35,centroid,2,53617,The Philosophy of Free Will: Essential Readings From the Contemporary Debates,"Russell, Paul",2013,https://philpapers.org/rec/RUSTPO-27,0.9672626256942749
historical_display_2d_104,35,centroid,3,9914,Free Will: Real or Illusion - A Debate,"Caruso, Gregg D.",2020,https://philpapers.org/rec/CARFWR,0.9645925760269165
historical_display_2d_104,35,random,1,7923,The Determined Will,"Brewer, Stephen J.",2022,https://philpapers.org/rec/BRETDW,0.9162067770957947
historical_display_2d_104,35,random,2,51812,Buddhist Meditation and the Possibility of Freedom,"Repetti, Rick",2016,https://philpapers.org/rec/REPBMA,0.9294478297233582
historical_display_2d_104,36,centroid,1,16945,A Manifesto for a Processual Philosophy of Biology,"Dupre, John A.",2018,https://philpapers.org/rec/DUPAMF,0.9581915736198425
historical_display_2d_104,36,centroid,2,66469,Life in a Physical World: The Place of the Life Sciences,"Weber, Marcel",2010,https://philpapers.org/rec/WEBLIA-2,0.9556729793548584
historical_display_2d_104,36,centroid,3,67633,Review of Biological Autonomy by Alvaro Moreno and Matteo Mossio,"Winning, Jason",2016,https://philpapers.org/rec/WINROA-3,0.9550377130508423
historical_display_2d_104,36,random,1,48276,Steering away from multiple realization,"Peeters, Anco",2020,https://philpapers.org/rec/PEESAF,0.896056592464447
historical_display_2d_104,36,random,2,30771,The Limits of Reductionism in the Life Sciences,"Kaiser, Marie I.",2011,https://philpapers.org/rec/KAITLO-2,0.908056378364563
historical_display_2d_104,37,centroid,1,21510,The Phenomenal Conservative Approach to Religious Epistemology,"Gage, Logan Paul",2020,https://philpapers.org/rec/GAGPC,0.9759053587913513
historical_display_2d_104,37,centroid,2,18765,"Belief, Resistance, and Grace: Stump on Divine Hiddenness","E. Sweet, Katherine",2022,https://philpapers.org/rec/ESWBRA,0.9726356863975525
historical_display_2d_104,37,centroid,3,46777,Review of Sobel's *Logic and Theism*,"Oppy, Graham",2006,https://philpapers.org/rec/OPPRL,0.9688905477523804
historical_display_2d_104,37,random,1,54976,Divine Hiddenness,"Schellenberg, J. L.",2010,https://philpapers.org/rec/SCHDH,0.9540888667106628
historical_display_2d_104,37,random,2,16752,"Kevin Timpe . Metaphysics and God: Essays in Honor of Eleonore Stump. Routledge, 2009","Dumsday, Travis",2011,https://philpapers.org/rec/DUMKT,0.9384539723396301
historical_display_2d_104,38,centroid,1,36803,For the Common Good: Philosophical Foundations of Research Ethics,"London, Alex John",2021,https://philpapers.org/rec/LONFTC,0.9444972276687622
historical_display_2d_104,38,centroid,2,35090,Digital Literature Analysis for Empirical Philosophy of Science,"Lean, Oliver M.",2021,https://philpapers.org/rec/LEAWCP,0.9414826035499573
historical_display_2d_104,38,centroid,3,49825,The Distribution of Ethical Labor in the Scientific Community,"Politi, Vincenzo",2020,https://philpapers.org/rec/POLTDO-11,0.9398622512817383
historical_display_2d_104,38,random,1,6289,An Organic System Open to an Intelligible Reality: The Concept of Method in Antonio Rosmini,"Bissoli, Lucia",2024,https://philpapers.org/rec/BISAOS-5,0.8868265748023987
historical_display_2d_104,38,random,2,65686,An open database of productivity in Vietnam's social sciences and humanities for public use,"Vuong, Quan-Hoang",2018,https://philpapers.org/rec/VUOAOD,0.9296717643737793
historical_display_2d_104,39,centroid,1,46009,Review of Science and Sensibilia,"Nunez, Tyke",2023,https://philpapers.org/rec/NUNROS,0.9819509387016296
historical_display_2d_104,39,centroid,2,24505,"Cavell and the ""History of the Rejection of the Human""","Guetti, Edward",2021,https://philpapers.org/rec/GUECAT-2,0.9805400371551514
historical_display_2d_104,39,centroid,3,52851,A Reconstruction of Russell's Gray's Elegy Argument,"Rosenkrantz, Max",2017,https://philpapers.org/rec/ROSARO-8,0.9803388118743896
historical_display_2d_104,39,random,1,10388,What Is Structuralism?,"Caws, Peter",1968,https://philpapers.org/rec/CAWWIS,0.9221847057342529
historical_display_2d_104,39,random,2,34445,Why “is at”? —On Quine’s Objection to Carnap’s Aufbau in “Two Dogmas of Empiricism”,"Lam, Ka Ho",2018,https://philpapers.org/rec/LAMWIA-3,0.9491844177246094
historical_display_2d_104,40,centroid,1,13502,Words Underway: Continental Philosophy of Language,"Culbertson, Carolyn",2019,https://philpapers.org/rec/CULWUC,0.9607781767845154
historical_display_2d_104,40,centroid,2,60588,"The Limits of Silence: Descartes, Heidegger, and Wittgenstein on Philosophy and Ordinary Language","Strand, Narve",2005,https://philpapers.org/rec/STRTLO-7,0.9604102969169617
historical_display_2d_104,40,centroid,3,10936,The Refutation of Saussure’s Signification Theory as a Foundation for Interreligious Dialogue,"Chattopadhyay, Subhasis",2021,https://philpapers.org/rec/CHATRO-59,0.959466278553009
historical_display_2d_104,40,random,1,601,Baudrillard and Consumer Society,"Ajvazi, Irfan",manuscript,https://philpapers.org/rec/AJVBAC,0.8585992455482483
historical_display_2d_104,40,random,2,2499,"Coordination, Triangulation, and Language Use","Armstrong, Josh",2016,https://philpapers.org/rec/ARMCTA-2,0.9341198801994324
historical_display_2d_104,41,centroid,1,7079,The Epistemology of Disagreement: New Essays By David Christensen and Jennifer Lackey,"Bogardus, Tomas",2015,https://philpapers.org/rec/BOGTEO-6,0.9357277154922485
historical_display_2d_104,41,centroid,2,152,Disagreement and Philosophical Progress,"Ables, Brent",2015,https://philpapers.org/rec/ABLDAP,0.9309156537055969
historical_display_2d_104,41,centroid,3,62408,Why Disagreement-Based Skepticism cannot Escape the Challenge of Self-Defeat,"Grundmann, Thomas",2019,https://philpapers.org/rec/THOWDS-3,0.9280259609222412
historical_display_2d_104,41,random,1,55914,The functions of definitions in ontologies,"Seppälä, Selja",2016,https://philpapers.org/rec/SEPTFO,0.8744845986366272
historical_display_2d_104,41,random,2,58146,A diagrammatic representation for entities and mereotopological relations in ontologies,"de Oliveira, José M. Parente",2017,https://philpapers.org/rec/SMIADR,0.7871617674827576
historical_display_2d_104,42,centroid,1,37525,Scientific Realism,"Lyons, Timothy D.",2014,https://philpapers.org/rec/LYOSR,0.9731301069259644
historical_display_2d_104,42,centroid,2,53652,Re-enchanting Realism in Debate with Kyle Stanford,"Ruttkamp-Bloem, Emma",2013,https://philpapers.org/rec/RUTRRI-2,0.9708200097084045
historical_display_2d_104,42,centroid,3,42986,"An empiricist regarding science, an empiricist regarding representation","Monton, Bradley",2010,https://philpapers.org/rec/MONAER,0.9699713587760925
historical_display_2d_104,42,random,1,61893,On the Prospects for Naturalism,"Tebben, Nicholas",2013,https://philpapers.org/rec/TEBOTP,0.9505860805511475
historical_display_2d_104,42,random,2,53237,"Scientific realism: what it is, the contemporary debate, and new directions","Rowbottom, Darrell P.",2019,https://philpapers.org/rec/ROWSRW,0.942799985408783
historical_display_2d_104,43,centroid,1,42296,The 50th Anniversary of the Declaration of Helsinki: Progress but Many Remaining Challenges,"Millum, J.",2013,https://philpapers.org/rec/MILTTA-9,0.9433749318122864
historical_display_2d_104,43,centroid,2,47761,"Rationing, Responsibility, and Vaccination during COVID-19: A Conceptual Map","Park, Jin K.",2023,https://philpapers.org/rec/PARRRA-9,0.9402453303337097
historical_display_2d_104,43,centroid,3,54813,An Ethical Framework for Presenting Scientific Results to Policy-Makers,"Schroeder, S. Andrew",2022,https://philpapers.org/rec/SCHAEF-9,0.9379091858863831
historical_display_2d_104,43,random,1,67167,Barriers to Research on Research Ethics Review and Conflicts of Interest,"Williams-Jones, Bryn",2013,https://philpapers.org/rec/WILBTR,0.9007664322853088
historical_display_2d_104,43,random,2,15454,Conducting Controlled human infection model studies in India is an ethical obligation,"Dholakia, Saumil",2018,https://philpapers.org/rec/DHOCCH,0.8250635862350464
historical_display_2d_104,44,centroid,1,20108,A united framework of five principles for AI in society,"Floridi, Luciano",2019,https://philpapers.org/rec/FLOAUF,0.9600790739059448
historical_display_2d_104,44,centroid,2,42677,New developments in the philosophy of AI,"Müller, Vincent C.",2016,https://philpapers.org/rec/MLLNDI,0.9485224485397339
historical_display_2d_104,44,centroid,3,50373,Human Autonomy in the Age of Artificial Intelligence,"Prunkl, C.",2022,https://philpapers.org/rec/PRUHAI,0.947825014591217
historical_display_2d_104,44,random,1,32707,"New laws of robotics: defending human expertise in the age of AI, by Frank Pasquale","Klincewicz, Michał",forthcoming,https://philpapers.org/rec/KLINLO-3,0.9211180806159973
historical_display_2d_104,44,random,2,12957,Prolegomena to a white paper on an ethical framework for a good AI society,"Cowls, Josh",manuscript,https://philpapers.org/rec/COWPTA,0.9070500135421753
historical_display_2d_104,45,centroid,1,49834,The Varieties of Musical Experience,"Polite, Brandon",2014,https://philpapers.org/rec/POLTVO-8,0.9679704308509827
historical_display_2d_104,45,centroid,2,20598,"Review of Simon Høffding, _A Phenomenology of Musical Absorption_, Cham: Palgrave Macmillan 2019","Foultier, Anna Petronella",2020,https://philpapers.org/rec/FOUROS-2,0.9671008586883545
historical_display_2d_104,45,centroid,3,22379,"Music, Cage's Silence, and Art: An interview with Stephen Davies, PhD","Georgi, Marcella",2022,https://philpapers.org/rec/GEOMCS,0.9669579267501831
historical_display_2d_104,45,random,1,31975,Fictionalism about musical works,"Killin, Anton",2018,https://philpapers.org/rec/KILFAM,0.8994020819664001
historical_display_2d_104,45,random,2,67683,"Feeling at one: Socio-affective distribution, vibe, and dance-music consciousness","Witek, Maria A. G.",2019,https://philpapers.org/rec/WITFAO,0.9438031911849976
historical_display_2d_104,46,centroid,1,49493,Philosophy's New challenge: Experiments and Intentional Action,"Pinillos, N. Ángel",2011,https://philpapers.org/rec/PINPNC-3,0.9640998840332031
historical_display_2d_104,46,centroid,2,21252,"Book Review of Alexander, Joshua. Experimental Philosophy: An Introduction","Frost, David J.",2012,https://philpapers.org/rec/FROAJE,0.9593380689620972
historical_display_2d_104,46,centroid,3,28393,"Virtue, Intuition, and Philosophical Methodology","Ichikawa, Jonathan Jenkins",2013,https://philpapers.org/rec/ICHVIA,0.9567719101905823
historical_display_2d_104,46,random,1,35861,Philosophy Within Its Proper Bounds by Édouard Machery,"Lewis, Jonathan",2018,https://philpapers.org/rec/LEWPWI,0.9182420372962952
historical_display_2d_104,46,random,2,11554,Experimental Philosophy of Religion,"Church, Ian M.",2023,https://philpapers.org/rec/CHUEPO-3,0.9087955355644226
historical_display_2d_104,47,centroid,1,50075,Because without Cause: Non-Causal Explanations in Science and Mathematics,"Povich, Mark",2018,https://philpapers.org/rec/POVBWC,0.9671329259872437
historical_display_2d_104,47,centroid,2,23077,Purposeful Explanation and Causal Gaps,"Goetz, Stewart",2013,https://philpapers.org/rec/GOEPEA,0.9660270810127258
historical_display_2d_104,47,centroid,3,20858,The Causal Economy Approach to Scientific Explanation,"Franklin-Hall, Laura",forthcoming,https://philpapers.org/rec/FRATCE-9,0.964424192905426
historical_display_2d_104,47,random,1,58684,A Plea for Pseudo‐Processes†,"Sober, Elliott",2017,https://philpapers.org/rec/SOBAPF,0.9306532144546509
historical_display_2d_104,47,random,2,50380,Causal Pluralism,"Psillos, Stathos",2009,https://philpapers.org/rec/PSICP,0.9304452538490295
historical_display_2d_104,48,centroid,1,36929,"""Knowledge First"" and Its Limits","Lossau, Tammo",2022,https://philpapers.org/rec/LOSQFA,0.9690605998039246
historical_display_2d_104,48,centroid,2,52082,Stanley's Three Flaws,"Riedener, Stefan",2010,https://philpapers.org/rec/RIESTF,0.9678542017936707
historical_display_2d_104,48,centroid,3,63587,Knowledge and Skepticism,"Turri, John",2011,https://philpapers.org/rec/TURKAS-2,0.9653509855270386
historical_display_2d_104,48,random,1,27855,Defending Standards Contextualism,"Hudson, Robert",2015,https://philpapers.org/rec/HUDDSC,0.9581754803657532
historical_display_2d_104,48,random,2,8332,Intellectual Flourishing as the Fundamental Epistemic Norm,"Brogaard, Berit",2013,https://philpapers.org/rec/BROIFA-2,0.94121253490448
historical_display_2d_104,49,centroid,1,31501,"Beneficence, Justice, and Health Care","Kelleher, J. Paul",2014,https://philpapers.org/rec/KELBJA,0.9547684788703918
historical_display_2d_104,49,centroid,2,42146,Putting a number on the harm of death,"Millum, Joseph",2019,https://philpapers.org/rec/MILPAN,0.9507371783256531
historical_display_2d_104,49,centroid,3,3510,"Still Special, despite Everything: A Liberal Defence of the Value of Healthcare in the Face of the Social Determinants of Health","Badano, Gabriele",2016,https://philpapers.org/rec/BADSSD,0.9472221732139587
historical_display_2d_104,49,random,1,51311,The Quest for universality: Reflections on the universal draft declaration on bioethics and human rights,"Rawlinson, Mary C.",2005,https://philpapers.org/rec/RAWTQF,0.9148105978965759
historical_display_2d_104,49,random,2,45234,Maternal Education and Child Health,"Khanh, Hang",2016,https://philpapers.org/rec/NGUMEA,0.7857421636581421
historical_display_2d_104,50,centroid,1,37389,GLOBAL PANDEMIC JUSTICE. INTRODUCTION PANDEMIC JUSTICE FOR AND FROM LATIN AMERICA,"Luna, Florencia",2023,https://philpapers.org/rec/LUNGPJ,0.9452950954437256
historical_display_2d_104,50,centroid,2,65337,Caution: There is No COVID 19 Article in this Issue,"Viray, Joseph Reylan",2020,https://philpapers.org/rec/VIRCTI,0.9449648857116699
historical_display_2d_104,50,centroid,3,61710,"Of Sheeple and People: Echo Chambers, Pseudo-experts and the Corona Crisis","Tappe, Lily",2022,https://philpapers.org/rec/TAPOSA,0.9422505497932434
historical_display_2d_104,50,random,1,11667,The Melting point: How is the World reshaping under pressure nowadays?,"Ciocan, Tudor Cosmin",2020,https://philpapers.org/rec/CIOTMP,0.9189453125
historical_display_2d_104,50,random,2,38611,The Impact of Coronavirus on the Ecosystem of Rationality,"Mansouri, Alireza",manuscript,https://philpapers.org/rec/MANTIO-33,0.9093529582023621
historical_display_2d_104,51,centroid,1,38335,New Directions in the Epistemology of Modality: Introduction,"Mallozzi, Antonella",2021,https://philpapers.org/rec/MALNDI,0.9733895063400269
historical_display_2d_104,51,centroid,2,40285,"Review: Brian Leftow, God and Necessity","McIntosh, C. A.",2014,https://philpapers.org/rec/MCIBL,0.9718136787414551
historical_display_2d_104,51,centroid,3,16184,How to Be a Modal Realist,"Dorr, Cian",manuscript,https://philpapers.org/rec/DORHTB,0.9704767465591431
historical_display_2d_104,51,random,1,68647,Modal skepticism and counterfactual knowledge,"Yli-Vakkuri, Juhani",2013,https://philpapers.org/rec/YLIMSA,0.941171407699585
historical_display_2d_104,51,random,2,36790,Dualism About Possible Worlds,"Longenecker, Michael Tze-Sung",2019,https://philpapers.org/rec/LONDAP-2,0.9568110704421997
historical_display_2d_104,52,centroid,1,41838,EFFICIENT CAUSATION – A HISTORY. Edited by Tad M. Schmaltz. Oxford Philosophical Concepts. Oxford New York: Oxford University Press,"Mihali, Andreea",forthcoming,https://philpapers.org/rec/MIHEC,0.9559704661369324
historical_display_2d_104,52,centroid,2,65853,Roman Ingarden’s Theory of Causation Revised,"von Wachter, Daniel",2010,https://philpapers.org/rec/WACRIT,0.9540805220603943
historical_display_2d_104,52,centroid,3,13345,"Review of Mumford and Anjum, Getting Causes from Powers","Cross, Troy",forthcoming,https://philpapers.org/rec/CROROG-2,0.9539688229560852
historical_display_2d_104,52,random,1,16587,The question of the existence of God in the book of Stephen Hawking: A brief history of time,"Driessen, Alfred",1995,https://philpapers.org/rec/DRITQO-4,0.9388397932052612
historical_display_2d_104,52,random,2,8568,What's So Unobservable about Causation?,"Brown, Richard",manuscript,https://philpapers.org/rec/BROWSU-2,0.916462779045105
historical_display_2d_104,53,centroid,1,63898,Technology Ethics: Responsible Innovation and Design Strategies,"Umbrello, Steven",2024,https://philpapers.org/rec/UMBTER,0.9538938403129578
historical_display_2d_104,53,centroid,2,32577,Prometheus' Legacy: Responsibility and Technology,"Klenk, Michael",2020,https://philpapers.org/rec/KLEPLR,0.9511364102363586
historical_display_2d_104,53,centroid,3,42081,Is Technology Value-Neutral?,"Miller, Boaz",2021,https://philpapers.org/rec/MILITV-3,0.9488534331321716
historical_display_2d_104,53,random,1,52834,Technology as an Aspect of Human Praxis,"Ropolyi, Laszlo",2019,https://philpapers.org/rec/ROPTAA,0.9352667927742004
historical_display_2d_104,53,random,2,8132,The Philosophy of Engineering and the Engineering Worldview,"Bristol, Terry",2018,https://philpapers.org/rec/BRITPO-51,0.8903665542602539
historical_display_2d_104,54,centroid,1,9601,"Not Just A Tool: Why Social-Media Use Is Bad and Bad For Us, and The Duty to Quit","Campbell, Douglas R.",2024,https://philpapers.org/rec/CAMNJA,0.9483012557029724
historical_display_2d_104,54,centroid,2,20259,"The information society and its philosophy: introduction to the special issue on the philosophy o information, its nature, and future developments","Floridi, Luciano",2009,https://philpapers.org/rec/FLOTIS,0.9362005591392517
historical_display_2d_104,54,centroid,3,60940,Information Privacy and Social Self-Authorship,"Susser, Daniel",2016,https://philpapers.org/rec/SUSRFN,0.9341959953308105
historical_display_2d_104,54,random,1,44289,America is raped—and pays for the pleasure,"Nadin, Mihai",2019,https://philpapers.org/rec/NADAIR,0.8623504042625427
historical_display_2d_104,54,random,2,36784,Being and the screen: How the digital changes perception,"Longo, Anthony",2022,https://philpapers.org/rec/LONBAT-3,0.9011082053184509
historical_display_2d_104,55,centroid,1,46723,"Langtry on God, the Best and Evil: Review Discussion of Bruce Langtry, God, the Best and Evil, Oxford, UK: Oxford University Press, 2008, ISBN 978-0-19-923879-8, hb, ix+237pp","Oppy, Graham",2010,https://philpapers.org/rec/OPPLOG,0.9697872400283813
historical_display_2d_104,55,centroid,2,53618,The Problem of Evil and Replies to Some Important Responses,"Russell, Bruce",2018,https://philpapers.org/rec/RUSTPO-86,0.9689827561378479
historical_display_2d_104,55,centroid,3,38896,Is There a Right to Hope that God Exists?,"Mariña, Jacqueline",2022,https://philpapers.org/rec/MARITA-31,0.967719316482544
historical_display_2d_104,55,random,1,26366,Skeptical Theism Unscathed: Why Skeptical Objections to Skeptical Theism Fail,"Hendricks, Perry",2019,https://philpapers.org/rec/HENSTU-5,0.937599241733551
historical_display_2d_104,55,random,2,43184,"The New Evil Demon, a Frankfurt-style Counterfactual Intervener, and a Subject’s Perspective Objection: Reply to McCain","Moon, Andrew",2015,https://philpapers.org/rec/MOOTNE,0.9324972629547119
historical_display_2d_104,56,centroid,1,29171,On Making Sense of Oneself: Reflections on Julian Barnes's The Sense of an Ending,"Jagannathan, Dhananjay",2015,https://philpapers.org/rec/JAGOMS,0.9470598101615906
historical_display_2d_104,56,centroid,2,64882,Imagine what it feels like,"Vendrell-Ferran, Íngrid",2022,https://philpapers.org/rec/VENIWI,0.9429845809936523
historical_display_2d_104,56,centroid,3,56826,"The Legacy of Humeanism: Unity of Mind, Temporal Awareness, and Personal Identity","Siakel, Daniel R.",2016,https://philpapers.org/rec/SIATLO,0.9370487332344055
historical_display_2d_104,56,random,1,38543,Might text-davinci-003 have inner speech?,"Mann, Stephen Francis",2024,https://philpapers.org/rec/MANMTH,0.8349485397338867
historical_display_2d_104,56,random,2,51864,Remembering Emotions,"Retkoceri, Urim",2022,https://philpapers.org/rec/RETRE,0.8766590356826782
historical_display_2d_104,57,centroid,1,48235,Probability and arguments: Keynes’s legacy,"Peden, William",2021,https://philpapers.org/rec/PEDPAA,0.9611924886703491
historical_display_2d_104,57,centroid,2,2506,Frank Plumpton Ramsey,"Armendt, Brad",2005,https://philpapers.org/rec/ARMFPR,0.9556276202201843
historical_display_2d_104,57,centroid,3,15948,European Computing and Philosophy,"Dodig-Crnkovic, Gordana",2009,https://philpapers.org/rec/DODECA,0.9531213641166687
historical_display_2d_104,57,random,1,22727,Generalized logical operations among conditional events,"Gilio, Angelo",2019,https://philpapers.org/rec/GILGLO,0.8874385356903076
historical_display_2d_104,57,random,2,18983,Material cause and syllogistic necessity in posterior analytics II 11,"Fait, Paolo",2019,https://philpapers.org/rec/FAIMCA,0.9254119396209717
historical_display_2d_104,58,centroid,1,51636,The Disunity of Perception: An Introduction,"Reiland, Indrek",2015,https://philpapers.org/rec/REITDO-14,0.968151867389679
historical_display_2d_104,58,centroid,2,50966,"Understanding How Experience ""seems""","Raleigh, Thomas",2009,https://philpapers.org/rec/RALUHE,0.9665594696998596
historical_display_2d_104,58,centroid,3,23903,Hill on perceptual relativity and perceptual error,"Green, E. J.",2024,https://philpapers.org/rec/GREHOP-2,0.9645233750343323
historical_display_2d_104,58,random,1,8859,Warrant from transsaccadic vision,"Buehler, Denis",2020,https://philpapers.org/rec/BUEWFT,0.929897665977478
historical_display_2d_104,58,random,2,16551,Principles of perceptual grouping: implications for image-guided surgery,"Dresp-Langley, Birgitta",2015,https://philpapers.org/rec/DREPOP-4,0.8718031644821167
historical_display_2d_104,59,centroid,1,9999,Moral Relevance in the Concepts and Language of Human Synthetic Moral Enhancement,"Carrozzo, Christian",2015,https://philpapers.org/rec/CARMRI,0.9594456553459167
historical_display_2d_104,59,centroid,2,7928,The Medical Ethics of Miracle Max,"Brendan, Shea",2015,https://philpapers.org/rec/BRETME-3,0.9550477266311646
historical_display_2d_104,59,centroid,3,43544,Toward an Ecological Bioethics,"Morar, Nicolae",2016,https://philpapers.org/rec/MORTAE-14,0.9538354277610779
historical_display_2d_104,59,random,1,22992,Undermining Retributivism,"Gligorov, Nada",2014,https://philpapers.org/rec/GLIUR,0.9430228471755981
historical_display_2d_104,59,random,2,64805,Evaluating Tradeoffs between Autonomy and Wellbeing in Supported Decision Making,"Veit, Walter",2021,https://philpapers.org/rec/VEIETB,0.9423717856407166
historical_display_2d_104,60,centroid,1,28042,Does Theological Fatalism Rest on an Equivocation?,"Hunt, David",1995,https://philpapers.org/rec/HUNDTF,0.9611952304840088
historical_display_2d_104,60,centroid,2,64852,Self to self,"Velleman, David",1996,https://philpapers.org/rec/VELSTS,0.956255316734314
historical_display_2d_104,60,centroid,3,20802,Psychological Continuity and the Necessity of Identity,"Francescotti, Robert",2010,https://philpapers.org/rec/FRAPCA-14,0.9560939073562622
historical_display_2d_104,60,random,1,24924,Eden Inverted: On the Wild Self and the Contraction of Consciousness,"Halton, Eugene",2007,https://philpapers.org/rec/HALEIO-3,0.9495180249214172
historical_display_2d_104,60,random,2,37379,One Self per Customer? From Disunified Agency to Disunified Self,"Lumsden, David",2017,https://philpapers.org/rec/LUMOSP,0.9218286275863647
historical_display_2d_104,61,centroid,1,22058,The Philosophical Foundations of Ecological Civilization: A Manifesto for the Future,"Gare, Arran",2016,https://philpapers.org/rec/GARTPF-3,0.9697949886322021
historical_display_2d_104,61,centroid,2,19570,"Review of Bryan Norton, Sustainable Values, Sustainable Change","Fesmire, Steven",2016,https://philpapers.org/rec/FESROB,0.9629753828048706
historical_display_2d_104,61,centroid,3,25157,"Platonism, Nature and Environmental Crisis","Hampton, Alexander J. B.",2020,https://philpapers.org/rec/HAMPNA-2,0.9608497023582458
historical_display_2d_104,61,random,1,37217,Science and Justice: Beyond the New Orthodoxy of Value-Laden Science,"Ludwig, David",forthcoming,https://philpapers.org/rec/LUDSAJ,0.9308056831359863
historical_display_2d_104,61,random,2,8006,Factors and conditions of the environmental and economic security formation in Ukraine,"Britchenko, Igor",2022,https://philpapers.org/rec/BRIFAC,0.8608490228652954
historical_display_2d_104,62,centroid,1,31950,Lowering the consumption of animal products without sacrificing consumer freedom – a pragmatic proposal,"Kiesselbach, Matthias",2021,https://philpapers.org/rec/KIELTC-2,0.9522565603256226
historical_display_2d_104,62,centroid,2,30166,"Food, Animals, and the Environment: An Ethical Approach; By Christopher Schlottmann and Jeff Sebo","Johannsen, Kyle",2019,https://philpapers.org/rec/JOHROF-5,0.9510300755500793
historical_display_2d_104,62,centroid,3,58,Save the Meat for Cats: Why It’s Wrong to Eat Roadkill,"Abbate, Cheryl",2019,https://philpapers.org/rec/ABBSTM,0.9470407366752625
historical_display_2d_104,62,random,1,19921,Field Deaths in Plant Agriculture,"Fischer, Bob",2018,https://philpapers.org/rec/FISFDI,0.9168586134910583
historical_display_2d_104,62,random,2,28724,Counting Your Chickens,"Isaacs, Yoaav",2024,https://philpapers.org/rec/ISACYC,0.8588953018188477
historical_display_2d_104,63,centroid,1,5748,"Naturalism and the First-Person Perspective, by Lynne Rudder Baker","Berger, Jacob",2015,https://philpapers.org/rec/BERNAT-7,0.963686466217041
historical_display_2d_104,63,centroid,2,10752,Philosophy of Mind: Classical and Contemporary Readings (second edition),"Chalmers, David J.",2022,https://philpapers.org/rec/CHAPOM-11,0.9633994698524475
historical_display_2d_104,63,centroid,3,49423,What hard problem?,"Pigliucci, Massimo",2013,https://philpapers.org/rec/PIGWHP,0.9626144170761108
historical_display_2d_104,63,random,1,17842,The Nature and Function of Content in Computational Models,"Egan, Frances",2018,https://philpapers.org/rec/EGATNA-3,0.9039172530174255
historical_display_2d_104,63,random,2,17061,Fictionalism and Illusion: Comments on Chapter 5 of Kraus' Kant on Self-Knowledge and Self-Formation,"Dyck, Corey W.",manuscript,https://philpapers.org/rec/DYCFAI,0.9014071226119995
historical_display_2d_104,64,centroid,1,59462,Review of The New Wittgenstein-- Crary & Read Eds 403p (2000)(review revised 2019),"Starks, Michael",2019,https://philpapers.org/rec/STAROT-31,0.9667260646820068
historical_display_2d_104,64,centroid,2,59457,Review of The New Wittgenstein-- Crary & Read Eds. 403p (2000),"Starks, Michael",2016,https://philpapers.org/rec/STAROT-24,0.9592706561088562
historical_display_2d_104,64,centroid,3,41767,Review of The New Wittgenstein-- Crary & Read Eds 403p (2000),"Michael, Starks",2016,https://philpapers.org/rec/MICROT-6,0.9592706561088562
historical_display_2d_104,64,random,1,55750,Are plants cognitive? A reply to Adams,"Segundo-Ortin, Miguel",2019,https://philpapers.org/rec/SEGAPC,0.9163359999656677
historical_display_2d_104,64,random,2,64525,The spandrels of self-deception: Prospects for a biological theory of a mental phenomenon,"Van Leeuwen, Neil",2007,https://philpapers.org/rec/VANTSO,0.9201863408088684
historical_display_2d_104,65,centroid,1,2757,Ecumenical Truthmaking: A Précis of A Theory of Truthmaking,"Asay, Jamin",2022,https://philpapers.org/rec/ASAETA,0.9718198180198669
historical_display_2d_104,65,centroid,2,19978,Truthmaking and Fundamentality,"Fisher, A. R. J.",2016,https://philpapers.org/rec/FISTAF-10,0.9694920182228088
historical_display_2d_104,65,centroid,3,2765,Primitivism about Truth,"Asay, Jamin",2021,https://philpapers.org/rec/ASAPAT,0.9686017036437988
historical_display_2d_104,65,random,1,65455,Ground by Status,"Vogt, Lisa",2024,https://philpapers.org/rec/VOGGBS,0.9514650106430054
historical_display_2d_104,65,random,2,36912,"Grounds, Roots and Abysses","Loss, Roberto",2016,https://philpapers.org/rec/LOSGRA-3,0.9526568055152893
historical_display_2d_104,66,centroid,1,11142,The Cosmic Void,"Chen, Eddy Keming",2021,https://philpapers.org/rec/CHETCV,0.9646793007850647
historical_display_2d_104,66,centroid,2,11373,Philosophy of the Physical Sciences,"Smeenk, Chris",2014,https://philpapers.org/rec/CHRAP,0.9604495763778687
historical_display_2d_104,66,centroid,3,68498,"The Andromeda Paradox, Bricolage, and Perspectival Realism","Yates, John",unknown,https://philpapers.org/rec/YATTAP,0.9584461450576782
historical_display_2d_104,66,random,1,2049,Ultimate-Humeanism,"Andrews, Samuel John",2024,https://philpapers.org/rec/ANDUQX,0.876091480255127
historical_display_2d_104,66,random,2,23045,A logic and semantics for imperatives,"Goddard, Ian Williams",2008,https://philpapers.org/rec/GODALA,0.8659722208976746
historical_display_2d_104,67,centroid,1,66157,"Climate Injustice: A Critical Review of 'What Do Climate Change Winners Owe, and to Whom?'","Wang, Ziyuan",unknown,https://philpapers.org/rec/WANCIA-8,0.9652693867683411
historical_display_2d_104,67,centroid,2,59697,"Collapse, Social Tipping Dynamics, and Framing Climate Change","Steel, Daniel",2024,https://philpapers.org/rec/STECST-9,0.9642921090126038
historical_display_2d_104,67,centroid,3,32807,Climate change and the duties of the disadvantaged: reply to Caney,"Knight, Carl",2011,https://philpapers.org/rec/KNICCA,0.9637027978897095
historical_display_2d_104,67,random,1,60250,"Comments on Darrel Moellendorf, Mobilizing Hope","Stockdale, Katie",2024,https://philpapers.org/rec/STOCOD-3,0.8952416777610779
historical_display_2d_104,67,random,2,50418,Adding happy people,"Pummer, Theron",2016,https://philpapers.org/rec/PUMAHP,0.8670637011528015
historical_display_2d_104,68,centroid,1,34808,Enkrasia or evidentialism? Learning to love mismatch,"Lasonen-Aarnio, Maria",2020,https://philpapers.org/rec/LASEOE,0.9733553528785706
historical_display_2d_104,68,centroid,2,63670,The non-factive turn in epistemology: some hypotheses,"Turri, John",2017,https://philpapers.org/rec/TURTNT,0.9701181650161743
historical_display_2d_104,68,centroid,3,59409,"Reasons Fundamentalism and Rational Uncertainty – Comments on Lord, The Importance of Being Rational","Staffel, Julia",2020,https://philpapers.org/rec/STARFA-3,0.9697793126106262
historical_display_2d_104,68,random,1,25329,The Concept of Knowledge,"Hannon, Michael",2021,https://philpapers.org/rec/HANTCO-45,0.9406844973564148
historical_display_2d_104,68,random,2,45552,"Knowing, Believing, and Acting as if You Know","Ninan, Dilip",2021,https://philpapers.org/rec/NINKBA,0.8703902363777161
historical_display_2d_104,69,centroid,1,48852,"Evolution, Moral Justification, and Moral Realism","Peters, Uwe",2012,https://philpapers.org/rec/PETEMJ,0.9678040742874146
historical_display_2d_104,69,centroid,2,32511,Evolutionary Ethics,"Klenk, Michael",2019,https://philpapers.org/rec/KLEEE,0.9674950242042542
historical_display_2d_104,69,centroid,3,37133,The Cultural Evolution of Extended Benevolence,"Luco, Andres",2021,https://philpapers.org/rec/LUCTCE-4,0.9650623798370361
historical_display_2d_104,69,random,1,43178,The cultural evolution of mind-modelling,"Moore, Richard",2020,https://philpapers.org/rec/MOOTCE-6,0.8918486833572388
historical_display_2d_104,69,random,2,36562,Evolutionary psychology: A view from evolutionary biology,"Lloyd, Elisabeth A.",2002,https://philpapers.org/rec/LLOEPA,0.9335556626319885
historical_display_2d_104,70,centroid,1,24688,E. J. Lowe's Metaphysics and Philosophical/Analytic Theology. Special Issue.,"Guta, Mihretu P.",2021,https://philpapers.org/rec/GUTEJL-2,0.9630604982376099
historical_display_2d_104,70,centroid,2,42192,Russell Studies in Germany Today,"Milkov, Nikolay",2005,https://philpapers.org/rec/MILRSI-2,0.9616909623146057
historical_display_2d_104,70,centroid,3,47894,A Constructive Critique of the Foundations of Philosophy,"Patel, Ramesh Nath",1970,https://philpapers.org/rec/PATACC,0.961309015750885
historical_display_2d_104,70,random,1,35460,Why logic has not taken a step forward or backward,"Lemanski, Jens",2024,https://philpapers.org/rec/LEMWLH,0.9502795338630676
historical_display_2d_104,70,random,2,8031,If the motor system is no mirror',"Brincker, Maria",2012,https://philpapers.org/rec/BRIITM,0.8300120830535889
historical_display_2d_104,71,centroid,1,10156,The Moral Status of an Action Influences its Perceived Intentional Status in Adolescents with Psychopathic Traits,"Cardinale, Elise",2014,https://philpapers.org/rec/CARTMS-6,0.95334392786026
historical_display_2d_104,71,centroid,2,67895,"Psychopathy, Agency, and Practical Reason","Wonderly, Monique",2020,https://philpapers.org/rec/WONPAA-2,0.9412064552307129
historical_display_2d_104,71,centroid,3,52316,"Identification, situational constraint, and social cognition : studies in the attribution of moral responsibility","Robert, L. Woolfolk",2008,https://philpapers.org/rec/ROBISC,0.9356362819671631
historical_display_2d_104,71,random,1,25243,Exploring the relationship between purpose and moral psychological indicators,"Han, Hyemin",2024,https://philpapers.org/rec/HANETR-3,0.9111210107803345
historical_display_2d_104,71,random,2,474,Neuroprediction of future rearrest,"Aharoni, Eyal",2013,https://philpapers.org/rec/AHANOF,0.8459662199020386
historical_display_2d_104,72,centroid,1,31326,"Peter Heinegg, ed., Mortalism: Readings on the Meaning of Life","Kawall, J.",2004,https://philpapers.org/rec/KAWPHE,0.9705384373664856
historical_display_2d_104,72,centroid,2,7986,"Death, Immortality, and Meaning in Life. By John Martin Fischer. Oxford: Oxford University Press, 2020. 216 pages. $29.99. (Paperback)","Brissey, Patrick",2021,https://philpapers.org/rec/BRIDIA-2,0.9694942235946655
historical_display_2d_104,72,centroid,3,41582,The Meaning of Life (Second Revised Edition),"Metz, Thaddeus",2021,https://philpapers.org/rec/METTMO-19,0.9668472409248352
historical_display_2d_104,72,random,1,31224,What makes the affirmation of life difficult?,"Katsafanas, Paul",2022,https://philpapers.org/rec/KATWMT,0.9405153393745422
historical_display_2d_104,72,random,2,41527,Meaning as a Distinct and Fundamental Value: Reply to Kershnar,"Metz, Thaddeus",2014,https://philpapers.org/rec/METMAB,0.9413957595825195
historical_display_2d_104,73,centroid,1,20976,"Kierkegaard on Self, Ethics, and Religion: Purity or Despair","Fremstedal, Roe",2022,https://philpapers.org/rec/FREKOS,0.9679442644119263
historical_display_2d_104,73,centroid,2,7291,I Wish My Speech Were Like a Loadstone’: Cavendish on Love and Self-Love,"Borcherding, Julia",2021,https://philpapers.org/rec/BORIWM,0.9672636389732361
historical_display_2d_104,73,centroid,3,29656,Wholehearted Love: An Augustinian Reconstruction of Frankfurt,"Jech, Alexander",2009,https://philpapers.org/rec/JECWLA,0.9639774560928345
historical_display_2d_104,73,random,1,6910,Love and Fission,"Blumson, Ben",manuscript,https://philpapers.org/rec/BLULAF-7,0.9300682544708252
historical_display_2d_104,73,random,2,57512,The Tripartite Theory of Motivation in Plato’s Republic,"Singpurwalla, Rachel",2010,https://philpapers.org/rec/SINTTT,0.9284278750419617
historical_display_2d_104,74,centroid,1,53073,Well-Being as Fitting Happiness,"Rossi, Mauro",2022,https://philpapers.org/rec/ROSWAF-3,0.9686651825904846
historical_display_2d_104,74,centroid,2,50869,Well-Being and the Priority of Values,"Raibley, Jason",2010,https://philpapers.org/rec/RAIWAT,0.9661723375320435
historical_display_2d_104,74,centroid,3,27339,The Elements of Well-Being,"Hooker, Brad",2015,https://philpapers.org/rec/HOOTEO-8,0.9652122259140015
historical_display_2d_104,74,random,1,29482,Who lives a life worth living?,"Janning, Finn",2013,https://philpapers.org/rec/JANWLA,0.9451919198036194
historical_display_2d_104,74,random,2,15626,How to Use the Paradox of Hedonism,"Dietz, Alexander",2021,https://philpapers.org/rec/DIEHTU-2,0.9526240825653076
historical_display_2d_104,75,centroid,1,41640,"Review of L. Nathan Oaklander, ed., Debates in the Metaphysics of Time (Bloomsbury, 2014)","Meyer, Ulrich",2015,https://philpapers.org/rec/MEYROL,0.9656015634536743
historical_display_2d_104,75,centroid,2,38993,"On Myself, and Other, Less Important Subjects","Markosian, Ned",2014,https://philpapers.org/rec/MAROMA-6,0.9652197957038879
historical_display_2d_104,75,centroid,3,49243,"Gregory E. Ganssle, ed.: God and time: Four views","Pierce, Jeremy",2003,https://philpapers.org/rec/PIEGEG,0.9640796780586243
historical_display_2d_104,75,random,1,8195,Aristotelian Endurantism: A New Solution to the Problem of Temporary Intrinsics,"Brower, J. E.",2010,https://philpapers.org/rec/BROAEA-8,0.9191617369651794
historical_display_2d_104,75,random,2,65032,Paul Davies and Why Time Is Not a Flow,"Vesterby, Vincent",,https://philpapers.org/rec/VESPDA,0.88161700963974
historical_display_2d_104,76,centroid,1,33306,Questions of Ontology,"Koslicki, Kathrin",2016,https://philpapers.org/rec/KOSQOO,0.9658589363098145
historical_display_2d_104,76,centroid,2,50697,Metaphysics,"Raab, Jonas",forthcoming,https://philpapers.org/rec/RAAMUV,0.9637516140937805
historical_display_2d_104,76,centroid,3,44941,"Science and Metaphysics: Rudolf Carnap, Alfred Jules Ayer and Martin Heidegger","Nelson, Shang",2020,https://philpapers.org/rec/NELSAM-2,0.963138997554779
historical_display_2d_104,76,random,1,59598,Why Should Metaphysics be Systematic? Contemporary Answers and Kant’s,"Stang, Nicholas",forthcoming,https://philpapers.org/rec/STAWSM,0.9325377941131592
historical_display_2d_104,76,random,2,11701,Aristotle’s Argument from Truth in Metaphysics Γ 4,"Clay, Graham",2019,https://philpapers.org/rec/CLAAAF-8,0.9407581686973572
historical_display_2d_104,77,centroid,1,19866,What Is a Thing?,"Fiocco, M. Oreste",2019,https://philpapers.org/rec/FIOWIA,0.9664596915245056
historical_display_2d_104,77,centroid,2,43939,"Facts, Formal Objects and Ontology","Mulligan, Kevin",2009,https://philpapers.org/rec/MULFFO,0.9653133749961853
historical_display_2d_104,77,centroid,3,64915,"Blurring Boundaries: Carnap, Quine, and the Internal–External Distinction","Verhaegh, Sander",2017,https://philpapers.org/rec/VERBBC,0.9651031494140625
historical_display_2d_104,77,random,1,19948,On Lewis against magic: a study of method in metaphysics,"Fisher, A. R. J.",2018,https://philpapers.org/rec/FISOLA,0.9496906995773315
historical_display_2d_104,77,random,2,61435,Natural Kind Essentialism Revisited,"Tahko, Tuomas E.",2015,https://philpapers.org/rec/TAHNKE,0.9101809859275818
historical_display_2d_104,78,centroid,1,3588,Daniel Dennett. Reconciling science and our self-conception. By Matthew,"Bain, David",2005,https://philpapers.org/rec/BAIDDR,0.9682242274284363
historical_display_2d_104,78,centroid,2,14028,The ramist context of Berkeley's philosophy,"Daniel, Stephen H.",2001,https://philpapers.org/rec/DANTRC,0.9599025249481201
historical_display_2d_104,78,centroid,3,47040,What is Locke's Theory of Representation?,"Ott, Walter",2012,https://philpapers.org/rec/OTTWIL,0.9588841199874878
historical_display_2d_104,78,random,1,13170,Marxism and psychoanalysis in Simone de Beauvoir’s Second Sex,"Cremaschi, Sergio Volodia",manuscript,https://philpapers.org/rec/CREMAP,0.8557496070861816
historical_display_2d_104,78,random,2,52341,Nonconceptualism or De Re Sense? A New Reading of Kantian Intuition,"Roberto, Sá Pereira",2017,https://philpapers.org/rec/ROBNOD-2,0.9192416667938232
historical_display_2d_104,79,centroid,1,44788,A Counterexample to Parfit's Rule Consequentialism,"Nebel, Jacob",2012,https://philpapers.org/rec/NEBACT,0.9735509753227234
historical_display_2d_104,79,centroid,2,61707,MacIntyre and Kovesi on the Nature of Moral Concepts,"Tapper, Alan",2012,https://philpapers.org/rec/TAPMAK,0.9727346301078796
historical_display_2d_104,79,centroid,3,18121,Taking metaphysics seriously: Kant on the foundations of ethics,"Elizondo, E. Sonny",2021,https://philpapers.org/rec/ELITMS,0.9723610877990723
historical_display_2d_104,79,random,1,11997,In Defense of an End-Relational Account of Goodness,"Coffey, Brian",2014,https://philpapers.org/rec/COFIDO,0.9411535859107971
historical_display_2d_104,79,random,2,31906,Philosophical Misanthropy,"Kidd, Ian James",2020,https://philpapers.org/rec/KIDPM,0.9495872855186462
historical_display_2d_104,80,centroid,1,39561,Philosophy for life and other dangerous situations,"Matchett, Nancy J.",2015,https://philpapers.org/rec/MATPFL,0.9591116905212402
historical_display_2d_104,80,centroid,2,10835,Review of The Self,"Chattopadhyay, Subhasis",2020,https://philpapers.org/rec/CHAROT-32,0.9582069516181946
historical_display_2d_104,80,centroid,3,35717,"Commentary on Szmukler: Mental Illness, Dangerousness, and Involuntary Civil Commitment","Levy, Ken",2016,https://philpapers.org/rec/LEVCOS,0.9573714137077332
historical_display_2d_104,80,random,1,31003,Delusions in the phenomenological perspective,"Kapusta, Andrzej",2014,https://philpapers.org/rec/KAPDIT-2,0.9208095073699951
historical_display_2d_104,80,random,2,6634,Self-Deception and Illusions of Esteem: Contextualizing Du Châtelet’s Challenge,"Blank, Andreas",2022,https://philpapers.org/rec/BLASAI-6,0.896034300327301
historical_display_2d_104,81,centroid,1,65141,Too much and too little,"Victor, Mota",manuscript,https://philpapers.org/rec/VICTMA,0.9633238315582275
historical_display_2d_104,81,centroid,2,65086,Carlos Lopes,"Victor, Mota",manuscript,https://philpapers.org/rec/VICCLK,0.9619861841201782
historical_display_2d_104,81,centroid,3,65091,Dealbar of Hope,"Victor, Mota",manuscript,https://philpapers.org/rec/VICDOH,0.9608414173126221
historical_display_2d_104,81,random,1,52688,Theories of Judgment,"Rojszczak, Artur",2003,https://philpapers.org/rec/ROJTOJ,0.836035966873169
historical_display_2d_104,81,random,2,46131,Effective Preaching of the word of God: Concrete Considerations,"Obielosi, Dominic",2019,https://philpapers.org/rec/OBIEPO,0.9284593462944031
historical_display_2d_104,82,centroid,1,67648,The specifics of suburban architecture,"Winskowski, Piotr",2015,https://philpapers.org/rec/WINTSO-21,0.9604630470275879
historical_display_2d_104,82,centroid,2,50886,(Re)framing Spatiality as a Socio-cultural Paradigm: Examining the Iranian Housing Culture and Processes,"Rajendran, Lakshmi",2021,https://philpapers.org/rec/RAJRSA,0.9576841592788696
historical_display_2d_104,82,centroid,3,10948,"Ugliness in architecture in the Australian, American, British and Italian milieus: Subtopia between the 1950s and the 1970s","Charitonidou, Marianna",2022,https://philpapers.org/rec/CHAUIA,0.9568243026733398
historical_display_2d_104,82,random,1,60654,Promotion sustainable tourism in global economy,"Stukalo, Nataliia",2018,https://philpapers.org/rec/STUPST,0.8510128259658813
historical_display_2d_104,82,random,2,65350,Visualizing Community: Images of Poverty in a Philippine Rural Community,"Viray, Joseph Reylan",2020,https://philpapers.org/rec/VIRVCI,0.8579341173171997
historical_display_2d_104,83,centroid,1,59475,"Remarks on Wittgenstein, Gödel, Chaitin, Incompleteness, Impossiblity and the Psychological Basis of Science and Mathematics","Starks, Michael Richard",2019,https://philpapers.org/rec/STAROW-15,0.9615814685821533
historical_display_2d_104,83,centroid,2,39065,"Review of Logic, Logic and Logic, by George Boolos","Mar, Gary",2000,https://philpapers.org/rec/MARROL-8,0.9611110687255859
historical_display_2d_104,83,centroid,3,10061,"Philosophical Logic: An Introduction to Advanced Topics, by George Englebretsen and Charles Sayward","Carmichael, Chad",2013,https://philpapers.org/rec/CARPLA-5,0.9606695771217346
historical_display_2d_104,83,random,1,30321,Mathematical Pluralism and Indispensability,"Jonas, Silvia",2023,https://philpapers.org/rec/JONMPA-5,0.9144173264503479
historical_display_2d_104,83,random,2,50333,Russell and the universalist conception of logic,"Proops, Ian",2007,https://philpapers.org/rec/PRORAT,0.9245138764381409
historical_display_2d_104,84,centroid,1,66376,"Morality and the Emotions. Edited by Carla Bagnoli. (Oxford UP, 2011. Pp. vi + 304. Price £37.50.)","Way, Jonathan",2013,https://philpapers.org/rec/WAYMAT-2,0.9645888209342957
historical_display_2d_104,84,centroid,2,3031,Forgiveness and the Multiple Functions of Anger,"Aumann, Antony G.",2019,https://philpapers.org/rec/AUMFAT,0.9630708694458008
historical_display_2d_104,84,centroid,3,56233,Ethics and the Emotions: An Introduction to the Special Issue,"Shaw, Ashley",2022,https://philpapers.org/rec/SHAEAT-17,0.9609992504119873
historical_display_2d_104,84,random,1,67479,Tripartition and the Causes of Criminal Behavior in Laws ix,"Wilburn, Joshua",2013,https://philpapers.org/rec/WILTAT-13,0.9275012016296387
historical_display_2d_104,84,random,2,61739,Interpersonal Invisibility and the Recognition of Other Persons,"Tarasenko-Struc, Aleksy",2020,https://philpapers.org/rec/TARIIA-2,0.8772255182266235
historical_display_2d_104,85,centroid,1,46053,Non-Consequentialism Demystified,"Ku, John",2015,https://philpapers.org/rec/NYEND,0.9730314612388611
historical_display_2d_104,85,centroid,2,18320,From Valuing to Value: A Defense of Subjectivism By David Sobel,"Elson, Luke",2018,https://philpapers.org/rec/ELSFVT,0.9724469184875488
historical_display_2d_104,85,centroid,3,10669,Knowing What Matters,"Chappell, Richard Yetter",2017,https://philpapers.org/rec/CHAKWM,0.9720797538757324
historical_display_2d_104,85,random,1,55315,Procedural Moral Enhancement,"Schaefer, G. Owen",2016,https://philpapers.org/rec/SCHPME-2,0.9105895161628723
historical_display_2d_104,85,random,2,54583,The influence of global intellectualization on human development,"Sardak, Sergii",2019,https://philpapers.org/rec/SARTIO-20,0.7168548703193665
historical_display_2d_104,86,centroid,1,36084,Are reasons evidence of oughts?,"Lihoreau, Franck",2012,https://philpapers.org/rec/LIHARE,0.9740082025527954
historical_display_2d_104,86,centroid,2,66931,"Keep Things in Perspective: Reasons, Rationality, and the A Priori","Whiting, Daniel",2014,https://philpapers.org/rec/WHIKTI,0.9725886583328247
historical_display_2d_104,86,centroid,3,57082,Reducing Reasons,"Silverstein, Matthew",2016,https://philpapers.org/rec/SILRR,0.9711547493934631
historical_display_2d_104,86,random,1,26760,System Consequentialism,"Hiller, Avram",2013,https://philpapers.org/rec/HILSC-4,0.8503057956695557
historical_display_2d_104,86,random,2,36121,Revisionary dispositionalism and practical reason,"Lillehammer, H.",2000,https://philpapers.org/rec/LILRDA,0.9581910967826843
historical_display_2d_104,87,centroid,1,44047,"The Right to Do Wrong: Morality and the Limits of Law, by Mark Osiel (Cambridge: Harvard University Press), 2019","Muñoz, Daniel",2023,https://philpapers.org/rec/MUOTRT-2,0.9681606888771057
historical_display_2d_104,87,centroid,2,68964,The Abolition of Punishment: Is a Non-Punitive Criminal Justice System Ethically Justified?,"Zawadzki, Przemysław",2024,https://philpapers.org/rec/ZAWTAO,0.9635071754455566
historical_display_2d_104,87,centroid,3,50764,Advocacy and Genuine Autonomy: The Lawyer's Role When the Client Has a Right to Do Wrong,"Radzik, Linda",1999,https://philpapers.org/rec/RADAAG,0.9609494209289551
historical_display_2d_104,87,random,1,4610,The Specter of Normative Conflict: Does Fairness Require Inaccuracy?,"Basu, Rima",2020,https://philpapers.org/rec/BASTSO-14,0.8918709754943848
historical_display_2d_104,87,random,2,28059,Ice Cube and the philosophical foundations of community policing,"Hunt, Luke William",2019,https://philpapers.org/rec/HUNICA,0.8935913443565369
historical_display_2d_104,88,centroid,1,20326,"Confusion of Tongues: A Theory of Normative Language, by Stephen Finlay","Fogal, Daniel",2016,https://philpapers.org/rec/FOGCOT,0.9644392132759094
historical_display_2d_104,88,centroid,2,33873,Literal Meaning & Cognitive Content,"Kuczynski, John-Michael",2015,https://philpapers.org/rec/KUCLM,0.9643214344978333
historical_display_2d_104,88,centroid,3,54476,What Is Meaning? By Scott Soames. Soochow University Lectures in Philosophy,"Sandler, Sergeiy",2012,https://philpapers.org/rec/SANWIM-2,0.962960958480835
historical_display_2d_104,88,random,1,2530,The Story About Propositions,"Armour-Garb, Bradley",2010,https://philpapers.org/rec/ARMTSA-2,0.9447458386421204
historical_display_2d_104,88,random,2,45922,Demonstratives without rigidity or ambiguity,"Nowak, Ethan",2014,https://philpapers.org/rec/NOWDWR,0.9224317669868469
historical_display_2d_104,89,centroid,1,16618,A Rightness-Based Theory of Communicative Propriety,"Drucker, Daniel",2019,https://philpapers.org/rec/DRUART-2,0.9602447748184204
historical_display_2d_104,89,centroid,2,56697,On stipulation,"Shields, Matthew",2021,https://philpapers.org/rec/SHIOS,0.9588145613670349
historical_display_2d_104,89,centroid,3,23698,"Critical Review of Richard Moran, The Exchange of Words","Graham, Peter",2020,https://philpapers.org/rec/GRACRO-5,0.955575704574585
historical_display_2d_104,89,random,1,56701,Philosophical Speech Acts,"Shields, Matthew",2020,https://philpapers.org/rec/SHIPSA-2,0.9378610849380493
historical_display_2d_104,89,random,2,39948,Intentions in Spoken Communication. Strong and Weak Interactionist Perspectives,"Mazzone, Marco",2010,https://philpapers.org/rec/MAZIIS,0.9041692018508911
historical_display_2d_104,90,centroid,1,34571,Mental Calisthenics and Self-Reflexive Fiction,"Landy, Joshua",2015,https://philpapers.org/rec/LANMCA-7,0.9566164612770081
historical_display_2d_104,90,centroid,2,21135,Imagining Fact and Fiction,"Friend, Stacie",2008,https://philpapers.org/rec/FRIIFA,0.9552751779556274
historical_display_2d_104,90,centroid,3,19588,"Science Fiction and the Boundaries of Philosophy: Exploring the Neutral Zone with Plato, Kant, and H.G. Wells","Fiala, Andrew",2023,https://philpapers.org/rec/FIASFA-2,0.9552748203277588
historical_display_2d_104,90,random,1,44100,"Jacques Lacan’s Registers of the Psychoanalytic Field, Applied using Geometric Data Analysis to Edgar Allan Poe’s “The Purloined Letter”","Murtagh, Fionn",manuscript,https://philpapers.org/rec/MURJLR,0.8660429120063782
historical_display_2d_104,90,random,2,3591,"Empathy, Sensibility, and the Novelist's Imagination","Bailey, Olivia",2022,https://philpapers.org/rec/BAIESA-2,0.9344048500061035
historical_display_2d_104,91,centroid,1,5787,Quasi-Dependence,"Berker, Selim",2020,https://philpapers.org/rec/BERQ-3,0.9620933532714844
historical_display_2d_104,91,centroid,2,31795,"Expressivism, Belief, and All That","Köhler, Sebastian",2017,https://philpapers.org/rec/KHLEBA,0.9592452645301819
historical_display_2d_104,91,centroid,3,50096,How to refrain from answering Kripke’s puzzle,"Powell, Lewis",2012,https://philpapers.org/rec/POWHTR,0.9583980441093445
historical_display_2d_104,91,random,1,6875,Attitude verbs’ local context,"Blumberg, Kyle",2022,https://philpapers.org/rec/BLUAVL,0.9135075211524963
historical_display_2d_104,91,random,2,12693,Hare and Others on the Proposition,"Corcoran, John",2011,https://philpapers.org/rec/CORHAO,0.9502283930778503
historical_display_2d_104,92,centroid,1,24707,Seeing One Another Anew with Godfrey Reggio's Visitors,"Guter, Eran",2023,https://philpapers.org/rec/GUTSOA,0.9651421308517456
historical_display_2d_104,92,centroid,2,55155,"Ideology, Socratic elenchus, and Inglourious Basterds","Schnee, Ian",2013,https://philpapers.org/rec/SCHISE-3,0.9650810956954956
historical_display_2d_104,92,centroid,3,23683,"American History X, Cinematic Manipulation, and Moral Conversion","Grau, Christopher",2010,https://philpapers.org/rec/GRAAHX,0.9613000154495239
historical_display_2d_104,92,random,1,46434,Volodymyr Vynnychenko and the Early Ukrainian Decadent Film (1917–1918).,"Olga, Kirillova",2017,https://philpapers.org/rec/OLGVVA,0.932667076587677
historical_display_2d_104,92,random,2,52741,Paths of Words: The political dimension of friendly conversation in Robert Guédiguian’s films,"Romero-Iribas, A.",2022,https://philpapers.org/rec/ROMPOW-2,0.9361516237258911
historical_display_2d_104,93,centroid,1,15014,"Attuned, Transcendent & Transfigured: Nietzsche's Aesthetic Psychology","Denham, A. E.",2014,https://philpapers.org/rec/DENAT,0.9740542769432068
historical_display_2d_104,93,centroid,2,45259,"Review of Jennifer Lena's ""Entitled: Discriminating Tastes and the Expansion of the Arts""","Nguyen, C. Thi",2020,https://philpapers.org/rec/NGUROJ,0.9719393849372864
historical_display_2d_104,93,centroid,3,12492,Peter Lamarque,"Contesi, Filippo",2012,https://philpapers.org/rec/CONPL-2,0.971887469291687
historical_display_2d_104,93,random,1,40443,Perceptual constraints and perceptual schemata: The possibility of perceptual style,"McMahon, Jennifer A.",2003,https://philpapers.org/rec/MCMPCA,0.9268559813499451
historical_display_2d_104,93,random,2,42732,Visual Information and Scientific Understanding,"Mößner, Nicola",2015,https://philpapers.org/rec/MNEVIA,0.8285701870918274
historical_display_2d_104,94,centroid,1,43972,"Searle, Derrida, and the ends of phenomenology","Mulligan, Kevin",2003,https://philpapers.org/rec/MULSDA-2,0.9720921516418457
historical_display_2d_104,94,centroid,2,59361,Merleau-ponty in dialogue with the cognitive sciences in light of recent imitation research,"Stawarska, Beata",2003,https://philpapers.org/rec/STAMID-2,0.9697003960609436
historical_display_2d_104,94,centroid,3,18607,The Call of Being: On Pure Phenomenality and Radical Immanence,"Erkan, Ekin",2020,https://philpapers.org/rec/ERKTCO,0.9692938923835754
historical_display_2d_104,94,random,1,61760,The Common Sense Personalism of St. John Paul II,"Pawel, Tarasiewicz",2014,https://philpapers.org/rec/TARTCS,0.93839430809021
historical_display_2d_104,94,random,2,42721,The logical and pedagogical paths of phenomenology. Adalberto García de Mendoza's and Francisco Larroyo's forays,"Méndez-martínez, Jorge Luis",2024,https://philpapers.org/rec/MNDTLA,0.930590033531189
historical_display_2d_104,95,centroid,1,2194,"Review of Mark White, The Manipulation of Choice: Ethics and Libertarian Paternalism","Anomaly, Jonny",2013,https://philpapers.org/rec/ANOROM-2,0.947145402431488
historical_display_2d_104,95,centroid,2,12966,"William A. Edmundson: John Rawls: Reticent Socialist. (Cambridge: Cambridge University Press, 2017. Pp. 212.)","Cowen, Nick",2019,https://philpapers.org/rec/COWWAE,0.9466686844825745
historical_display_2d_104,95,centroid,3,32665,Book review: The Solidarity Economy Alternative: Emerging Theory and Practice,"Klimczuk, Andrzej",2016,https://philpapers.org/rec/KLIBRT-4,0.9457197189331055
historical_display_2d_104,95,random,1,35567,Against _Against Intellectual Property_: a Short Refutation of Meme Communism,"Lester, J. C.",2011,https://philpapers.org/rec/LESAAI,0.8721118569374084
historical_display_2d_104,95,random,2,1745,"Firms cash management, adjustment cost and its impact on firms’ speed of adjustment: a cross country analysis","Amin, Qazi Awais",2020,https://philpapers.org/rec/AMIFCM,0.8090759515762329
historical_display_2d_104,96,centroid,1,65568,The ethics of voluntary ethics standards,"von Kriegstein, Hasko",2024,https://philpapers.org/rec/VONTEO-16,0.9436867833137512
historical_display_2d_104,96,centroid,2,51443,Business Ethics from the Standpoint of Redemption: Adorno on the Possibility of Good Work,"Reeves, Craig",2021,https://philpapers.org/rec/REEBEF,0.9420549869537354
historical_display_2d_104,96,centroid,3,12824,Does Milton Friedman Support a Vigorous Business Ethics?,"Cosans, Christopher",2009,https://philpapers.org/rec/COSDMF-2,0.9418865442276001
historical_display_2d_104,96,random,1,18913,The Virtues Appropriate to Business,"Ewin, R. E.",1995,https://philpapers.org/rec/EWITVA,0.8986954092979431
historical_display_2d_104,96,random,2,18207,Review: Envisioning Real Utopias by Erik Olin Wright,"Ellerman, David",2018,https://philpapers.org/rec/ELLRER,0.9031049609184265
historical_display_2d_104,97,centroid,1,3159,Philosophy and the Non-Native Speaker Condition,"Ayala-López, Saray",2015,https://philpapers.org/rec/AYAPAT,0.9725596904754639
historical_display_2d_104,97,centroid,2,56262,Feminism and Heterodoxy,"Sharp, Hasana",2019,https://philpapers.org/rec/SHAFAH-2,0.9649234414100647
historical_display_2d_104,97,centroid,3,62874,"Masculine Foes, Feminist Woes: A Response to Down Girl","Toole, Briana",2019,https://philpapers.org/rec/TOOMFF,0.9632344841957092
historical_display_2d_104,97,random,1,19965,Review of 'Engels Revisited: Feminist Essays' (by Sayers et al.),"Fischer, Clara",2010,https://philpapers.org/rec/FISROE-2,0.9462811946868896
historical_display_2d_104,97,random,2,28809,The Eternal and … Non-Eternal Woman – Review,"Istvan, Kiraly V.",2013,https://philpapers.org/rec/ISTTEA,0.9522606730461121
historical_display_2d_104,98,centroid,1,9670,Laozi Through the Lens of the White Rose: Resonance or Dissonance?,"Cantor, Lea",2023,https://philpapers.org/rec/CANLTT,0.9574313163757324
historical_display_2d_104,98,centroid,2,54214,A brief overview of the research interest and works of Joseph T. O’Connell,"Sander, Åke",2016,https://philpapers.org/rec/SANABO,0.9563571214675903
historical_display_2d_104,98,centroid,3,7167,The Implications of Mircea Eliade’s Approach on Sacred for Contemporary World,"Boldisor, Adrian",2015,https://philpapers.org/rec/BOLTIO-6,0.9538319110870361
historical_display_2d_104,98,random,1,45421,The Aesthetics of existence and the Political in Late Foucault,"Nica, Daniel",2015,https://philpapers.org/rec/NICTAO-9,0.898327112197876
historical_display_2d_104,98,random,2,11651,"A new version of religion, the megalopolitan one. How the overcrowding society interacts with traditional local religion. Secularization, the new messiah","Ciocan, Tudor Cosmin",2018,https://philpapers.org/rec/CIOANV-2,0.9448585510253906
historical_display_2d_104,99,centroid,1,23533,Incarnation,"Gorman, Michael",2011,https://philpapers.org/rec/GORI-4,0.9691227674484253
historical_display_2d_104,99,centroid,2,60132,"The Soul of Classical American Philosophy: The ethical and spiritual insights of William James, Josiah Royce, and Charles Sanders Peirce","Stehn, Alexander V.",2008,https://philpapers.org/rec/STETSO-5,0.9676794409751892
historical_display_2d_104,99,centroid,3,41835,"Desmond M. Clarke and Catherine Wilson, eds., The Oxford Handbook of Philosophy in Early Modern Europe. Reviewed by","Mihali, Andreea",2012,https://philpapers.org/rec/MIHDMC-2,0.9672865867614746
historical_display_2d_104,99,random,1,21802,A Philosophical Argument For The Existence of Angels,"Garner, Jonathan",manuscript,https://philpapers.org/rec/GARAPA-14,0.8910505175590515
historical_display_2d_104,99,random,2,31862,"Confidence, Humility, and Hubris in Nineteenth Century Philosophies","Kidd, Ian James",2017,https://philpapers.org/rec/KIDCHA,0.9242088794708252
historical_display_2d_104,100,centroid,1,15148,The Great Leveler: Conceptual and Figural Ambiguities of Equality,"Deranty, Jean-Philippe",2017,https://philpapers.org/rec/DERTGL,0.9689481854438782
historical_display_2d_104,100,centroid,2,9533,"Review of Horcher 2020, A Political Philosophy of Conservatism","Callaway, H. G.",2020,https://philpapers.org/rec/CALROH-5,0.9682698249816895
historical_display_2d_104,100,centroid,3,26529,The Political Theology of Sir James Stephen,"Heslehurst, Raymond",2015,https://philpapers.org/rec/HESTPT,0.9665916562080383
historical_display_2d_104,100,random,1,11120,Symbolic Capital and the State’s Unconventional Weapon against Insurgent Terrorism.,"Cheng, Sinkwan",2010,https://philpapers.org/rec/CHESCA-4,0.9021208882331848
historical_display_2d_104,100,random,2,50201,"You're Not Really Black, You're Not Really White","Preston-Roedder, Erica",2024,https://philpapers.org/rec/PREYAR,0.9055973887443542
historical_display_2d_104,101,centroid,1,27579,Global Leviathan,"Hough, Derek Philip",2024,https://philpapers.org/rec/HOUGLS,0.963003933429718
historical_display_2d_104,101,centroid,2,59113,"Hobbes, civil law, liberty and the _Elements of Law_","Springborg, Patricia",2016,https://philpapers.org/rec/SPRHCL,0.9625774025917053
historical_display_2d_104,101,centroid,3,54005,"Global Justice: A Cosmopolitan Account,By Gillian Brock","Salam, Dara",2011,https://philpapers.org/rec/SALGJA,0.9620649218559265
historical_display_2d_104,101,random,1,293,Institutional Legitimacy,"Adams, N. P.",2018,https://philpapers.org/rec/ADAIL,0.9435956478118896
historical_display_2d_104,101,random,2,28440,WHEN DARFUR WEEPS: A HISTORICAL OVERVIEW,"Ijenu, Benjamin",2009,https://philpapers.org/rec/IJEWDW,0.9110677242279053
historical_display_2d_104,102,centroid,1,41047,Illegal: How America's lawless immigration regime threatens us all,"Mendoza, José Jorge",2020,https://philpapers.org/rec/MENIHA-2,0.9615930318832397
historical_display_2d_104,102,centroid,2,55465,The Challenge of Migration. Is Liberalism the Problem?,"Schubert, Karsten",2021,https://philpapers.org/rec/SCHTCO-227,0.9612535834312439
historical_display_2d_104,102,centroid,3,26637,"Freedom, immigration, and adequate options","Hidalgo, Javier S.",2012,https://philpapers.org/rec/HIDFIA,0.9579572677612305
historical_display_2d_104,102,random,1,39234,Uncovering a Tension,"Maring, Luke",2018,https://philpapers.org/rec/MARUAT-3,0.9430479407310486
historical_display_2d_104,102,random,2,64571,A Kantian Conception of Global Justice,"Varden, Helga",2011,https://philpapers.org/rec/VARAKC-4,0.934428334236145
historical_display_2d_104,103,centroid,1,13569,Justice and the Crooked Wood of Human Nature,"Cureton, Adam",2014,https://philpapers.org/rec/CURJAT-3,0.963563859462738
historical_display_2d_104,103,centroid,2,52572,Wilt Chamberlain Redux: Thinking Clearly about Externalities and the Promises of Justice,"Rodgers, Lamont",2018,https://philpapers.org/rec/RODWCR,0.9600032567977905
historical_display_2d_104,103,centroid,3,64188,Nozick’s Libertarian Theory of Justice,"Vallentyne, Peter",2011,https://philpapers.org/rec/VALNLT,0.9597962498664856
historical_display_2d_104,103,random,1,23075,Natural Unity and Paradoxes of Legal Persons,"Goetz, James",2014,https://philpapers.org/rec/GOENUA,0.9221145510673523
historical_display_2d_104,103,random,2,61831,Self-Realization and the Priority of Fair Equality of Opportunity,"Taylor, Robert",2004,https://philpapers.org/rec/TAYSAT-3,0.9369235038757324
