finalist,strategy,cluster,pca_refitted,full_size,subsample_jaccard_mean,subsample_jaccard_median,subsample_jaccard_min,subsample_jaccard_ci_low,subsample_jaccard_ci_high,stability_band
current_30d_42,scaled,0,False,218,0.9652211051736087,0.9677409911887825,0.9340659340659341,0.9355416834474426,0.9914718785344621,at_least_0.85
current_30d_42,scaled,1,False,273,0.94618190603267,0.9543226613828345,0.9065420560747663,0.9102814262860992,0.9709688285570639,at_least_0.85
current_30d_42,scaled,2,False,406,0.7981867046485538,0.8532373721396183,0.005970420107068324,0.283491613413354,0.9355674230497801,0.75_to_0.85
current_30d_42,scaled,3,False,1843,0.7202797337778111,0.8481120347449738,0.026691235495876816,0.026718642215772675,0.8828683499584372,0.60_to_0.75
current_30d_42,scaled,4,False,346,0.7335335191727486,0.8752162629757785,0.004863354262693718,0.004997113499271411,0.9387435567010309,0.60_to_0.75
current_30d_42,scaled,5,False,2823,0.4854359799557545,0.3253920500532861,0.04128481988930224,0.041294679681999714,0.9302564609965568,below_0.60
current_30d_42,scaled,6,False,285,0.5142766306679954,0.5914735591206179,0.003904397007845284,0.003931700636816138,0.816186414630398,below_0.60
current_30d_42,scaled,7,False,2790,0.7314080990686475,0.8895793109366285,0.039627805145046525,0.0397882937502256,0.9031267176694661,0.60_to_0.75
current_30d_42,scaled,8,False,549,0.5517640491516251,0.6677556129865935,0.007694401596951275,0.007809402108240689,0.7618810421814713,below_0.60
current_30d_42,scaled,9,False,380,0.5895433074390249,0.7335115167318558,0.0054078577261591505,0.005449491916910542,0.8282455892731122,below_0.60
current_30d_42,scaled,10,False,1166,0.6474967805611078,0.7562588461327124,0.016967607295163778,0.01711498160591428,0.811986077856936,0.60_to_0.75
current_30d_42,scaled,11,False,210,0.30801607310717016,0.1108070978257123,0.0,0.0,0.8439503025549081,below_0.60
current_30d_42,scaled,12,False,323,0.38166972323816306,0.27566961992809447,0.004579456303594235,0.004598310082647034,0.8837899577691279,below_0.60
current_30d_42,scaled,13,False,626,0.7437342649946521,0.8848347896993631,0.008994708994708995,0.009041034754172854,0.9267419962335217,0.60_to_0.75
current_30d_42,scaled,14,False,645,0.5226625161639669,0.5355230957479351,0.009165266924706055,0.009182058212323959,0.828170953840686,below_0.60
current_30d_42,scaled,15,False,207,0.32910054076529194,0.008092030603653403,0.0006925207756232687,0.001017843379654007,0.9294657787864309,below_0.60
current_30d_42,scaled,16,False,414,0.6658949573285952,0.8095699341340565,0.00598856728064604,0.006125205631133186,0.9388350340136055,0.60_to_0.75
current_30d_42,scaled,17,False,1224,0.6435446691696991,0.7626946824092345,0.017624521072796936,0.01778627505665494,0.8552798997147368,0.60_to_0.75
current_30d_42,scaled,18,False,1060,0.6119431051725763,0.8181538481468527,0.01519024318995107,0.01531903882162568,0.8591160336927756,0.60_to_0.75
current_30d_42,scaled,19,False,262,0.6040807263438361,0.7848169975186104,0.0037793032936536916,0.0037943147935452864,0.9260135135135136,0.60_to_0.75
current_30d_42,scaled,20,False,217,0.34489763105863214,0.2451886166378222,0.0014858841010401188,0.0022457102733264983,0.7382727272727273,below_0.60
current_30d_42,scaled,21,False,477,0.6031087940831527,0.697891119142894,0.006823337265220942,0.006866780434976262,0.8157457983193277,0.60_to_0.75
current_30d_42,scaled,22,False,558,0.32676706936120065,0.3818284825380974,0.007868984152486672,0.007958455587595652,0.6574177121771216,below_0.60
current_30d_42,scaled,23,False,1244,0.4086611022859,0.47038814824057573,0.017947554668360403,0.018155486722323522,0.7232818072849653,below_0.60
current_30d_42,scaled,24,False,1860,0.5116577351755124,0.6884079661558109,0.026948552762907176,0.027208106967539586,0.7588883189248588,below_0.60
current_30d_42,scaled,25,False,226,0.7166114034345858,0.8488618186292605,0.003066872334633881,0.0031180444836192956,0.8913423645320198,0.60_to_0.75
current_30d_42,scaled,26,False,9877,0.28950488038973704,0.240258763042754,0.14359858452046093,0.14392978705878867,0.8651593697898283,below_0.60
current_30d_42,scaled,27,False,4187,0.6400315611578999,0.7553902101935248,0.06084656084656084,0.060855089383289575,0.8519663203455509,0.60_to_0.75
current_30d_42,scaled,28,False,665,0.6518598843804949,0.8049342515268603,0.009475644489885342,0.009577743935177283,0.8659371462586362,0.60_to_0.75
current_30d_42,scaled,29,False,547,0.5454836996444893,0.703715775749674,0.007777696633316293,0.007844465700562573,0.8339246811283865,below_0.60
current_30d_42,scaled,30,False,246,0.41992699993751614,0.5964248979914776,0.0016260162601626016,0.002510070571931894,0.820764399509804,below_0.60
current_30d_42,scaled,31,False,252,0.601178090201666,0.7562674930027988,0.003541955743810706,0.0035576485330353273,0.8294777425352728,0.60_to_0.75
current_30d_42,scaled,32,False,327,0.736029350557266,0.8593433510763577,0.00468197078305054,0.004737272026545796,0.9234396200814111,0.60_to_0.75
current_30d_42,scaled,33,False,1273,0.7276715069637456,0.8526055705300988,0.01834679248707014,0.018434465091715622,0.8844150672677739,0.60_to_0.75
current_30d_42,scaled,34,False,474,0.4970973808368228,0.5536344389555399,0.007047396479953261,0.007078886872146045,0.7670739557924912,below_0.60
current_30d_42,scaled,35,False,336,0.373835451260424,0.4290786827551534,0.004907863528553184,0.0049094809048894576,0.7195068577592849,below_0.60
current_30d_42,scaled,36,False,2992,0.5781099699288732,0.6787330018886125,0.04311768442065148,0.04345033869168845,0.7427451365699461,below_0.60
current_30d_42,scaled,37,False,300,0.43199930252227015,0.5365103488203793,0.0023923444976076554,0.0033333785565529753,0.6498555363321799,below_0.60
current_30d_42,scaled,38,False,1766,0.5590142325604693,0.6658236924209833,0.025433315088487504,0.02555827936982723,0.7667493237585704,below_0.60
current_30d_42,scaled,39,False,2306,0.4912120484174184,0.6097698280052404,0.033410622021799063,0.03354723593017284,0.7246173977024546,below_0.60
current_30d_42,scaled,40,False,1490,0.5177586572686232,0.6613323715662756,0.021343021982034617,0.021393817145776414,0.7790497664566615,below_0.60
current_30d_42,scaled,41,False,449,0.4988657147131493,0.6863224315677213,0.006426641349594683,0.006441857535028725,0.808564363222221,below_0.60
current_30d_42,fixed,0,False,218,0.00011832987432168352,0.0,0.0,0.0,0.0009914085162509966,below_0.60
current_30d_42,fixed,1,False,273,0.855784313997337,0.9543226613828345,0.00030906843138680824,0.0067049606509959865,0.9709688285570639,at_least_0.85
current_30d_42,fixed,2,False,406,0.7981867046485538,0.8532373721396183,0.005970420107068324,0.283491613413354,0.9355674230497801,0.75_to_0.85
current_30d_42,fixed,3,False,1843,0.7202797337778111,0.8481120347449738,0.026691235495876816,0.026718642215772675,0.8828683499584372,0.60_to_0.75
current_30d_42,fixed,4,False,346,0.6718886119876911,0.8752162629757785,0.004863354262693718,0.004997113499271411,0.9387435567010309,0.60_to_0.75
current_30d_42,fixed,5,False,2823,0.5364150234485001,0.5234359044605421,0.04128481988930224,0.041294679681999714,0.9302564609965568,below_0.60
current_30d_42,fixed,6,False,285,0.34112428060490024,0.39772590772590777,0.0035785288270377734,0.003733316212921341,0.816186414630398,below_0.60
current_30d_42,fixed,7,False,2790,0.7280659154749455,0.8867712636894223,0.039627805145046525,0.0397882937502256,0.9031267176694661,0.60_to_0.75
current_30d_42,fixed,8,False,549,0.5049086724484698,0.6201698987047082,0.007694401596951275,0.007809402108240689,0.7501819308324884,below_0.60
current_30d_42,fixed,9,False,380,0.535736881646175,0.7244089510725273,0.0054078577261591505,0.005449491916910542,0.8111914498641339,below_0.60
current_30d_42,fixed,10,False,1166,0.6474967805611078,0.7562588461327124,0.016967607295163778,0.01711498160591428,0.811986077856936,0.60_to_0.75
current_30d_42,fixed,11,False,210,0.05248450655012717,0.0018112746539142477,0.0,0.0,0.3554804636416161,below_0.60
current_30d_42,fixed,12,False,323,0.3512285467675748,0.27011179083328796,0.004579456303594235,0.004598310082647034,0.8837899577691279,below_0.60
current_30d_42,fixed,13,False,626,0.7437342649946521,0.8848347896993631,0.008994708994708995,0.009041034754172854,0.9267419962335217,0.60_to_0.75
current_30d_42,fixed,14,False,645,0.5093465972841039,0.5334222554118007,0.009165266924706055,0.009182058212323959,0.828170953840686,below_0.60
current_30d_42,fixed,15,False,207,0.10233968837025961,0.002711640211640212,0.0,0.000167371388301621,0.6842836641114493,below_0.60
current_30d_42,fixed,16,False,414,0.6148049731905408,0.821643188551624,0.0010482180293501049,0.003394883923715676,0.9388350340136055,0.60_to_0.75
current_30d_42,fixed,17,False,1224,0.6384071080049913,0.7626946824092345,0.017624521072796936,0.01778627505665494,0.8552798997147368,0.60_to_0.75
current_30d_42,fixed,18,False,1060,0.6138743197924355,0.8181538481468527,0.01519024318995107,0.01531903882162568,0.8591160336927756,0.60_to_0.75
current_30d_42,fixed,19,False,262,0.43408524757888045,0.5506493506493506,0.0,0.0003025477707006372,0.9260135135135136,below_0.60
current_30d_42,fixed,20,False,217,0.16880909753474185,0.027635147529861962,0.0,0.00013301596191542999,0.7008527405316396,below_0.60
current_30d_42,fixed,21,False,477,0.6031087940831527,0.697891119142894,0.006823337265220942,0.006866780434976262,0.8157457983193277,0.60_to_0.75
current_30d_42,fixed,22,False,558,0.32537782765750123,0.29126351547836205,0.007868984152486672,0.007958455587595652,0.6574177121771216,below_0.60
current_30d_42,fixed,23,False,1244,0.3858424179040766,0.3819774201759878,0.017947554668360403,0.018155486722323522,0.7232818072849653,below_0.60
current_30d_42,fixed,24,False,1860,0.49526036886482244,0.6679972986165439,0.026948552762907176,0.027208106967539586,0.7588883189248588,below_0.60
current_30d_42,fixed,25,False,226,0.16761653984083136,0.0023910691004215717,0.0,0.0,0.8272903293696727,below_0.60
current_30d_42,fixed,26,False,9877,0.3080934622317394,0.25875105631146417,0.14359858452046093,0.14392978705878867,0.8651593697898283,below_0.60
current_30d_42,fixed,27,False,4187,0.6448315611578999,0.7553902101935248,0.06084656084656084,0.060855089383289575,0.8519663203455509,0.60_to_0.75
current_30d_42,fixed,28,False,665,0.6624217160420398,0.8088535662372813,0.009475644489885342,0.009577743935177283,0.8659371462586362,0.60_to_0.75
current_30d_42,fixed,29,False,547,0.6008700442449934,0.7334361755173273,0.007777696633316293,0.007844465700562573,0.8427717391304347,0.60_to_0.75
current_30d_42,fixed,30,False,246,0.10481537391019882,0.005709834513835588,0.0007127583749109052,0.0011465558704054613,0.6034001898884401,below_0.60
current_30d_42,fixed,31,False,252,0.25953343882823754,0.1371761866452132,0.0008896797153024911,0.001534497580870887,0.792125905068383,below_0.60
current_30d_42,fixed,32,False,327,0.720972792442908,0.8593433510763577,0.00468197078305054,0.004737272026545796,0.9234396200814111,0.60_to_0.75
current_30d_42,fixed,33,False,1273,0.6741912039326874,0.7959859160325817,0.01834679248707014,0.018434465091715622,0.8807952062967748,0.60_to_0.75
current_30d_42,fixed,34,False,474,0.4970973808368228,0.5536344389555399,0.007047396479953261,0.007078886872146045,0.7670739557924912,below_0.60
current_30d_42,fixed,35,False,336,0.29263260510653655,0.07293031769423136,0.004907863528553184,0.0049094809048894576,0.7195068577592849,below_0.60
current_30d_42,fixed,36,False,2992,0.5739793518235213,0.6690229980121978,0.04311768442065148,0.04345033869168845,0.735700113202641,below_0.60
current_30d_42,fixed,37,False,300,0.349685092034293,0.42970411014864124,0.0,0.0002604166666666669,0.6157499999999999,below_0.60
current_30d_42,fixed,38,False,1766,0.54972889282439,0.6658236924209833,0.025433315088487504,0.02555827936982723,0.7161194031110901,below_0.60
current_30d_42,fixed,39,False,2306,0.4912120484174184,0.6097698280052404,0.033410622021799063,0.03354723593017284,0.7246173977024546,below_0.60
current_30d_42,fixed,40,False,1490,0.5177586572686232,0.6613323715662756,0.021343021982034617,0.021393817145776414,0.7790497664566615,below_0.60
current_30d_42,fixed,41,False,449,0.4988657147131493,0.6863224315677213,0.006426641349594683,0.006441857535028725,0.808564363222221,below_0.60
typical_30d_49,scaled,0,False,217,0.9690366860676951,0.9702507062146892,0.9340659340659341,0.9365172120696983,0.9943516981613891,at_least_0.85
typical_30d_49,scaled,1,False,274,0.9473403995008539,0.9519641495041953,0.9112149532710281,0.9134345794392523,0.971406432748538,at_least_0.85
typical_30d_49,scaled,2,False,401,0.8058138505677908,0.8680295557635539,0.005897831412757463,0.2866514945715458,0.9453162055335969,0.75_to_0.85
typical_30d_49,scaled,3,False,348,0.7344808912857512,0.869038664058974,0.004899647951221282,0.0050334999730629725,0.9425941780821917,0.60_to_0.75
typical_30d_49,scaled,4,False,2864,0.48133306398518805,0.3201821887648659,0.04184738227021141,0.041907526316267624,0.9243732600374092,below_0.60
typical_30d_49,scaled,5,False,1816,0.7257949763385512,0.8476085651818863,0.02621688681310662,0.026348930453026515,0.8934457622930566,0.60_to_0.75
typical_30d_49,scaled,6,False,268,0.5123169328791853,0.5853393547353454,0.003669758270649237,0.0037205475584291088,0.8286106075181293,below_0.60
typical_30d_49,scaled,7,False,1288,0.6390408493039758,0.7654209506529579,0.018536763364349573,0.018690137903194046,0.8555749818467508,0.60_to_0.75
typical_30d_49,scaled,8,False,417,0.6631804779781835,0.8052849798659855,0.00602486162780147,0.006161592766929287,0.9355521386636846,0.60_to_0.75
typical_30d_49,scaled,9,False,2741,0.7308704944029877,0.8865232351218633,0.039116949461777045,0.03919921888662524,0.9051624888420732,0.60_to_0.75
typical_30d_49,scaled,10,False,397,0.5957566632271796,0.7486447631403625,0.00568006532982488,0.005687796366368097,0.824186002994012,below_0.60
typical_30d_49,scaled,11,False,634,0.5643233494309143,0.6586808483784543,0.008873967879502767,0.009061314435771977,0.7913672931967529,below_0.60
typical_30d_49,scaled,12,False,214,0.30881281331880717,0.1115109443095314,0.0,0.0005010548523206755,0.8648925848925848,below_0.60
typical_30d_49,scaled,13,False,680,0.7050684900278733,0.8288308751039029,0.00976099251961321,0.009798898491916194,0.8900109496774905,0.60_to_0.75
typical_30d_49,scaled,14,False,1050,0.6211889081715933,0.7604075360910751,0.015062440663112539,0.01508347921348712,0.8606823130344601,0.60_to_0.75
typical_30d_49,scaled,15,False,1132,0.6469634288185206,0.7495210727969348,0.016550222302876328,0.016635865431870865,0.8104029977375565,0.60_to_0.75
typical_30d_49,scaled,16,False,269,0.3557693380563357,0.25624118260442863,0.0014044943820224719,0.0025845625009744185,0.7560407949790795,below_0.60
typical_30d_49,scaled,17,False,205,0.3212194274869956,0.007470523212969786,0.0,0.0008147512864494004,0.8918309921241331,below_0.60
typical_30d_49,scaled,18,False,531,0.5661759086997634,0.6466874035055854,0.007467046408880126,0.007523320678517433,0.7458012585532747,below_0.60
typical_30d_49,scaled,19,False,263,0.6024961048228938,0.7860023041474655,0.0037975607974877674,0.003812519890507591,0.9194716928251121,0.60_to_0.75
typical_30d_49,scaled,20,False,1017,0.623438453564883,0.8324431054579271,0.014514715548090265,0.014654070141469829,0.8784843392121682,0.60_to_0.75
typical_30d_49,scaled,21,False,576,0.5436523104229278,0.7022978278950116,0.008197619221500037,0.00826425000006329,0.823045973020365,below_0.60
typical_30d_49,scaled,22,False,4035,0.6473904837290871,0.7725950287614549,0.058492975734355045,0.05856784757429533,0.8626496907973539,0.60_to_0.75
typical_30d_49,scaled,23,False,680,0.6471555399612254,0.7973918777089175,0.009767764551230556,0.009808686134428254,0.8600352181954117,0.60_to_0.75
typical_30d_49,scaled,24,False,514,0.3264620836795319,0.4105923123284002,0.007193456510625867,0.007302106814889214,0.6758296209025194,below_0.60
typical_30d_49,scaled,25,False,1568,0.5271193821851807,0.6937447182817873,0.022756555666454948,0.022901197307709814,0.8421707097992854,below_0.60
typical_30d_49,scaled,26,False,1313,0.41259051438725775,0.4276792747682895,0.01872788313220216,0.018964085624615,0.7568557848289519,below_0.60
typical_30d_49,scaled,27,False,201,0.5402207181746368,0.877612143489211,0.0,0.0,0.9322628664948812,below_0.60
typical_30d_49,scaled,28,False,210,0.15893080181227848,0.006105373876458214,0.0007990411506192569,0.0008926041737962254,0.7603407663316583,below_0.60
typical_30d_49,scaled,29,False,229,0.4190679457387644,0.5987581384133108,0.0,0.0002591380250954721,0.8303365384615384,below_0.60
typical_30d_49,scaled,30,False,221,0.6931054651285934,0.8192966903073287,0.003012430813900735,0.0030547974781553935,0.862625,0.60_to_0.75
typical_30d_49,scaled,31,False,227,0.6133827456219929,0.7642816742081449,0.00317680566712919,0.0032194063161374805,0.8462514410144742,0.60_to_0.75
typical_30d_49,scaled,32,False,484,0.49770920099395666,0.5641579731743667,0.007211714014459943,0.007234112837357371,0.7637810604722368,below_0.60
typical_30d_49,scaled,33,False,1196,0.7202902162621119,0.8474381733594516,0.0171127846837855,0.017222910564114093,0.8669576699527205,0.60_to_0.75
typical_30d_49,scaled,34,False,295,0.7381793048142644,0.8666054899457389,0.004246438617185373,0.004274627491683332,0.9290064102564102,0.60_to_0.75
typical_30d_49,scaled,35,False,821,0.5301891717289197,0.6131056474583583,0.011757832469144818,0.011887860685263011,0.8381444864481468,below_0.60
typical_30d_49,scaled,36,False,281,0.3649601710335505,0.4713374028856826,0.0008210180623973727,0.0023215644884183448,0.7230046136101499,below_0.60
typical_30d_49,scaled,37,False,2717,0.5674565471212408,0.6671050104130861,0.03917974775428727,0.03955306362007699,0.7263953536409696,below_0.60
typical_30d_49,scaled,38,False,316,0.45145160273726487,0.5741855414210363,0.0,0.0021894564921513494,0.6437567750677506,below_0.60
typical_30d_49,scaled,39,False,800,0.5420615661874741,0.7210814760686883,0.011632338263315488,0.01169674222972941,0.7978752346975241,below_0.60
typical_30d_49,scaled,40,False,751,0.3934454444186072,0.4333980387868183,0.010833862625896017,0.01085647721402227,0.7099195906432748,below_0.60
typical_30d_49,scaled,41,False,211,0.45201509639027526,0.7437515692406017,0.003066872334633881,0.003092045578310045,0.8273228001169373,below_0.60
typical_30d_49,scaled,42,False,1840,0.5403943911142919,0.6698554620077211,0.027002848170598115,0.027046017111540237,0.7540858389501985,below_0.60
typical_30d_49,scaled,43,False,2185,0.5831344231827963,0.7003554519832763,0.03170954205436964,0.03171510780012105,0.7672294586366484,below_0.60
typical_30d_49,scaled,44,False,2337,0.5169086994222075,0.6454341665554127,0.03395365809158912,0.03397322495009532,0.7720018118055523,below_0.60
typical_30d_49,scaled,45,False,408,0.3721099426603382,0.532061743506052,0.005915978586335178,0.005957102040073734,0.7483850182906551,below_0.60
typical_30d_49,scaled,46,False,1779,0.6011859987897231,0.7529923830250271,0.025524539317642765,0.025804429961470282,0.8540688599293881,0.60_to_0.75
typical_30d_49,scaled,47,False,490,0.5112757767277847,0.7034461829574159,0.00691959395311473,0.007003978213818002,0.8379606879606879,below_0.60
typical_30d_49,scaled,48,False,1802,0.5582055998524367,0.70380227924167,0.025743080406046885,0.025858824680736543,0.7949273954314495,below_0.60
typical_30d_49,fixed,0,False,217,6.756756756756757e-05,0.0,0.0,0.0,0.0007094594594594575,below_0.60
typical_30d_49,fixed,1,False,274,0.8566875256413748,0.9519641495041953,0.0003090628124715935,0.006686983251272866,0.971406432748538,at_least_0.85
typical_30d_49,fixed,2,False,401,0.8058138505677908,0.8680295557635539,0.005897831412757463,0.2866514945715458,0.9453162055335969,0.75_to_0.85
typical_30d_49,fixed,3,False,348,0.6727736330975005,0.869038664058974,0.004899647951221282,0.0050334999730629725,0.9425941780821917,0.60_to_0.75
typical_30d_49,fixed,4,False,2864,0.5315125048139377,0.5167112674095999,0.04184738227021141,0.041907526316267624,0.9243732600374092,below_0.60
typical_30d_49,fixed,5,False,1816,0.7257949763385512,0.8476085651818863,0.02621688681310662,0.026348930453026515,0.8934457622930566,0.60_to_0.75
typical_30d_49,fixed,6,False,268,0.34249643904097227,0.3922206971652846,0.003604325190228274,0.0036354059034282315,0.8286106075181293,below_0.60
typical_30d_49,fixed,7,False,1288,0.6339525303578153,0.7654209506529579,0.018536763364349573,0.018690137903194046,0.8555749818467508,0.60_to_0.75
typical_30d_49,fixed,8,False,417,0.6145796751481973,0.815853861402609,0.0012953367875647669,0.003541861086677203,0.9355521386636846,0.60_to_0.75
typical_30d_49,fixed,9,False,2741,0.7274718183413228,0.8844441353760799,0.039116949461777045,0.03919921888662524,0.9051624888420732,0.60_to_0.75
typical_30d_49,fixed,10,False,397,0.5430369805094137,0.7466247702384343,0.00568006532982488,0.005687796366368097,0.8115821991404011,below_0.60
typical_30d_49,fixed,11,False,634,0.5334130572976032,0.6447787994179747,0.008873967879502767,0.009061314435771977,0.7913672931967529,below_0.60
typical_30d_49,fixed,12,False,214,0.05312527073383684,0.00293377918774472,0.0,0.0,0.35789560760033134,below_0.60
typical_30d_49,fixed,13,False,680,0.7050684900278733,0.8288308751039029,0.00976099251961321,0.009798898491916194,0.8900109496774905,0.60_to_0.75
typical_30d_49,fixed,14,False,1050,0.6334346603293564,0.7604075360910751,0.015062440663112539,0.01508347921348712,0.8606823130344601,0.60_to_0.75
typical_30d_49,fixed,15,False,1132,0.6469634288185206,0.7495210727969348,0.016550222302876328,0.016635865431870865,0.8104029977375565,0.60_to_0.75
typical_30d_49,fixed,16,False,269,0.18078249865637405,0.033242691132878366,0.0,0.0,0.7438496015936255,below_0.60
typical_30d_49,fixed,17,False,205,0.10174615130595524,0.0023899250252834856,0.0,0.0,0.6769025367156206,below_0.60
typical_30d_49,fixed,18,False,531,0.5661759086997634,0.6466874035055854,0.007467046408880126,0.007523320678517433,0.7458012585532747,below_0.60
typical_30d_49,fixed,19,False,263,0.43268496983811594,0.5532474726492176,0.0007840062720501764,0.0007868007651802131,0.9194716928251121,below_0.60
typical_30d_49,fixed,20,False,1017,0.6249506714093316,0.8324431054579271,0.014514715548090265,0.014654070141469829,0.8784843392121682,0.60_to_0.75
typical_30d_49,fixed,21,False,576,0.6002051957774339,0.7402213038261565,0.008197619221500037,0.00826425000006329,0.8315504609455024,0.60_to_0.75
typical_30d_49,fixed,22,False,4035,0.6523284402340341,0.7725950287614549,0.058492975734355045,0.05856784757429533,0.8626496907973539,0.60_to_0.75
typical_30d_49,fixed,23,False,680,0.6587382657046057,0.7989534908598552,0.009767764551230556,0.009808686134428254,0.8601331676825718,0.60_to_0.75
typical_30d_49,fixed,24,False,514,0.32064312435283604,0.2991087493581216,0.007193456510625867,0.007302106814889214,0.6758296209025194,below_0.60
typical_30d_49,fixed,25,False,1568,0.5029992654026707,0.650977715407302,0.022756555666454948,0.022901197307709814,0.8401006730034285,below_0.60
typical_30d_49,fixed,26,False,1313,0.3909997554834649,0.3676020117316109,0.01872788313220216,0.018964085624615,0.7568557848289519,below_0.60
typical_30d_49,fixed,27,False,201,0.0008909966612613582,0.0003518956973289526,0.0,0.0,0.0029136427755320727,below_0.60
typical_30d_49,fixed,28,False,210,0.011901160076313547,0.002671716572451533,0.0006176652254478073,0.0006717504686709986,0.046041034769919546,below_0.60
typical_30d_49,fixed,29,False,229,0.1025374253337397,0.0046148733849521815,0.0,0.0,0.6065475042199175,below_0.60
typical_30d_49,fixed,30,False,221,0.16156282737103772,0.0030570273025898494,0.0,0.0,0.788578869047619,below_0.60
typical_30d_49,fixed,31,False,227,0.2564692812190309,0.13315074301267188,0.0009074410163339383,0.0009462383832291257,0.7944620182419744,below_0.60
typical_30d_49,fixed,32,False,484,0.49770920099395666,0.5641579731743667,0.007211714014459943,0.007234112837357371,0.7637810604722368,below_0.60
typical_30d_49,fixed,33,False,1196,0.661981595360584,0.7743212919338143,0.0171127846837855,0.017222910564114093,0.8630553803056834,0.60_to_0.75
typical_30d_49,fixed,34,False,295,0.7221057209119036,0.8666054899457389,0.004246438617185373,0.004274627491683332,0.9290064102564102,0.60_to_0.75
typical_30d_49,fixed,35,False,821,0.5698150450142447,0.7192911790039014,0.011757832469144818,0.011887860685263011,0.8381444864481468,below_0.60
typical_30d_49,fixed,36,False,281,0.27882106270976015,0.0624677210121772,0.003980063169809943,0.0040203924328191245,0.7230046136101499,below_0.60
typical_30d_49,fixed,37,False,2717,0.5532029057996802,0.6563701560348825,0.03917974775428727,0.03955306362007699,0.7263953536409696,below_0.60
typical_30d_49,fixed,38,False,316,0.36867398268766555,0.44641723356009066,0.0,0.0,0.6359120934959349,below_0.60
typical_30d_49,fixed,39,False,800,0.5597127421070247,0.7210814760686883,0.011632338263315488,0.01169674222972941,0.7978752346975241,below_0.60
typical_30d_49,fixed,40,False,751,0.368963629615623,0.3764689818396978,0.010833862625896017,0.01085647721402227,0.6860587129588677,below_0.60
typical_30d_49,fixed,41,False,211,0.19218214961601005,0.07409813174162604,0.0010427528675703858,0.0011675496941167503,0.814783447684391,below_0.60
typical_30d_49,fixed,42,False,1840,0.5196116182858211,0.6393414401171308,0.027002848170598115,0.027046017111540237,0.7292696540201077,below_0.60
typical_30d_49,fixed,43,False,2185,0.5867078489956826,0.7068100052450322,0.03170954205436964,0.03171510780012105,0.784124527003784,below_0.60
typical_30d_49,fixed,44,False,2337,0.5169086994222075,0.6454341665554127,0.03395365809158912,0.03397322495009532,0.7720018118055523,below_0.60
typical_30d_49,fixed,45,False,408,0.30946150551746343,0.14631509476616567,0.005915978586335178,0.005957102040073734,0.7483850182906551,below_0.60
typical_30d_49,fixed,46,False,1779,0.5651357629004117,0.6859616069644288,0.025524539317642765,0.025804429961470282,0.8484009234255407,below_0.60
typical_30d_49,fixed,47,False,490,0.5112757767277847,0.7034461829574159,0.00691959395311473,0.007003978213818002,0.8379606879606879,below_0.60
typical_30d_49,fixed,48,False,1802,0.5582055998524367,0.70380227924167,0.025743080406046885,0.025858824680736543,0.7949273954314495,below_0.60
robust_20d_49,scaled,0,False,218,0.9705813995751773,0.9708501344086022,0.9395604395604396,0.9400259875259875,0.9940512074896273,at_least_0.85
robust_20d_49,scaled,1,False,272,0.9458946775162203,0.9475127750547503,0.9144144144144144,0.914926722497145,0.9690378289473685,at_least_0.85
robust_20d_49,scaled,2,False,400,0.7254908619908009,0.8654530236451141,0.005696041795160179,0.005774449959661366,0.9436681508643269,0.60_to_0.75
robust_20d_49,scaled,3,False,1168,0.5184495131510846,0.7617411035841961,0.016861219195849545,0.016903133635574392,0.8695495872023646,below_0.60
robust_20d_49,scaled,4,False,314,0.701252448685817,0.8912343846467088,0.0043915363118353715,0.0044172422831837204,0.9395140080045741,0.60_to_0.75
robust_20d_49,scaled,5,False,1779,0.6883783631973321,0.8474487272141193,0.025305204346327572,0.025559757741844477,0.8811101931409268,0.60_to_0.75
robust_20d_49,scaled,6,False,1593,0.448420421039064,0.5095369546073848,0.022954508338021012,0.023024259060566012,0.8758848680406043,below_0.60
robust_20d_49,scaled,7,False,813,0.49105963481555026,0.48404047516844556,0.0116133480919632,0.011637496809703602,0.8833131313131313,below_0.60
robust_20d_49,scaled,8,False,173,0.47389339408079,0.8318209580315854,0.0006230529595015577,0.0007747936614197505,0.8984393939393939,below_0.60
robust_20d_49,scaled,9,False,173,0.5131169123484471,0.722925101214575,0.0,0.0011636030412455326,0.9657635467980296,below_0.60
robust_20d_49,scaled,10,False,2908,0.6459411099370967,0.875982637533441,0.04155933679207634,0.04162008036117173,0.9227342494475693,0.60_to_0.75
robust_20d_49,scaled,11,False,185,0.5801731947061486,0.7473509707410446,0.0010822510822510823,0.001783500550149374,0.8658212560386473,below_0.60
robust_20d_49,scaled,12,False,909,0.6460949372901925,0.7972180325121501,0.012933632925960432,0.012935705200263034,0.8849222000729067,0.60_to_0.75
robust_20d_49,scaled,13,False,599,0.6544851080770733,0.776349003409389,0.008677225479987578,0.008735895043690389,0.8977650533180106,0.60_to_0.75
robust_20d_49,scaled,14,False,334,0.44269778487719913,0.4991257528239571,0.00462176430828812,0.004710701735946173,0.7586183052552173,below_0.60
robust_20d_49,scaled,15,False,415,0.6726279625792346,0.8456154987022617,0.005933695040737447,0.005959759354694029,0.9362657394320956,0.60_to_0.75
robust_20d_49,scaled,16,False,1127,0.6135929931346292,0.7553673996040016,0.016095374621205246,0.016230882908582052,0.807758321066405,0.60_to_0.75
robust_20d_49,scaled,17,False,1255,0.6588279676272244,0.8310676205901969,0.017813735805246162,0.017911158112249144,0.877607653847927,0.60_to_0.75
robust_20d_49,scaled,18,False,193,0.611968098647137,0.7214680744092509,0.0026674408898727975,0.0026759586127413928,0.9137012578616351,0.60_to_0.75
robust_20d_49,scaled,19,False,474,0.5865995634529626,0.7155388471177945,0.006713966865666225,0.006757297898005301,0.8081810224089636,below_0.60
robust_20d_49,scaled,20,False,10140,0.35045776997766953,0.19929796735287342,0.14715379312846932,0.14720629034444713,0.8964207622148899,below_0.60
robust_20d_49,scaled,21,False,337,0.5641279609360339,0.6840188085243785,0.004807169030947285,0.0048423505419513835,0.7963843321057918,below_0.60
robust_20d_49,scaled,22,False,3960,0.6388659392338337,0.7615202224795476,0.05737764394296702,0.05748086346200819,0.8535901471167036,0.60_to_0.75
robust_20d_49,scaled,23,False,534,0.6176868013960991,0.7749141240654678,0.007672494108620595,0.007674015602928478,0.847142105215188,0.60_to_0.75
robust_20d_49,scaled,24,False,205,0.7165070723858141,0.8892415277030661,0.002886319212290605,0.002937499081308217,0.9243736453473421,0.60_to_0.75
robust_20d_49,scaled,25,False,170,0.088366744060749,0.004807277314830185,0.0006112469437652812,0.000851630902460013,0.46827904238618445,below_0.60
robust_20d_49,scaled,26,False,198,0.4425178770522386,0.39223901098901104,0.002721908624248735,0.0027904285778158453,0.7726648351648351,below_0.60
robust_20d_49,scaled,27,False,202,0.44571186235569316,0.37995902402682064,0.002794461884628645,0.0028635174962352286,0.816215644549277,below_0.60
robust_20d_49,scaled,28,False,511,0.5724041567592908,0.6949304588709793,0.007186280736775247,0.007237748665182587,0.8056464263850627,below_0.60
robust_20d_49,scaled,29,False,400,0.6127337653517367,0.7910582002550246,0.005498194487288828,0.005610442859841697,0.826750025887957,0.60_to_0.75
robust_20d_49,scaled,30,False,215,0.658232720838299,0.8313586097946288,0.002957989293167589,0.0030714588379108106,0.8669288314939129,0.60_to_0.75
robust_20d_49,scaled,31,False,171,0.26799493070025304,0.02516003586254599,0.0,0.00045717035611164626,0.7752881415309161,below_0.60
robust_20d_49,scaled,32,False,314,0.7075319015706485,0.8820849420849421,0.004464204700117957,0.004507147196099916,0.9273328560756972,0.60_to_0.75
robust_20d_49,scaled,33,False,262,0.4665318325529171,0.6832167832167833,0.0036461923593222798,0.003663965191405996,0.9067349607672188,below_0.60
robust_20d_49,scaled,34,False,215,0.600506976077703,0.7408791208791209,0.0030324619572167115,0.003057320431329443,0.8108232778819119,0.60_to_0.75
robust_20d_49,scaled,35,False,1165,0.7033599278122675,0.8725873661068078,0.016677252517920335,0.016777634268929545,0.8916277990825915,0.60_to_0.75
robust_20d_49,scaled,36,False,204,0.40581495386279764,0.5489089752226963,0.0,0.0002898108602806592,0.6299801372336583,below_0.60
robust_20d_49,scaled,37,False,209,0.6195603479492875,0.756453625853915,0.002867045310203415,0.0029109093156147806,0.8445948686745766,0.60_to_0.75
robust_20d_49,scaled,38,False,506,0.2320653941147289,0.09356252475460425,0.007215798030726512,0.007278026578691735,0.661768135534263,below_0.60
robust_20d_49,scaled,39,False,250,0.47142573132689103,0.6018945469125903,0.0035384419967700374,0.003572390171512919,0.7273706896551724,below_0.60
robust_20d_49,scaled,40,False,2641,0.5806072246278726,0.711119424468634,0.03798203429815806,0.03829101893106436,0.7623918019236858,below_0.60
robust_20d_49,scaled,41,False,164,0.2634577879609199,0.05565359930489132,0.0012987012987012987,0.0017838258177766046,0.6899617539323422,below_0.60
robust_20d_49,scaled,42,False,455,0.5118963592521886,0.6858665832410838,0.0063873414505797605,0.006407737630510002,0.8059047729379054,below_0.60
robust_20d_49,scaled,43,False,1757,0.5265220609176742,0.7070848806366048,0.025188276925868797,0.025207093773943964,0.8294135615330908,below_0.60
robust_20d_49,scaled,44,False,1834,0.5919141693305123,0.7224654457940609,0.02654931494419744,0.026591496009025436,0.7882638888888889,below_0.60
robust_20d_49,scaled,45,False,1404,0.38601108709060084,0.2712723704400756,0.020287067448148215,0.02033579548809953,0.8365332373285677,below_0.60
robust_20d_49,scaled,46,False,689,0.2543053898857642,0.1368346226503466,0.009414795196459021,0.009675096667869686,0.6893986082723541,below_0.60
robust_20d_49,scaled,47,False,269,0.13855716694188847,0.10163470368601979,0.003755033922287124,0.0037815733735778382,0.6584033613445377,below_0.60
robust_20d_49,scaled,48,False,1145,0.3836373151421742,0.45210422405625506,0.016587201549113095,0.016609724778019707,0.7298310589295959,below_0.60
robust_20d_49,fixed,0,False,218,0.9705813995751773,0.9708501344086022,0.9395604395604396,0.9400259875259875,0.9940512074896273,at_least_0.85
robust_20d_49,fixed,1,False,272,0.9458946775162203,0.9475127750547503,0.9144144144144144,0.914926722497145,0.9690378289473685,at_least_0.85
robust_20d_49,fixed,2,False,400,0.7254908619908009,0.8654530236451141,0.005696041795160179,0.005774449959661366,0.9436681508643269,0.60_to_0.75
robust_20d_49,fixed,3,False,1168,0.5184495131510846,0.7617411035841961,0.016861219195849545,0.016903133635574392,0.8695495872023646,below_0.60
robust_20d_49,fixed,4,False,314,0.6684830243453149,0.878789670806229,0.0043915363118353715,0.0044172422831837204,0.9395140080045741,0.60_to_0.75
robust_20d_49,fixed,5,False,1779,0.6883783631973321,0.8474487272141193,0.025305204346327572,0.025559757741844477,0.8811101931409268,0.60_to_0.75
robust_20d_49,fixed,6,False,1593,0.448420421039064,0.5095369546073848,0.022954508338021012,0.023024259060566012,0.8758848680406043,below_0.60
robust_20d_49,fixed,7,False,813,0.49105963481555026,0.48404047516844556,0.0116133480919632,0.011637496809703602,0.8833131313131313,below_0.60
robust_20d_49,fixed,8,False,173,0.044501298397996665,0.002030626381238249,0.0,0.0,0.4535996671433651,below_0.60
robust_20d_49,fixed,9,False,173,0.1290945220073921,0.0025290614795405054,0.0,0.0,0.7249367408906882,below_0.60
robust_20d_49,fixed,10,False,2908,0.6459411099370967,0.875982637533441,0.04155933679207634,0.04162008036117173,0.9227342494475693,0.60_to_0.75
robust_20d_49,fixed,11,False,185,0.3596962292571015,0.05933196880487799,0.0,0.0,0.8658212560386473,below_0.60
robust_20d_49,fixed,12,False,909,0.6402220766110881,0.7937773608505316,0.012933632925960432,0.012935705200263034,0.8849222000729067,0.60_to_0.75
robust_20d_49,fixed,13,False,599,0.6544851080770733,0.776349003409389,0.008677225479987578,0.008735895043690389,0.8977650533180106,0.60_to_0.75
robust_20d_49,fixed,14,False,334,0.37210024693495103,0.45227047467535336,0.00462176430828812,0.004682958328359577,0.7586183052552173,below_0.60
robust_20d_49,fixed,15,False,415,0.6909811371824093,0.8556145642101582,0.005933695040737447,0.005959759354694029,0.9362657394320956,0.60_to_0.75
robust_20d_49,fixed,16,False,1127,0.6135929931346292,0.7553673996040016,0.016095374621205246,0.016230882908582052,0.807758321066405,0.60_to_0.75
robust_20d_49,fixed,17,False,1255,0.6588279676272244,0.8310676205901969,0.017813735805246162,0.017911158112249144,0.877607653847927,0.60_to_0.75
robust_20d_49,fixed,18,False,193,0.4105963693755877,0.5853326063249727,0.0013131976362442547,0.0014958803719314596,0.8839289154305529,below_0.60
robust_20d_49,fixed,19,False,474,0.5865995634529626,0.7155388471177945,0.006713966865666225,0.006757297898005301,0.8081810224089636,below_0.60
robust_20d_49,fixed,20,False,10140,0.405767239804006,0.21858259426591767,0.14715379312846932,0.14720629034444713,0.8964207622148899,below_0.60
robust_20d_49,fixed,21,False,337,0.5508469356268593,0.6616211094337199,0.004807169030947285,0.0048423505419513835,0.7963843321057918,below_0.60
robust_20d_49,fixed,22,False,3960,0.616265279326537,0.717363628174518,0.05737764394296702,0.05748086346200819,0.8535901471167036,0.60_to_0.75
robust_20d_49,fixed,23,False,534,0.5943268636892662,0.7697264001209281,0.007672494108620595,0.007674015602928478,0.847142105215188,below_0.60
robust_20d_49,fixed,24,False,205,0.6715070723858141,0.8863157178807046,0.0,0.0013710016258380385,0.9243736453473421,0.60_to_0.75
robust_20d_49,fixed,25,False,170,0.06079340252103395,0.004539784686776793,0.0004008016032064128,0.0005007631399718753,0.1765353241195115,below_0.60
robust_20d_49,fixed,26,False,198,0.3401497038381587,0.3629616663749344,0.002721908624248735,0.0027904285778158453,0.7527925531914894,below_0.60
robust_20d_49,fixed,27,False,202,0.34532790000091446,0.36943036868775114,0.002794461884628645,0.0028635174962352286,0.8001082761875675,below_0.60
robust_20d_49,fixed,28,False,511,0.530238564020792,0.6694732598347056,0.007186280736775247,0.007237748665182587,0.8056464263850627,below_0.60
robust_20d_49,fixed,29,False,400,0.5477543034989348,0.7433878832961401,0.005498194487288828,0.005610442859841697,0.826750025887957,below_0.60
robust_20d_49,fixed,30,False,215,0.5476532455067852,0.8313586097946288,0.0,0.0,0.8669288314939129,below_0.60
robust_20d_49,fixed,31,False,171,0.23897437585681777,0.023572551892175053,0.0,0.00045717035611164626,0.7752881415309161,below_0.60
robust_20d_49,fixed,32,False,314,0.7075319015706485,0.8820849420849421,0.004464204700117957,0.004507147196099916,0.9273328560756972,0.60_to_0.75
robust_20d_49,fixed,33,False,262,0.4665318325529171,0.6832167832167833,0.0036461923593222798,0.003663965191405996,0.9067349607672188,below_0.60
robust_20d_49,fixed,34,False,215,0.4006775969102286,0.2879080402610288,0.0030324619572167115,0.003057320431329443,0.8108232778819119,below_0.60
robust_20d_49,fixed,35,False,1165,0.6535677272947497,0.7902300034682517,0.016677252517920335,0.016777634268929545,0.8916277990825915,0.60_to_0.75
robust_20d_49,fixed,36,False,204,0.3193822738019898,0.534051443455611,0.0,0.0,0.6299801372336583,below_0.60
robust_20d_49,fixed,37,False,209,0.3002725416323182,0.005006851480973964,0.0,0.0,0.8445948686745766,below_0.60
robust_20d_49,fixed,38,False,506,0.2536378318733535,0.09356252475460425,0.007215798030726512,0.007278026578691735,0.661768135534263,below_0.60
robust_20d_49,fixed,39,False,250,0.3605172745229167,0.46558676476565997,0.0035384419967700374,0.003572390171512919,0.7273706896551724,below_0.60
robust_20d_49,fixed,40,False,2641,0.5577909297089365,0.6757757286127751,0.03798203429815806,0.03829101893106436,0.7623918019236858,below_0.60
robust_20d_49,fixed,41,False,164,0.20279422619490708,0.0533955253000042,0.0006305170239596469,0.0009479045544619317,0.683801775147929,below_0.60
robust_20d_49,fixed,42,False,455,0.5118963592521886,0.6858665832410838,0.0063873414505797605,0.006407737630510002,0.8059047729379054,below_0.60
robust_20d_49,fixed,43,False,1757,0.5675047949116956,0.7275568342149413,0.025188276925868797,0.025207093773943964,0.8294135615330908,below_0.60
robust_20d_49,fixed,44,False,1834,0.5831025338038712,0.7022908508448369,0.02654931494419744,0.026591496009025436,0.7882638888888889,below_0.60
robust_20d_49,fixed,45,False,1404,0.4123456281534028,0.2712723704400756,0.020287067448148215,0.02033579548809953,0.8365332373285677,below_0.60
robust_20d_49,fixed,46,False,689,0.2827644122744354,0.1368346226503466,0.009414795196459021,0.009675096667869686,0.7204397665063667,below_0.60
robust_20d_49,fixed,47,False,269,0.13855716694188847,0.10163470368601979,0.003755033922287124,0.0037815733735778382,0.6584033613445377,below_0.60
robust_20d_49,fixed,48,False,1145,0.3836373151421742,0.45210422405625506,0.016587201549113095,0.016609724778019707,0.7298310589295959,below_0.60
robust_20d_29,scaled,0,False,400,0.8384264376230203,0.8654530236451141,0.657563025210084,0.6773002342529932,0.9436681508643269,0.75_to_0.85
robust_20d_29,scaled,1,False,1168,0.5464489080830082,0.794828826781792,0.016861219195849545,0.06665300394436857,0.8695495872023646,below_0.60
robust_20d_29,scaled,2,False,314,0.7508696183355429,0.8861854837586846,0.004713017427203975,0.09029888174959688,0.9395140080045741,0.75_to_0.85
robust_20d_29,scaled,3,False,1779,0.811992165242995,0.8523632446111917,0.02615907347192284,0.40208026072232383,0.8811101931409268,0.75_to_0.85
robust_20d_29,scaled,4,False,1593,0.6880463022630803,0.7664520180820711,0.023455910560640104,0.26746428785528803,0.8852899093082575,0.60_to_0.75
robust_20d_29,scaled,5,False,813,0.5818927205011627,0.7619796148756812,0.011874098025246159,0.14013350689946655,0.8833131313131313,below_0.60
robust_20d_29,scaled,6,False,2908,0.773964283016666,0.8894789206442957,0.0416872179901719,0.22729663230803399,0.9227342494475693,0.75_to_0.85
robust_20d_29,scaled,7,False,909,0.7636273767855728,0.8044153895616761,0.012933632925960432,0.25892452996615917,0.8849222000729067,0.75_to_0.85
robust_20d_29,scaled,8,False,599,0.7698334559474294,0.784221412941045,0.008677225479987578,0.35819825794785204,0.8977650533180106,0.75_to_0.85
robust_20d_29,scaled,9,False,334,0.24109270208583483,0.0840778241016478,0.0005046681806712087,0.0006425342606711447,0.7976169532187125,below_0.60
robust_20d_29,scaled,10,False,415,0.793978407728894,0.8890179377984255,0.0010400416016640667,0.0035656963079093145,0.9362657394320956,0.75_to_0.85
robust_20d_29,scaled,11,False,1127,0.7273460326817869,0.7632509615869556,0.017025629783891418,0.3372771308502185,0.8084482687210073,0.60_to_0.75
robust_20d_29,scaled,12,False,1255,0.7740812990165195,0.8243039320846741,0.018395381973621717,0.34530991339437195,0.877607653847927,0.75_to_0.85
robust_20d_29,scaled,13,False,474,0.6982455068401344,0.7596524857011699,0.0068867252434101165,0.27342251604690815,0.8104974309000709,0.60_to_0.75
robust_20d_29,scaled,14,False,10140,0.4148016711483888,0.2623661560775583,0.1492455518614592,0.18539945296219923,0.8747796827393579,below_0.60
robust_20d_29,scaled,15,False,337,0.5738962569608843,0.7112053410321184,0.0015822784810126582,0.003268996562408156,0.7963843321057918,below_0.60
robust_20d_29,scaled,16,False,3960,0.7574772426927795,0.8184908690745905,0.05823788385305347,0.35979704398653367,0.8593683310030171,0.75_to_0.85
robust_20d_29,scaled,17,False,6019,0.6515010309604116,0.7033050737940683,0.087758718328127,0.1588933019439201,0.8388040172855313,0.60_to_0.75
robust_20d_29,scaled,18,False,534,0.6322221729551047,0.7534102714666426,0.007672494108620595,0.17602539036788006,0.817423012900541,0.60_to_0.75
robust_20d_29,scaled,19,False,464,0.6274823077591835,0.7521187353276906,0.006576423521674796,0.14543375442435108,0.8289946723718433,0.60_to_0.75
robust_20d_29,scaled,20,False,511,0.515908228812752,0.5882049675287684,0.007526351363694488,0.13236512756938798,0.7948805246137262,below_0.60
robust_20d_29,scaled,21,False,400,0.5068584784561662,0.5489215133072696,0.005809174110812736,0.10366879852647114,0.8221949221949222,below_0.60
robust_20d_29,scaled,22,False,4129,0.6700708914618521,0.709568302668506,0.06033758357385554,0.30973278693182993,0.7525266505915651,0.60_to_0.75
robust_20d_29,scaled,23,False,1603,0.7522123652547444,0.7738939476170374,0.023328035658829762,0.31932577845902005,0.8831879209166076,0.75_to_0.85
robust_20d_29,scaled,24,False,314,0.6605341817627952,0.887032590051458,0.004877514111908807,0.0562700164752166,0.9273328560756972,0.60_to_0.75
robust_20d_29,scaled,25,False,455,0.5257099221910086,0.6656420178236608,0.00643028077674869,0.039161473711720976,0.8166128148959474,below_0.60
robust_20d_29,scaled,26,False,1757,0.5988441856846586,0.7275568342149413,0.02522789134286915,0.14926276662238383,0.8202014979783919,below_0.60
robust_20d_29,scaled,27,False,1834,0.6621681286150086,0.6894145430450767,0.027310425458066168,0.28707621220746327,0.7882638888888889,0.60_to_0.75
robust_20d_29,scaled,28,False,1871,0.5709310005689895,0.6810861067891162,0.027145518979942274,0.1482992216781708,0.7601912297053346,below_0.60
robust_20d_29,fixed,0,False,400,0.7520392236034897,0.8504866794926143,0.001838235294117647,0.0020520300511508954,0.9436681508643269,0.75_to_0.85
robust_20d_29,fixed,1,False,1168,0.5464489080830082,0.794828826781792,0.016861219195849545,0.06665300394436857,0.8695495872023646,below_0.60
robust_20d_29,fixed,2,False,314,0.19787233526651243,0.06871113426426279,0.0008319467554076539,0.0008556432987936038,0.6685124105545616,below_0.60
robust_20d_29,fixed,3,False,1779,0.811992165242995,0.8523632446111917,0.02615907347192284,0.40208026072232383,0.8811101931409268,0.75_to_0.85
robust_20d_29,fixed,4,False,1593,0.6670027514974832,0.6518073687738022,0.023455910560640104,0.26746428785528803,0.8852899093082575,0.60_to_0.75
robust_20d_29,fixed,5,False,813,0.5348790981973475,0.48404047516844556,0.011874098025246159,0.14013350689946655,0.8833131313131313,below_0.60
robust_20d_29,fixed,6,False,2908,0.7975966715157917,0.8934726458184366,0.0416872179901719,0.23443916263015213,0.9227342494475693,0.75_to_0.85
robust_20d_29,fixed,7,False,909,0.6740486968955517,0.7937773608505316,0.012933632925960432,0.18161489439178785,0.8849222000729067,0.60_to_0.75
robust_20d_29,fixed,8,False,599,0.65377898423769,0.7747567017251331,0.008677225479987578,0.11716435034063924,0.886146391454636,0.60_to_0.75
robust_20d_29,fixed,9,False,334,0.14320960086058548,0.015811544924343536,0.0005046681806712087,0.0006425342606711447,0.5442482746311279,below_0.60
robust_20d_29,fixed,10,False,415,0.762284819099827,0.8890179377984255,0.0010400416016640667,0.0035656963079093145,0.9362657394320956,0.75_to_0.85
robust_20d_29,fixed,11,False,1127,0.7273460326817869,0.7632509615869556,0.017025629783891418,0.3372771308502185,0.8084482687210073,0.60_to_0.75
robust_20d_29,fixed,12,False,1255,0.734312652498786,0.7862713868773672,0.018395381973621717,0.2501023194714616,0.8756018525764429,0.60_to_0.75
robust_20d_29,fixed,13,False,474,0.6982455068401344,0.7596524857011699,0.0068867252434101165,0.27342251604690815,0.8104974309000709,0.60_to_0.75
robust_20d_29,fixed,14,False,10140,0.4148016711483888,0.2623661560775583,0.1492455518614592,0.18539945296219923,0.8747796827393579,below_0.60
robust_20d_29,fixed,15,False,337,0.3220655840014824,0.2658647232930727,0.0,0.00019791666666666685,0.7890716180371353,below_0.60
robust_20d_29,fixed,16,False,3960,0.7813041251511328,0.824586614465157,0.05823788385305347,0.3735776403985412,0.8593683310030171,0.75_to_0.85
robust_20d_29,fixed,17,False,6019,0.6654628420333266,0.7095091370925353,0.087758718328127,0.1588933019439201,0.8410653892056187,0.60_to_0.75
robust_20d_29,fixed,18,False,534,0.5897050601337709,0.6756535947712419,0.007672494108620595,0.17602539036788006,0.8136314851196973,below_0.60
robust_20d_29,fixed,19,False,464,0.5827278688972108,0.7138053797468354,0.006576423521674796,0.14543375442435108,0.8289946723718433,below_0.60
robust_20d_29,fixed,20,False,511,0.443404909626642,0.41509652775311623,0.007526351363694488,0.13236512756938798,0.790511622463494,below_0.60
robust_20d_29,fixed,21,False,400,0.38245670805210696,0.2987150415721844,0.005809174110812736,0.10366879852647114,0.8102401129943503,below_0.60
robust_20d_29,fixed,22,False,4129,0.6700708914618521,0.709568302668506,0.06033758357385554,0.30973278693182993,0.7525266505915651,0.60_to_0.75
robust_20d_29,fixed,23,False,1603,0.676644909107256,0.7160321431257783,0.023328035658829762,0.3126871773130183,0.835995948935323,0.60_to_0.75
robust_20d_29,fixed,24,False,314,0.11323241048156907,0.13894567125448393,0.0,0.0003909465020576135,0.1561100501635498,below_0.60
robust_20d_29,fixed,25,False,455,0.4371533680746911,0.6188100177334628,0.00643028077674869,0.01296937229127313,0.8166128148959474,below_0.60
robust_20d_29,fixed,26,False,1757,0.5857446450597059,0.6850236777162676,0.02522789134286915,0.14363488183474282,0.8202014979783919,below_0.60
robust_20d_29,fixed,27,False,1834,0.6569450315021478,0.6894145430450767,0.027310425458066168,0.28707621220746327,0.7882638888888889,0.60_to_0.75
robust_20d_29,fixed,28,False,1871,0.5707579502468996,0.6810861067891162,0.027145518979942274,0.14665524361831594,0.7601912297053346,below_0.60
direct_2d_70,scaled,0,False,267,0.8680484827332012,0.8903322797008713,0.5699481865284974,0.6137783534830168,0.9581483644859814,at_least_0.85
direct_2d_70,scaled,1,False,232,0.943151154206274,0.9610136452241715,0.8240343347639485,0.836009985550068,0.9896546516310915,at_least_0.85
direct_2d_70,scaled,2,False,225,0.18739733477471796,0.15084462126235357,0.00042936882782310007,0.001478716787641429,0.4464660393683754,below_0.60
direct_2d_70,scaled,3,False,488,0.5488834230508439,0.6060753504151415,0.18406759203379602,0.3051142888102617,0.7261243393908486,below_0.60
direct_2d_70,scaled,4,False,436,0.7832087099194036,0.8209927536231885,0.0065036755900289255,0.34745162880949193,0.883732782369146,0.75_to_0.85
direct_2d_70,scaled,5,False,206,0.4069316779661894,0.5722431865828093,0.0016638935108153079,0.001991191152001566,0.7171843306288032,below_0.60
direct_2d_70,scaled,6,False,772,0.40160312915524604,0.4091584785098559,0.011404042078888704,0.13178620884940756,0.6368863910999455,below_0.60
direct_2d_70,scaled,7,False,258,0.632818289999044,0.6555676281938944,0.29645390070921984,0.359703831852923,0.8709441930618401,0.60_to_0.75
direct_2d_70,scaled,8,False,737,0.44970938558912577,0.4415492588906929,0.010870366276070454,0.16463217593979695,0.6553647876058335,below_0.60
direct_2d_70,scaled,9,False,1872,0.6477188292266338,0.7563893110435663,0.02782076792689218,0.1702309031616185,0.7926859085573885,0.60_to_0.75
direct_2d_70,scaled,10,False,541,0.7294007506098681,0.752741311436633,0.008143562532242611,0.3169144800273609,0.8581788677730193,0.60_to_0.75
direct_2d_70,scaled,11,False,247,0.14103082447235898,0.12565641410352588,0.036848792884371026,0.04275141336574407,0.2904822133129693,below_0.60
direct_2d_70,scaled,12,False,202,0.4171329123963238,0.4240454545454545,0.0,0.0006156837329876868,0.8131060606060605,below_0.60
direct_2d_70,scaled,13,False,290,0.5548073129012885,0.7568809207133357,0.004384995209669099,0.012874894239849381,0.8126119832925248,below_0.60
direct_2d_70,scaled,14,False,607,0.5568100047402987,0.6698269370787775,0.008696293020856364,0.02610471594888221,0.7327650227720752,below_0.60
direct_2d_70,scaled,15,False,954,0.511431510359871,0.5119019568750415,0.013965657012307465,0.1551230084574247,0.7471304739672769,below_0.60
direct_2d_70,scaled,16,False,288,0.4419677101228813,0.6190269213006983,0.004182327363844056,0.04860376784302967,0.719455628502321,below_0.60
direct_2d_70,scaled,17,False,610,0.5737642171118098,0.6710482489246732,0.009046355663645074,0.0998697423000931,0.7890992314647377,below_0.60
direct_2d_70,scaled,18,False,328,0.3397076861637697,0.41124785662923835,0.004845514674724101,0.006053747420978922,0.6064720142089092,below_0.60
direct_2d_70,scaled,19,False,235,0.16258135338364774,0.15169902912621358,0.0013280212483399733,0.00235125714255514,0.6399390243902437,below_0.60
direct_2d_70,scaled,20,False,526,0.21776144808125436,0.16222753722355043,0.007848772938315278,0.021507780289881775,0.49307983348371737,below_0.60
direct_2d_70,scaled,21,False,369,0.48633605023282983,0.49722177375955223,0.005601002284619353,0.07836971074878143,0.7481760352167182,below_0.60
direct_2d_70,scaled,22,False,261,0.08889117052885062,0.01690978278103694,0.0007818608287724785,0.0014147052649152768,0.4935547418886267,below_0.60
direct_2d_70,scaled,23,False,267,0.5658159683057673,0.6990365111561866,0.0038691134202962635,0.015444793840390896,0.8305902759387744,below_0.60
direct_2d_70,scaled,24,False,340,0.6976370737858821,0.7351942028375806,0.004956150047903309,0.2881141081552034,0.8071033210332104,0.60_to_0.75
direct_2d_70,scaled,25,False,947,0.5412043614827631,0.6653282908804441,0.013817498480075166,0.041378877040602655,0.819819264069264,below_0.60
direct_2d_70,scaled,26,False,642,0.3335641196459365,0.3109124097680317,0.009359397166387236,0.10075938084173025,0.7001078869047618,below_0.60
direct_2d_70,scaled,27,False,870,0.5150211062309075,0.4904254962071203,0.012915469083941337,0.14069775070093607,0.8005735595062992,below_0.60
direct_2d_70,scaled,28,False,855,0.3835202077133791,0.35791349953247065,0.012528326915636457,0.13934134678598875,0.6864424890006284,below_0.60
direct_2d_70,scaled,29,False,485,0.34870484784953903,0.3830773282403521,0.007388164197803818,0.02730927947738962,0.5929759776304024,below_0.60
direct_2d_70,scaled,30,False,1398,0.7163731194202243,0.7727690859046792,0.02013781413516103,0.24744237894615867,0.8047754588567498,0.60_to_0.75
direct_2d_70,scaled,31,False,316,0.41911218417230084,0.45698924731182794,0.004495541307391849,0.06686246637161479,0.5556399631675875,below_0.60
direct_2d_70,scaled,32,False,233,0.5384638805744084,0.6186146174224716,0.003205836833959761,0.0037000494758331216,0.7758391608391608,below_0.60
direct_2d_70,scaled,33,False,452,0.49524610215914633,0.5041213759016294,0.006614341513744564,0.11371028656937889,0.7078993245710113,below_0.60
direct_2d_70,scaled,34,False,349,0.0462145839412751,0.04397265036426348,0.004956150047903309,0.007277175625542941,0.11877684753129036,below_0.60
direct_2d_70,scaled,35,False,212,0.15819942118592367,0.03953028465846758,0.003205836833959761,0.0032493426407525943,0.42641432117266886,below_0.60
direct_2d_70,scaled,36,False,247,0.15279647200338578,0.02666765358993338,0.003703294273712138,0.007872466623184056,0.43867908939834566,below_0.60
direct_2d_70,scaled,37,False,2098,0.6764286159938935,0.8374568130734915,0.03113657718739061,0.0917817350532109,0.8819786065161387,0.60_to_0.75
direct_2d_70,scaled,38,False,280,0.217706659070324,0.07232775616774126,0.0008067769261799112,0.0014982185197286169,0.5555980559805598,below_0.60
direct_2d_70,scaled,39,False,414,0.4714947137215266,0.5171547202797203,0.002150537634408602,0.014798097006265967,0.6438045900178253,below_0.60
direct_2d_70,scaled,40,False,424,0.2767239727058637,0.2527279662615076,0.006301127570196772,0.016397605567843233,0.5775842746011515,below_0.60
direct_2d_70,scaled,41,False,262,0.294630012666471,0.2811753884200315,0.003979659518019014,0.019838790461397363,0.6567304402372263,below_0.60
direct_2d_70,scaled,42,False,3075,0.5731443891957575,0.6071279087174957,0.04547129486329132,0.19733917611943677,0.7284027893651355,below_0.60
direct_2d_70,scaled,43,False,1141,0.319448018647835,0.36336631262427854,0.016820811378459043,0.038680181331482516,0.5909375557682636,below_0.60
direct_2d_70,scaled,44,False,375,0.38622536335416535,0.5329221038235796,0.005619426634239811,0.015615650738203226,0.6787224066705527,below_0.60
direct_2d_70,scaled,45,False,246,0.22391455626809892,0.08660330707497187,0.003611172525609846,0.004168592848672443,0.6123059604218509,below_0.60
direct_2d_70,scaled,46,False,373,0.3002505896947636,0.2525270163744674,0.0019047619047619048,0.00359921512270617,0.6674358707853489,below_0.60
direct_2d_70,scaled,47,False,238,0.259037257622024,0.28634797243147936,0.003555899476748471,0.01677181405333671,0.46533542677704826,below_0.60
direct_2d_70,scaled,48,False,819,0.4020961570507914,0.3909188785980823,0.011662398437643938,0.12573702409970494,0.5669744744744745,below_0.60
direct_2d_70,scaled,49,False,3362,0.6264887798721588,0.6771476025479637,0.04959834917827401,0.25975114054098347,0.7654532731033051,0.60_to_0.75
direct_2d_70,scaled,50,False,742,0.5779336604494003,0.6022086466165413,0.011220428918859163,0.25218702147869754,0.6796935352208019,below_0.60
direct_2d_70,scaled,51,False,583,0.4886883349448567,0.5257590776293823,0.008493625175031322,0.047879089590168254,0.6523918965418363,below_0.60
direct_2d_70,scaled,52,False,252,0.3131233790447729,0.3113299845214801,0.003758567322573513,0.020693955130248,0.5372827857724679,below_0.60
direct_2d_70,scaled,53,False,675,0.3749587832389213,0.4123602289620252,0.010151816640872576,0.04193274367990105,0.5675773541715999,below_0.60
direct_2d_70,scaled,54,False,271,0.19402770181065507,0.09837498064968184,0.004053282237411795,0.005042083604089046,0.49506833121900573,below_0.60
direct_2d_70,scaled,55,False,204,0.10591468200155378,0.08666021912799247,0.0030952907362370107,0.012154165999055723,0.2842884923358498,below_0.60
direct_2d_70,scaled,56,False,1027,0.46627810358005706,0.45832969718125494,0.015605424128528262,0.07528564223211176,0.6848224324551099,below_0.60
direct_2d_70,scaled,57,False,1054,0.44132220017199486,0.4852727767189092,0.015310352451314553,0.07151175934927381,0.589004246064623,below_0.60
direct_2d_70,scaled,58,False,778,0.23781912936235838,0.1241409542064941,0.011183580219618247,0.03152568461853644,0.6349318859088974,below_0.60
direct_2d_70,scaled,59,False,215,0.05326170461298391,0.035117251775179534,0.0032611098828211364,0.0060475076742198325,0.24928415217170158,below_0.60
direct_2d_70,scaled,60,False,225,0.19185180628507456,0.15889977091373134,0.001366120218579235,0.0021436921021705004,0.4957572356562255,below_0.60
direct_2d_70,scaled,61,False,332,0.35168086908990454,0.42457361891649925,0.004992998747144226,0.023499508769950772,0.5464342665934697,below_0.60
direct_2d_70,scaled,62,False,3306,0.5082288039796901,0.5294692048884699,0.0484182987269009,0.13539347442744187,0.68199715868875,below_0.60
direct_2d_70,scaled,63,False,286,0.10079310734454368,0.04742517280762866,0.0037953460950310445,0.009898243246354549,0.2210108248669569,below_0.60
direct_2d_70,scaled,64,False,379,0.1683224726019233,0.062292430860675624,0.0055273048861375195,0.016212589449559223,0.49671997434538906,below_0.60
direct_2d_70,scaled,65,False,2569,0.4085827034792067,0.41901983685734834,0.03828579851131255,0.1085210968500181,0.6133401105525372,below_0.60
direct_2d_70,scaled,66,False,208,0.13215163605077818,0.024472896764039978,0.0016142050040355124,0.0022564597643432004,0.5000433369447453,below_0.60
direct_2d_70,scaled,67,False,1303,0.41589429966526203,0.35617595212748954,0.019235021003758568,0.07779194813701301,0.7206893527339028,below_0.60
direct_2d_70,scaled,68,False,429,0.17389493382407606,0.11090189085371788,0.006301127570196772,0.02594638984669375,0.44691338613627873,below_0.60
direct_2d_70,scaled,69,False,1233,0.33766883545661636,0.3379123906144128,0.018037438278428772,0.07514034352768686,0.6133969230769231,below_0.60
direct_2d_70,fixed,0,False,267,0.835010578064257,0.8903322797008713,0.0014641288433382138,0.2714940562437891,0.9581483644859814,0.75_to_0.85
direct_2d_70,fixed,1,False,232,0.13192028028256886,0.0,0.0,0.0,0.8969729176507635,below_0.60
direct_2d_70,fixed,2,False,225,0.16509468647025843,0.15084462126235357,0.00042936882782310007,0.001433824939335675,0.42017605935838037,below_0.60
direct_2d_70,fixed,3,False,488,0.40350293372719914,0.6060753504151415,0.00129366106080207,0.0014144661745681456,0.7261243393908486,below_0.60
direct_2d_70,fixed,4,False,436,0.740764656875283,0.81489597942964,0.00631019594818997,0.006402098778063474,0.883732782369146,0.60_to_0.75
direct_2d_70,fixed,5,False,206,0.24183608435188994,0.051916745183844974,0.0016638935108153079,0.0017217583788923223,0.6536212828218918,below_0.60
direct_2d_70,fixed,6,False,772,0.3847930488146263,0.3959063255478034,0.011253782008707844,0.011325155542043752,0.6368863910999455,below_0.60
direct_2d_70,fixed,7,False,258,0.5359290563511107,0.6179200072167157,0.0034965034965034965,0.003614789026612341,0.8709441930618401,below_0.60
direct_2d_70,fixed,8,False,737,0.4205952798532936,0.42041012776384107,0.010701107011070111,0.010781505161945273,0.6449458084256938,below_0.60
direct_2d_70,fixed,9,False,1872,0.63041844108967,0.7534041851225282,0.027103321033210333,0.02744410830770921,0.7926859085573885,0.60_to_0.75
direct_2d_70,fixed,10,False,541,0.6875515261455719,0.7437054796900517,0.008026126425329348,0.008081908576113147,0.8581788677730193,0.60_to_0.75
direct_2d_70,fixed,11,False,247,0.12665702737206977,0.12059113812269492,0.0037824273958448652,0.014398666368881282,0.2904822133129693,below_0.60
direct_2d_70,fixed,12,False,202,0.046180952664544216,0.0030468786770530675,0.0,0.0002725186460126221,0.40083602484472003,below_0.60
direct_2d_70,fixed,13,False,290,0.4915590693775959,0.7485419823322566,0.004151444702756559,0.004262381193540016,0.8125605513180785,below_0.60
direct_2d_70,fixed,14,False,607,0.5020447440889093,0.5795154983071176,0.008696293020856364,0.008877521067212738,0.7265453044754219,below_0.60
direct_2d_70,fixed,15,False,954,0.4756010367389851,0.4975938313153012,0.013965657012307465,0.013983968160178346,0.7471304739672769,below_0.60
direct_2d_70,fixed,16,False,288,0.3931780280792669,0.44055535347177666,0.0041329938374109745,0.004156427262466688,0.719455628502321,below_0.60
direct_2d_70,fixed,17,False,610,0.5489831112107607,0.6710482489246732,0.008782611904498321,0.008907890190093028,0.7890992314647377,below_0.60
direct_2d_70,fixed,18,False,328,0.32886551389517765,0.40168188492632784,0.004778774124506439,0.004810475885859829,0.6064720142089092,below_0.60
direct_2d_70,fixed,19,False,235,0.13431070534136558,0.02018889194618418,0.0013280212483399733,0.00235125714255514,0.6399390243902437,below_0.60
direct_2d_70,fixed,20,False,526,0.17726118668167012,0.07632298997287038,0.007848772938315278,0.007950544166725268,0.42903383146533824,below_0.60
direct_2d_70,fixed,21,False,369,0.4618064707599415,0.49722177375955223,0.005258399601468662,0.00542113587596524,0.7481760352167182,below_0.60
direct_2d_70,fixed,22,False,261,0.09051543388114205,0.022543163072105535,0.0007818608287724785,0.0014147052649152768,0.4935547418886267,below_0.60
direct_2d_70,fixed,23,False,267,0.439556849016853,0.5258019275028769,0.0012232415902140672,0.001775853386175035,0.8305902759387744,below_0.60
direct_2d_70,fixed,24,False,340,0.636197600501957,0.7335640138408304,0.004956150047903309,0.005082236349229462,0.8071033210332104,0.60_to_0.75
direct_2d_70,fixed,25,False,947,0.5583878480358491,0.7158284543325527,0.013817498480075166,0.041378877040602655,0.819819264069264,below_0.60
direct_2d_70,fixed,26,False,642,0.3035424229968058,0.2651020144009051,0.009317686999520278,0.009337499328782082,0.7001078869047618,below_0.60
direct_2d_70,fixed,27,False,870,0.4863435392098571,0.3637893402474994,0.012749547953799033,0.012828360490616628,0.8005735595062992,below_0.60
direct_2d_70,fixed,28,False,855,0.3677385226247925,0.3480627348426532,0.012472554844185317,0.012499046578124609,0.6864424890006284,below_0.60
direct_2d_70,fixed,29,False,485,0.2993532810985661,0.3520180023228804,0.007066681427358943,0.007219385743320259,0.6252209306277827,below_0.60
direct_2d_70,fixed,30,False,1398,0.6372638106436846,0.7085661671323342,0.02013781413516103,0.020353156140653993,0.8047754588567498,0.60_to_0.75
direct_2d_70,fixed,31,False,316,0.2957304392702988,0.3581470052153827,0.004495541307391849,0.004656369378638738,0.5013265452459487,below_0.60
direct_2d_70,fixed,32,False,233,0.20870074387011534,0.027254781150195743,0.0011614401858304297,0.0014067359633327878,0.6993702708084428,below_0.60
direct_2d_70,fixed,33,False,452,0.39614865385427966,0.4344326852079744,0.006614341513744564,0.0066714480740066445,0.688855421686747,below_0.60
direct_2d_70,fixed,34,False,349,0.04467829405589524,0.03962864005632743,0.004956150047903309,0.004968302255720476,0.11877684753129036,below_0.60
direct_2d_70,fixed,35,False,212,0.1390367510004336,0.035443324544081334,0.003099745378058231,0.003150138819611458,0.42641432117266886,below_0.60
direct_2d_70,fixed,36,False,247,0.10502582562029758,0.02451325238046647,0.0018927444794952682,0.002728994737487258,0.43867908939834566,below_0.60
direct_2d_70,fixed,37,False,2098,0.6020209877471967,0.7354160874803077,0.03047970479704797,0.030791719182460722,0.8819786065161387,0.60_to_0.75
direct_2d_70,fixed,38,False,280,0.09360004010621772,0.013445613080666122,0.0008067769261799112,0.0014982185197286169,0.5365587657554427,below_0.60
direct_2d_70,fixed,39,False,414,0.44237238753584435,0.5001929586371077,0.002150537634408602,0.004012388039536501,0.6438045900178253,below_0.60
direct_2d_70,fixed,40,False,424,0.19006834741420353,0.06578325210344327,0.001890359168241966,0.003985474159170501,0.5775842746011515,below_0.60
direct_2d_70,fixed,41,False,262,0.26506142828174484,0.11038258886442279,0.003930034318609543,0.003953606288329041,0.6567304402372263,below_0.60
direct_2d_70,fixed,42,False,3075,0.5697945697068556,0.6171803111929284,0.04547129486329132,0.04551114340889605,0.7284027893651355,below_0.60
direct_2d_70,fixed,43,False,1141,0.30071042915199003,0.3573288548882292,0.016303345505514367,0.016549141795163088,0.5909375557682636,below_0.60
direct_2d_70,fixed,44,False,375,0.3053854900471132,0.16447107868681604,0.005619426634239811,0.005658324744074097,0.6787224066705527,below_0.60
direct_2d_70,fixed,45,False,246,0.2056519430511798,0.08126527669831829,0.0035056644156610944,0.0035557807678867517,0.6123059604218509,below_0.60
direct_2d_70,fixed,46,False,373,0.2854945122570646,0.1384932495885127,0.004103165298944901,0.004730825127456978,0.6674358707853489,below_0.60
direct_2d_70,fixed,47,False,238,0.22255350149241893,0.21138938580799047,0.0034872135503155096,0.0035198393653711663,0.46533542677704826,below_0.60
direct_2d_70,fixed,48,False,819,0.3674704768400439,0.36092566140852067,0.011662398437643938,0.011889470742707034,0.5607484407484408,below_0.60
direct_2d_70,fixed,49,False,3362,0.587943829037074,0.6703825374695016,0.04950275835347516,0.049548163995254614,0.7654532731033051,below_0.60
direct_2d_70,fixed,50,False,742,0.550286774281268,0.6022086466165413,0.011033617476659655,0.011122352911704422,0.6796935352208019,below_0.60
direct_2d_70,fixed,51,False,583,0.46489485769658884,0.5143517354124749,0.008493625175031322,0.008587073066332383,0.6523918965418363,below_0.60
direct_2d_70,fixed,52,False,252,0.2721544855506578,0.24408782108991112,0.003758567322573513,0.003813721662573169,0.5372827857724679,below_0.60
direct_2d_70,fixed,53,False,675,0.30849107498989814,0.3834717189378518,0.010151816640872576,0.010185048952148718,0.5369867112376707,below_0.60
direct_2d_70,fixed,54,False,271,0.18671670931661036,0.09510440074475723,0.004053282237411795,0.004126201891568016,0.49506833121900573,below_0.60
direct_2d_70,fixed,55,False,204,0.09425912656348226,0.08096677652763572,0.0030952907362370107,0.0031149350131803957,0.2842884923358498,below_0.60
direct_2d_70,fixed,56,False,1027,0.4161341553467868,0.41065785494025664,0.015110979907378365,0.015345840912424566,0.6848224324551099,below_0.60
direct_2d_70,fixed,57,False,1054,0.3641616527646513,0.43023369383789395,0.015310352451314553,0.015522528564376577,0.5656886196364815,below_0.60
direct_2d_70,fixed,58,False,778,0.2153124664595933,0.11628821272538212,0.011183580219618247,0.011199694591038034,0.6349318859088974,below_0.60
direct_2d_70,fixed,59,False,215,0.04328824986181423,0.03280995645299327,0.0031366471087494003,0.003195766926433475,0.16965941020456388,below_0.60
direct_2d_70,fixed,60,False,225,0.11518229829127183,0.06237984868395596,0.001366120218579235,0.0021436921021705004,0.331301339285714,below_0.60
direct_2d_70,fixed,61,False,332,0.26425246966147115,0.3422850365158058,0.0048894793165799475,0.00493865104609798,0.5464342665934697,below_0.60
direct_2d_70,fixed,62,False,3306,0.48238671273239,0.5288311367434118,0.0484182987269009,0.04863586942433857,0.6780418634598698,below_0.60
direct_2d_70,fixed,63,False,286,0.0912635335129898,0.04029876630846579,0.0037953460950310445,0.003990785416818122,0.2210108248669569,below_0.60
direct_2d_70,fixed,64,False,379,0.09618612523240125,0.05883720461876804,0.0055273048861375195,0.00566254579255531,0.43730670103092784,below_0.60
direct_2d_70,fixed,65,False,2569,0.36610751180367773,0.402791006555178,0.03828579851131255,0.03831197085779847,0.6060289631746282,below_0.60
direct_2d_70,fixed,66,False,208,0.07926229835260387,0.023885240647094196,0.0029663202888938023,0.002968348078972837,0.46465608720818047,below_0.60
direct_2d_70,fixed,67,False,1303,0.3597862944465486,0.19732371049308495,0.019132488330473606,0.019181191350283962,0.7491859649539931,below_0.60
direct_2d_70,fixed,68,False,429,0.11971488760785798,0.06227838538061749,0.006301127570196772,0.006349255854939305,0.44691338613627873,below_0.60
direct_2d_70,fixed,69,False,1233,0.258326008034893,0.19581245150889254,0.017805085058489243,0.01791545283796052,0.5956882852460644,below_0.60
direct_2d_historical_params,scaled,0,False,235,0.9574482173297504,0.960105864778853,0.867579908675799,0.8777016742770167,0.9975130890052356,at_least_0.85
direct_2d_historical_params,scaled,1,False,293,0.5016484940981631,0.5564245411042068,0.003541585966465608,0.003947017200419,0.8356362773029438,below_0.60
direct_2d_historical_params,scaled,2,False,265,0.88408247976749,0.8974550587453813,0.6607142857142857,0.7306750000000001,0.95582616066771,at_least_0.85
direct_2d_historical_params,scaled,3,False,208,0.20353529405454296,0.14548357009614005,0.0009737098344693282,0.0019259921637411377,0.7080068779904305,below_0.60
direct_2d_historical_params,scaled,4,False,411,0.7145361495643372,0.8447636700648748,0.005884382775467209,0.005930409340143785,0.8882333880978459,0.60_to_0.75
direct_2d_historical_params,scaled,5,False,311,0.6891362993424729,0.8014804452992947,0.004496204024471143,0.0046141023425913,0.8694292775665399,0.60_to_0.75
direct_2d_historical_params,scaled,6,False,554,0.6738943332538303,0.7677350465696391,0.008045622128185104,0.008143628923505527,0.8886640178177254,0.60_to_0.75
direct_2d_historical_params,scaled,7,False,161,0.3380702750640767,0.21952320667250014,0.0022879555482922045,0.0023674341163784866,0.8346541400420036,below_0.60
direct_2d_historical_params,scaled,8,False,161,0.2576804827490668,0.23486848917883402,0.002395518537628068,0.002432673538813838,0.6896085884528456,below_0.60
direct_2d_historical_params,scaled,9,False,235,0.6596371117451725,0.611728682268023,0.0035415266704200794,0.0035429212845029864,0.9490259176766654,0.60_to_0.75
direct_2d_historical_params,scaled,10,False,197,0.32964646217582166,0.3422840119165839,0.0,0.0013679410733076127,0.7262306201550386,below_0.60
direct_2d_historical_params,scaled,11,False,194,0.3892714187796012,0.4514506078251098,0.002669766259239752,0.0027695683594084813,0.689299899414541,below_0.60
direct_2d_historical_params,scaled,12,False,799,0.3859420490835486,0.42846281728975755,0.011387370371043025,0.011518927416346199,0.5744182180851063,below_0.60
direct_2d_historical_params,scaled,13,False,562,0.5813557758071225,0.6840328918334033,0.007974599424056709,0.008120483553080999,0.8886703984731402,below_0.60
direct_2d_historical_params,scaled,14,False,968,0.45789358077599224,0.517818425058818,0.014261234868166491,0.014318084819291442,0.6872433048235187,below_0.60
direct_2d_historical_params,scaled,15,False,245,0.5150331647321332,0.7174293098206141,0.0034688799694883856,0.0035192160858462215,0.8436274509803922,below_0.60
direct_2d_historical_params,scaled,16,False,1251,0.45510050902127447,0.4057676938719798,0.017889250104429634,0.018118293128795045,0.7842330741737362,below_0.60
direct_2d_historical_params,scaled,17,False,1092,0.5572142286208023,0.633448908018492,0.016307953121544923,0.016325791550885874,0.7796555389412095,below_0.60
direct_2d_historical_params,scaled,18,False,416,0.49394958741194744,0.5518616083732317,0.006047728015691403,0.006095031363674575,0.7466253923962328,below_0.60
direct_2d_historical_params,scaled,19,False,1688,0.659025595817851,0.8025321951945827,0.02430920870480093,0.024485937054492538,0.8413949342989399,0.60_to_0.75
direct_2d_historical_params,scaled,20,False,2858,0.6833438000465237,0.8639905027282562,0.040881188478442486,0.04121848512895598,0.8870217984989637,0.60_to_0.75
direct_2d_historical_params,scaled,21,False,186,0.07115955116333317,0.018002453987730063,0.002778736310637293,0.0027805178485566804,0.31779990123013363,below_0.60
direct_2d_historical_params,scaled,22,False,213,0.503197855317749,0.6136811023622047,0.002996676413432375,0.003061240670232508,0.8367801613551359,below_0.60
direct_2d_historical_params,scaled,23,False,225,0.45833274138083296,0.517743799617272,0.0030148380886652983,0.003117339277503333,0.7314606940092817,below_0.60
direct_2d_historical_params,scaled,24,False,272,0.1902979314949102,0.23800170656706326,0.0032520325203252032,0.003501690586183572,0.4923861440410271,below_0.60
direct_2d_historical_params,scaled,25,False,456,0.18727074195243837,0.22115055079559365,0.006615194678361496,0.006647638036854811,0.4000347638346339,below_0.60
direct_2d_historical_params,scaled,26,False,2031,0.7325624194019613,0.872220147771231,0.02962894591102086,0.02986705072871048,0.8942270852960625,0.60_to_0.75
direct_2d_historical_params,scaled,27,False,222,0.5528567047709432,0.6708333333333334,0.0031141740989164887,0.0031963914300817534,0.7369924623115578,below_0.60
direct_2d_historical_params,scaled,28,False,233,0.19536681567769296,0.16641508526416754,0.003335237428366102,0.003372837248192271,0.5614605123281095,below_0.60
direct_2d_historical_params,scaled,29,False,325,0.32330325410515637,0.3087351237022804,0.004613065509162565,0.004653796594027718,0.668060410749399,below_0.60
direct_2d_historical_params,scaled,30,False,593,0.32510775401276526,0.3617160314514256,0.008734429129505417,0.008743690837568176,0.49542992408086667,below_0.60
direct_2d_historical_params,scaled,31,False,1289,0.46964325020696496,0.6967533242136605,0.018959183296719525,0.018995271680398152,0.790625238177158,below_0.60
direct_2d_historical_params,scaled,32,False,271,0.4745044386441591,0.5964701505262995,0.003980246185597405,0.0039875243092791415,0.7468877204884667,below_0.60
direct_2d_historical_params,scaled,33,False,714,0.37148731199129326,0.4000952124427629,0.00994740241764326,0.010131033042841107,0.6587905178837555,below_0.60
direct_2d_historical_params,scaled,34,False,368,0.20568266447729272,0.18209763313113853,0.005104297191715191,0.005319555520755904,0.47813548065747946,below_0.60
direct_2d_historical_params,scaled,35,False,242,0.2835630455380072,0.24047530268468154,0.003537931415725368,0.0035741463446479107,0.5846726837755546,below_0.60
direct_2d_historical_params,scaled,36,False,250,0.42571195884187835,0.47776123107470836,0.0035415266704200794,0.003548602747640181,0.6181516587677724,below_0.60
direct_2d_historical_params,scaled,37,False,1216,0.6739366193693843,0.7809485087933605,0.017417046548373623,0.017599052719696074,0.8418499500860219,0.60_to_0.75
direct_2d_historical_params,scaled,38,False,315,0.32794163767159473,0.38406781348447244,0.00437696373113456,0.004419968393079246,0.6530912627300144,below_0.60
direct_2d_historical_params,scaled,39,False,3296,0.434912923535029,0.45109041502192426,0.04727484063129983,0.04749512666464267,0.6577057830399134,below_0.60
direct_2d_historical_params,scaled,40,False,253,0.4671215468717801,0.6272125999238676,0.0036183056729863945,0.0036414288611585736,0.7952596996245307,below_0.60
direct_2d_historical_params,scaled,41,False,328,0.4958542655532761,0.5116664796319156,0.004812843936724724,0.004868026826864661,0.79099657384626,below_0.60
direct_2d_historical_params,scaled,42,False,301,0.2602613012810968,0.29144896502498213,0.004249832004504095,0.004340600145402905,0.4700434602649005,below_0.60
direct_2d_historical_params,scaled,43,False,3881,0.49573105959478897,0.556345948224432,0.05621038484589819,0.05654752661705717,0.6702330650330371,below_0.60
direct_2d_historical_params,scaled,44,False,197,0.31547046088742203,0.47594438292112706,0.002724251284938523,0.0027806352918322897,0.600125968992248,below_0.60
direct_2d_historical_params,scaled,45,False,475,0.38499290615801124,0.4474050294275014,0.006719586486985416,0.006906385397006623,0.5490216579536967,below_0.60
direct_2d_historical_params,scaled,46,False,3170,0.5500764987042012,0.6380724191666631,0.0461669784420915,0.04632558895576845,0.7339166972499892,below_0.60
direct_2d_historical_params,scaled,47,False,466,0.1830619221668079,0.17481857764876632,0.006719819836181689,0.006818979343382871,0.3965134650547656,below_0.60
direct_2d_historical_params,scaled,48,False,493,0.2812934089569509,0.3541671068168107,0.006901436588510924,0.007036868125088232,0.5333406363457515,below_0.60
direct_2d_historical_params,scaled,49,False,412,0.23316356463823196,0.30959073997519637,0.005757251048836745,0.005788459358316007,0.49584348411208884,below_0.60
direct_2d_historical_params,scaled,50,False,297,0.20322092295767025,0.2284670131333043,0.0044314487568333305,0.004453454652766112,0.49952948723035606,below_0.60
direct_2d_historical_params,scaled,51,False,250,0.176096947656113,0.2000975514583943,0.0035415266704200794,0.0036130721087751718,0.3855478805981881,below_0.60
direct_2d_historical_params,scaled,52,False,761,0.32122748929233846,0.31689805221715706,0.010983331179738985,0.011070479723641731,0.660821937011308,below_0.60
direct_2d_historical_params,scaled,53,False,217,0.16757652068359724,0.11154111324557164,0.0029058680372677577,0.003112743118723763,0.43404776674937956,below_0.60
direct_2d_historical_params,scaled,54,False,272,0.3175919827078933,0.3480143768279361,0.0038952168214292306,0.003917003505883934,0.6300763002180005,below_0.60
direct_2d_historical_params,scaled,55,False,1104,0.43436047655495164,0.5431893642425267,0.01589146582880805,0.016077147936132644,0.6574562120094164,below_0.60
direct_2d_historical_params,scaled,56,False,396,0.19237255241374115,0.2374727668845316,0.005704369657922428,0.005755368705813645,0.4502024604352124,below_0.60
direct_2d_historical_params,scaled,57,False,1287,0.4468675481158165,0.5256084831362352,0.01903515884130611,0.019120608279991406,0.5870083726912828,below_0.60
direct_2d_historical_params,scaled,58,False,300,0.12448459108763929,0.06629122632427228,0.004301353172478724,0.004332637333808866,0.5537600188590287,below_0.60
direct_2d_historical_params,scaled,59,False,712,0.36666787301858483,0.49097935502388423,0.010225023156135922,0.010252230913881508,0.6106997282608695,below_0.60
direct_2d_historical_params,scaled,60,False,659,0.28342024322405257,0.37178759980801956,0.00922613101832513,0.009508991136651357,0.4995553328833636,below_0.60
direct_2d_historical_params,scaled,61,False,2051,0.42935762927379334,0.46362194979443977,0.02949456057826774,0.030075655580954756,0.7175683339169682,below_0.60
direct_2d_historical_params,scaled,62,False,261,0.3076577216451237,0.48823312510845046,0.003795975528856785,0.0038131410528695685,0.5729769736842105,below_0.60
direct_2d_historical_params,fixed,0,False,235,0.9574482173297504,0.960105864778853,0.867579908675799,0.8777016742770167,0.9975130890052356,at_least_0.85
direct_2d_historical_params,fixed,1,False,293,0.43466082762035485,0.5119182212172602,0.003541585966465608,0.0035673141088313825,0.8356362773029438,below_0.60
direct_2d_historical_params,fixed,2,False,265,0.8699543211044478,0.8974550587453813,0.574025974025974,0.615202922077922,0.95582616066771,at_least_0.85
direct_2d_historical_params,fixed,3,False,208,0.12573425134927751,0.1425093262025024,0.0029262086513994912,0.0029510540426294723,0.3083999374609129,below_0.60
direct_2d_historical_params,fixed,4,False,411,0.6306817999556431,0.8426593913648515,0.0057433660487095604,0.005810348993919444,0.8882333880978459,0.60_to_0.75
direct_2d_historical_params,fixed,5,False,311,0.6135404336688874,0.8014804452992947,0.004496204024471143,0.004540908448212761,0.8694292775665399,0.60_to_0.75
direct_2d_historical_params,fixed,6,False,554,0.5961750708258458,0.7558684994713063,0.007724463831334061,0.007877014022338306,0.8803238403516066,below_0.60
direct_2d_historical_params,fixed,7,False,161,0.255970369871647,0.20153310400475644,0.0022355507088331517,0.002250937509175651,0.7708796764408492,below_0.60
direct_2d_historical_params,fixed,8,False,161,0.13682993803325375,0.12900148097516517,0.0015408320493066256,0.0018880898611458841,0.33312791184953283,below_0.60
direct_2d_historical_params,fixed,9,False,235,0.5622627964578509,0.5878676470588236,0.0031751215617969375,0.003281351760692211,0.9490259176766654,below_0.60
direct_2d_historical_params,fixed,10,False,197,0.2244884791035937,0.10017481876151912,0.0,0.0011124121779859495,0.721785714285714,below_0.60
direct_2d_historical_params,fixed,11,False,194,0.32286026491703834,0.3413465630230645,0.002669766259239752,0.0027311438255410735,0.6673098575691042,below_0.60
direct_2d_historical_params,fixed,12,False,799,0.3348915690874044,0.4228181495990615,0.011387370371043025,0.011442300063855576,0.5752769474239493,below_0.60
direct_2d_historical_params,fixed,13,False,562,0.4732155022292429,0.6566296883254095,0.007924391130498,0.007948240069938387,0.8886703984731402,below_0.60
direct_2d_historical_params,fixed,14,False,968,0.4084082348611345,0.48994186848030885,0.01375863322428208,0.013997369005127176,0.6936194814724226,below_0.60
direct_2d_historical_params,fixed,15,False,245,0.3930591973520491,0.2841758053084099,0.0034688799694883856,0.003496007494704776,0.8436274509803922,below_0.60
direct_2d_historical_params,fixed,16,False,1251,0.4310295518143201,0.40053449278303044,0.017889250104429634,0.017999180914058565,0.7842330741737362,below_0.60
direct_2d_historical_params,fixed,17,False,1092,0.5066351525913201,0.633448908018492,0.0158030336018579,0.015962895803461767,0.7802746779575872,below_0.60
direct_2d_historical_params,fixed,18,False,416,0.4363078691536689,0.5391357966874288,0.006047728015691403,0.006070768072596793,0.7466253923962328,below_0.60
direct_2d_historical_params,fixed,19,False,1688,0.5807940182726249,0.7998764680051709,0.02430920870480093,0.024485937054492538,0.8413949342989399,below_0.60
direct_2d_historical_params,fixed,20,False,2858,0.5988078195604161,0.843635231310909,0.040881188478442486,0.04118965421462668,0.8837685414564027,below_0.60
direct_2d_historical_params,fixed,21,False,186,0.05515561624400376,0.016142035191699718,0.0026354053071610322,0.002637510621777356,0.31779990123013363,below_0.60
direct_2d_historical_params,fixed,22,False,213,0.44305046626192734,0.5934185452845792,0.002996676413432375,0.0030124923621350943,0.8367801613551359,below_0.60
direct_2d_historical_params,fixed,23,False,225,0.2750604968249131,0.28037948298848014,0.0022935779816513763,0.0026361765324829896,0.7064308708912231,below_0.60
direct_2d_historical_params,fixed,24,False,272,0.10599520457334503,0.026829718606576916,0.0032520325203252032,0.003501690586183572,0.4923861440410271,below_0.60
direct_2d_historical_params,fixed,25,False,456,0.09358862017580136,0.06874219055522171,0.006615194678361496,0.006618615496291465,0.34472926684295124,below_0.60
direct_2d_historical_params,fixed,26,False,2031,0.6470726085630747,0.8687145816088424,0.02960741548527808,0.0296176424375059,0.8942270852960625,0.60_to_0.75
direct_2d_historical_params,fixed,27,False,222,0.47544647746232593,0.6627450980392157,0.0031079607415485278,0.003110912086298309,0.7369924623115578,below_0.60
direct_2d_historical_params,fixed,28,False,233,0.12109255338686546,0.1530882788097978,0.003335237428366102,0.003356779366358943,0.37435121892202505,below_0.60
direct_2d_historical_params,fixed,29,False,325,0.2200669511660966,0.2944830804308729,0.0044813759820019235,0.004543928507403228,0.4368730064145255,below_0.60
direct_2d_historical_params,fixed,30,False,593,0.29142802107310983,0.3667606190970677,0.00829160316423543,0.008453873195211242,0.49542992408086667,below_0.60
direct_2d_historical_params,fixed,31,False,1289,0.3678394483974651,0.21285242064104543,0.018829516539440202,0.01889110824914788,0.790625238177158,below_0.60
direct_2d_historical_params,fixed,32,False,271,0.4178644668365724,0.5715507199682768,0.003646853908121054,0.0037880079709747493,0.7468877204884667,below_0.60
direct_2d_historical_params,fixed,33,False,714,0.32514567345118905,0.36332557958460665,0.010287168302435479,0.010309410132357021,0.6587905178837555,below_0.60
direct_2d_historical_params,fixed,34,False,368,0.17608692696633438,0.13189363828285805,0.0050527081061432205,0.005077212921789907,0.47813548065747946,below_0.60
direct_2d_historical_params,fixed,35,False,242,0.24987673497521357,0.19518601005142933,0.0033987640857869868,0.003404570319143691,0.5846726837755546,below_0.60
direct_2d_historical_params,fixed,36,False,250,0.29697958391317814,0.40884548752728767,0.0033624136677571793,0.003447492344022057,0.6157883817427385,below_0.60
direct_2d_historical_params,fixed,37,False,1216,0.57254927377474,0.7707025226819023,0.017417046548373623,0.01747773636002403,0.8418499500860219,below_0.60
direct_2d_historical_params,fixed,38,False,315,0.24774272549687004,0.2752650139810525,0.00437696373113456,0.004419968393079246,0.6071332335329339,below_0.60
direct_2d_historical_params,fixed,39,False,3296,0.3840362535169909,0.43249204849409195,0.04727484063129983,0.04742107250191587,0.6577057830399134,below_0.60
direct_2d_historical_params,fixed,40,False,253,0.3530479321383673,0.27619651713926857,0.00361056680455766,0.0036142427670613087,0.7952596996245307,below_0.60
direct_2d_historical_params,fixed,41,False,328,0.43554067418432263,0.46336206896551724,0.004808041222149648,0.004810322511572809,0.79099657384626,below_0.60
direct_2d_historical_params,fixed,42,False,301,0.20019167831084633,0.20984657649952115,0.004249832004504095,0.004340600145402905,0.4700434602649005,below_0.60
direct_2d_historical_params,fixed,43,False,3881,0.4416589421944856,0.5456343562989876,0.05568256041802743,0.05593327702126604,0.6534996916063762,below_0.60
direct_2d_historical_params,fixed,44,False,197,0.23808595203045022,0.11143046466262167,0.0019646365422396855,0.0021732611077527582,0.600125968992248,below_0.60
direct_2d_historical_params,fixed,45,False,475,0.331686539379801,0.38643491403740793,0.006719586486985416,0.006776839440974695,0.5490216579536967,below_0.60
direct_2d_historical_params,fixed,46,False,3170,0.4896544213530009,0.6150745083774507,0.04555845852384063,0.04559621689731731,0.7339166972499892,below_0.60
direct_2d_historical_params,fixed,47,False,466,0.1573405210516464,0.10769954521373579,0.006694970607446114,0.006706773991095512,0.3965134650547656,below_0.60
direct_2d_historical_params,fixed,48,False,493,0.24127375159275077,0.2966987917532192,0.0067793529625590696,0.0068373426848862,0.5075915837038603,below_0.60
direct_2d_historical_params,fixed,49,False,412,0.22071493489456118,0.2638947570578068,0.005757251048836745,0.005771758484360897,0.5093171330976208,below_0.60
direct_2d_historical_params,fixed,50,False,297,0.18514055930197237,0.21045672153810707,0.004107597237368229,0.004242089826924366,0.49724218294814515,below_0.60
direct_2d_historical_params,fixed,51,False,250,0.12652845408447802,0.06422357117812061,0.002477700693756194,0.00298301803267154,0.3855478805981881,below_0.60
direct_2d_historical_params,fixed,52,False,761,0.3073506741328237,0.25693872710948484,0.010849843965454678,0.010913250392239724,0.6568607408356831,below_0.60
direct_2d_historical_params,fixed,53,False,217,0.12089735767884136,0.08701346389228887,0.0029058680372677577,0.0029906725259375884,0.43404776674937956,below_0.60
direct_2d_historical_params,fixed,54,False,272,0.2756522861606475,0.23961978575436121,0.003834969102144675,0.003863586768804839,0.6300763002180005,below_0.60
direct_2d_historical_params,fixed,55,False,1104,0.3863445899638226,0.49144874426443697,0.01589146582880805,0.01594889015263604,0.6574562120094164,below_0.60
direct_2d_historical_params,fixed,56,False,396,0.1518344443454174,0.11702428019250244,0.005606357500544307,0.005652913275298915,0.4502024604352124,below_0.60
direct_2d_historical_params,fixed,57,False,1287,0.3823877499351055,0.48493664220342486,0.018647764449291167,0.01867542723216932,0.5646158027399368,below_0.60
direct_2d_historical_params,fixed,58,False,300,0.09828723563963526,0.05940445754158019,0.004301353172478724,0.004332637333808866,0.5537600188590287,below_0.60
direct_2d_historical_params,fixed,59,False,712,0.31701173624894075,0.3903414508941988,0.010105416212286441,0.010162229510614944,0.6106997282608695,below_0.60
direct_2d_historical_params,fixed,60,False,659,0.26467759329162216,0.37030256699122877,0.009071775890848392,0.009145094576399842,0.4995553328833636,below_0.60
direct_2d_historical_params,fixed,61,False,2051,0.376895903916352,0.3680205586305183,0.02940748818611414,0.0294488475723871,0.7175683339169682,below_0.60
direct_2d_historical_params,fixed,62,False,261,0.2458535813115112,0.06004441204600966,0.003795975528856785,0.0038027064428740663,0.5686711530735234,below_0.60
historical_display_2d_104,scaled,0,False,220,1.0,1.0,1.0,1.0,1.0,at_least_0.85
historical_display_2d_104,scaled,1,False,274,1.0,1.0,1.0,1.0,1.0,at_least_0.85
historical_display_2d_104,scaled,2,False,218,1.0,1.0,1.0,1.0,1.0,at_least_0.85
historical_display_2d_104,scaled,3,False,161,0.9872242162063751,1.0,0.9473684210526315,0.9501027960526316,1.0,at_least_0.85
historical_display_2d_104,scaled,4,False,180,1.0,1.0,1.0,1.0,1.0,at_least_0.85
historical_display_2d_104,scaled,5,False,200,1.0,1.0,1.0,1.0,1.0,at_least_0.85
historical_display_2d_104,scaled,6,False,258,0.9425302420751706,0.9318879465199299,0.8817733990147784,0.8844099077221953,0.992738038277512,at_least_0.85
historical_display_2d_104,scaled,7,False,407,0.9904679082867245,0.9970280677582888,0.9373219373219374,0.943344017094017,1.0,at_least_0.85
historical_display_2d_104,scaled,8,False,328,0.9235109198944178,0.9241115405016291,0.9068825910931174,0.9089318931424194,0.9434249924059421,at_least_0.85
historical_display_2d_104,scaled,9,False,151,0.24803149606299213,0.0,0.0,0.0,1.0,below_0.60
historical_display_2d_104,scaled,10,False,280,0.9522299228541866,1.0,0.8430493273542601,0.8576909869510766,1.0,at_least_0.85
historical_display_2d_104,scaled,11,False,231,0.9377597170523966,0.9352363705680519,0.9130434782608695,0.919531072160255,0.9619358808290155,at_least_0.85
historical_display_2d_104,scaled,12,False,564,1.0,1.0,1.0,1.0,1.0,at_least_0.85
historical_display_2d_104,scaled,13,False,257,1.0,1.0,1.0,1.0,1.0,at_least_0.85
historical_display_2d_104,scaled,14,False,230,0.8679810751353013,0.9217852684144819,0.6259259259259259,0.6272853535353535,0.9974999999999999,at_least_0.85
historical_display_2d_104,scaled,15,False,383,1.0,1.0,1.0,1.0,1.0,at_least_0.85
historical_display_2d_104,scaled,16,False,243,0.8674149809631342,0.8286099865047234,0.8090452261306532,0.8100803763716542,1.0,at_least_0.85
historical_display_2d_104,scaled,17,False,341,0.9906113638438574,0.9924648786717752,0.9812734082397003,0.9814369216787838,0.9982851985559567,at_least_0.85
historical_display_2d_104,scaled,18,False,181,0.9388476845176307,0.936841327686398,0.9154929577464789,0.9200895851298266,0.9671180634848138,at_least_0.85
historical_display_2d_104,scaled,19,False,272,0.9553196058696447,1.0,0.5511221945137157,0.55309236548731,1.0,at_least_0.85
historical_display_2d_104,scaled,20,False,160,0.9297479309438487,1.0,0.2967581047381546,0.2974432492034695,1.0,at_least_0.85
historical_display_2d_104,scaled,21,False,260,1.0,1.0,1.0,1.0,1.0,at_least_0.85
historical_display_2d_104,scaled,22,False,242,1.0,1.0,1.0,1.0,1.0,at_least_0.85
historical_display_2d_104,scaled,23,False,400,0.9993797133988792,1.0,0.9968454258675079,0.9968640978016254,1.0,at_least_0.85
historical_display_2d_104,scaled,24,False,222,1.0,1.0,1.0,1.0,1.0,at_least_0.85
historical_display_2d_104,scaled,25,False,224,0.9991750092695588,1.0,0.9942528735632183,0.9944289951798294,1.0,at_least_0.85
historical_display_2d_104,scaled,26,False,289,0.8687504115115207,0.8683170995670996,0.8497854077253219,0.8500903305087855,0.8871355060034306,at_least_0.85
historical_display_2d_104,scaled,27,False,283,0.868988977753915,0.8711111111111111,0.7945205479452054,0.7987826763175211,1.0,at_least_0.85
historical_display_2d_104,scaled,28,False,422,0.9690662414102796,0.9689059534687565,0.9635854341736695,0.9637136782423813,0.9760196374622356,at_least_0.85
historical_display_2d_104,scaled,29,False,201,0.996617522498936,0.9941858499814082,0.9935064935064936,0.9935460372960373,1.0,at_least_0.85
historical_display_2d_104,scaled,30,False,305,1.0,1.0,1.0,1.0,1.0,at_least_0.85
historical_display_2d_104,scaled,31,False,2226,1.0,1.0,1.0,1.0,1.0,at_least_0.85
historical_display_2d_104,scaled,32,False,368,0.9408860466745231,1.0,0.6872852233676976,0.6968003520241388,1.0,at_least_0.85
historical_display_2d_104,scaled,33,False,725,1.0,1.0,1.0,1.0,1.0,at_least_0.85
historical_display_2d_104,scaled,34,False,264,1.0,1.0,1.0,1.0,1.0,at_least_0.85
historical_display_2d_104,scaled,35,False,448,0.9962137235991186,0.9972027917312176,0.9697802197802198,0.9799921735241502,1.0,at_least_0.85
historical_display_2d_104,scaled,36,False,527,1.0,1.0,1.0,1.0,1.0,at_least_0.85
historical_display_2d_104,scaled,37,False,206,1.0,1.0,1.0,1.0,1.0,at_least_0.85
historical_display_2d_104,scaled,38,False,306,1.0,1.0,1.0,1.0,1.0,at_least_0.85
historical_display_2d_104,scaled,39,False,216,0.8954590960182347,0.9667526247927796,0.24366197183098592,0.24933509126507927,0.977842234499693,at_least_0.85
historical_display_2d_104,scaled,40,False,617,0.9597428939914018,0.9881304592843054,0.6920777279521674,0.6958408071748878,0.9941343503469252,at_least_0.85
historical_display_2d_104,scaled,41,False,271,0.822720975311704,1.0,0.1537242472266244,0.23385943540145449,1.0,0.75_to_0.85
historical_display_2d_104,scaled,42,False,544,0.9248799672100871,1.0,0.6646433990895296,0.6660961696151707,1.0,at_least_0.85
historical_display_2d_104,scaled,43,False,527,1.0,1.0,1.0,1.0,1.0,at_least_0.85
historical_display_2d_104,scaled,44,False,277,1.0,1.0,1.0,1.0,1.0,at_least_0.85
historical_display_2d_104,scaled,45,False,219,0.9932187086831551,0.9942528735632183,0.9881656804733728,0.9881987469544031,1.0,at_least_0.85
historical_display_2d_104,scaled,46,False,205,0.9232450618372343,0.9131854722939994,0.896969696969697,0.8989955106621773,0.9911722488038277,at_least_0.85
historical_display_2d_104,scaled,47,False,614,1.0,1.0,1.0,1.0,1.0,at_least_0.85
historical_display_2d_104,scaled,48,False,169,1.0,1.0,1.0,1.0,1.0,at_least_0.85
historical_display_2d_104,scaled,49,False,291,0.8364224096059283,0.8336791147994468,0.8082191780821918,0.8137294829075651,0.8642329545454546,0.75_to_0.85
historical_display_2d_104,scaled,50,False,168,0.9969485818484104,1.0,0.991869918699187,0.9919915498367582,1.0,at_least_0.85
historical_display_2d_104,scaled,51,False,343,1.0,1.0,1.0,1.0,1.0,at_least_0.85
historical_display_2d_104,scaled,52,False,374,1.0,1.0,1.0,1.0,1.0,at_least_0.85
historical_display_2d_104,scaled,53,False,314,0.8984030075142944,0.9834699453551912,0.2502532928064843,0.2503738509343576,0.9962,at_least_0.85
historical_display_2d_104,scaled,54,False,822,0.9218933708856973,0.9607426529896146,0.6757852077001013,0.6780377411419446,0.9847713350967563,at_least_0.85
historical_display_2d_104,scaled,55,False,178,0.8933479582624368,0.8934983934983936,0.8767123287671232,0.8780044690566404,0.9037954652810581,at_least_0.85
historical_display_2d_104,scaled,56,False,261,0.9940227802414341,0.9952152014652015,0.9809523809523809,0.9809952606635071,1.0,at_least_0.85
historical_display_2d_104,scaled,57,False,249,1.0,1.0,1.0,1.0,1.0,at_least_0.85
historical_display_2d_104,scaled,58,False,1617,0.8772279237166865,0.8991012487075479,0.7050691244239631,0.7149947498229592,0.9347733798195242,at_least_0.85
historical_display_2d_104,scaled,59,False,537,0.9974534778114998,0.9976798018949182,0.9952830188679245,0.9952987605496885,1.0,at_least_0.85
historical_display_2d_104,scaled,60,False,336,1.0,1.0,1.0,1.0,1.0,at_least_0.85
historical_display_2d_104,scaled,61,False,881,0.9343551120308236,0.9634687162167495,0.7286742034943474,0.7286818154623911,0.9832246881505017,at_least_0.85
historical_display_2d_104,scaled,62,False,185,0.8976201428006825,0.9867497367497368,0.1408016443987667,0.14107263046111967,0.9935716353709985,at_least_0.85
historical_display_2d_104,scaled,63,False,3379,0.992816570370479,0.9948326063046208,0.9851135094901377,0.985261946742412,0.9981834341336668,at_least_0.85
historical_display_2d_104,scaled,64,False,256,1.0,1.0,1.0,1.0,1.0,at_least_0.85
historical_display_2d_104,scaled,65,False,333,1.0,1.0,1.0,1.0,1.0,at_least_0.85
historical_display_2d_104,scaled,66,False,1854,0.9996954622528534,1.0,0.9993150684931507,0.9993155135580833,1.0,at_least_0.85
historical_display_2d_104,scaled,67,False,309,1.0,1.0,1.0,1.0,1.0,at_least_0.85
historical_display_2d_104,scaled,68,False,2646,0.9922818578979065,0.995807940407405,0.9589603283173734,0.9601102377914279,0.9988569492092713,at_least_0.85
historical_display_2d_104,scaled,69,False,263,1.0,1.0,1.0,1.0,1.0,at_least_0.85
historical_display_2d_104,scaled,70,False,383,0.8984810113665388,0.9469574749731116,0.24584717607973422,0.5058494284588099,0.9727465181922517,at_least_0.85
historical_display_2d_104,scaled,71,False,154,0.9574425008098478,1.0,0.16472303206997085,0.5577097505668938,1.0,at_least_0.85
historical_display_2d_104,scaled,72,False,256,0.9975354670692307,1.0,0.9902439024390244,0.9924545793927327,1.0,at_least_0.85
historical_display_2d_104,scaled,73,False,261,0.9973817220877919,1.0,0.9905660377358491,0.9907092702679418,1.0,at_least_0.85
historical_display_2d_104,scaled,74,False,213,0.9930027668312972,0.9939572075361471,0.9819277108433735,0.9823691910499139,1.0,at_least_0.85
historical_display_2d_104,scaled,75,False,1169,0.9982219827498497,0.9978700648847646,0.996742671009772,0.9967543419353028,0.9995020964360587,at_least_0.85
historical_display_2d_104,scaled,76,False,162,0.7905515029756538,0.9405130473241928,0.11212624584717608,0.14554511118655578,0.9751117792167746,0.75_to_0.85
historical_display_2d_104,scaled,77,False,609,0.7601929323001956,0.7966569987008671,0.3995016611295681,0.5173141296687809,0.8599642184557438,0.75_to_0.85
historical_display_2d_104,scaled,78,False,446,0.9673783492040956,0.9986187845303867,0.8700564971751412,0.881708435945724,1.0,at_least_0.85
historical_display_2d_104,scaled,79,False,1368,0.9979593048166429,0.9990749274532607,0.9919282511210762,0.99236036227724,1.0,at_least_0.85
historical_display_2d_104,scaled,80,False,795,0.9966263303720145,0.9968577677068369,0.9903225806451613,0.9926357009925558,0.9992759146341463,at_least_0.85
historical_display_2d_104,scaled,81,False,189,0.9009091924331415,0.8862863534675616,0.8533333333333334,0.8537291666666667,0.9646836007130125,at_least_0.85
historical_display_2d_104,scaled,82,False,212,0.9897029566831902,0.9939572075361471,0.9767441860465116,0.9789944013781223,0.9973756906077348,at_least_0.85
historical_display_2d_104,scaled,83,False,2059,0.9945504085001428,0.9951126541430295,0.9883435582822085,0.9889834608816647,0.9991046290082459,at_least_0.85
historical_display_2d_104,scaled,84,False,302,0.9656570734744309,0.9670731707317073,0.9402390438247012,0.9422366091190792,0.9794716646989374,at_least_0.85
historical_display_2d_104,scaled,85,False,2336,0.9402367350112657,0.9726206990344077,0.3342133051742344,0.6344593114196819,0.9778280482174371,at_least_0.85
historical_display_2d_104,scaled,86,False,226,0.9589060874119892,0.9620593419506464,0.9047619047619048,0.917154255319149,0.982816811194324,at_least_0.85
historical_display_2d_104,scaled,87,False,685,0.959099537753394,0.9690626053725975,0.8017492711370262,0.8429675476748076,0.992198905109489,at_least_0.85
historical_display_2d_104,scaled,88,False,1608,0.9889874233534082,0.9890231683253523,0.9831804281345565,0.9836866039904472,0.9946687677666544,at_least_0.85
historical_display_2d_104,scaled,89,False,378,0.965194742557201,0.9673734857678142,0.9239130434782609,0.9391221444362565,0.9816556969676618,at_least_0.85
historical_display_2d_104,scaled,90,False,212,0.9612396679003623,0.9614595856021497,0.9192546583850931,0.9247470604320481,0.988959699941547,at_least_0.85
historical_display_2d_104,scaled,91,False,382,0.9353750005025212,0.9375909640653506,0.9225806451612903,0.9225901328273245,0.9455424942714167,at_least_0.85
historical_display_2d_104,scaled,92,False,256,0.9551076565059884,0.958427565606998,0.9306930693069307,0.9320972737084136,0.9767706687730384,at_least_0.85
historical_display_2d_104,scaled,93,False,1399,0.8997667081259296,0.9667267659748685,0.7215859030837004,0.7259314205151349,0.9764729774535809,at_least_0.85
historical_display_2d_104,scaled,94,False,487,0.8991426654819357,0.9003160782442747,0.7994722955145118,0.8070892653055466,0.9872294001882433,at_least_0.85
historical_display_2d_104,scaled,95,False,481,0.8328986575727825,0.9262739779112575,0.6027777777777777,0.605588768115942,0.9545162725654717,0.75_to_0.85
historical_display_2d_104,scaled,96,False,325,0.7732008687694479,0.7665369649805447,0.5324324324324324,0.5343113936038465,0.9164335664335664,0.75_to_0.85
historical_display_2d_104,scaled,97,False,366,0.9478750570359556,0.9462183354800804,0.9290540540540541,0.9302191318030358,0.9755932724682724,at_least_0.85
historical_display_2d_104,scaled,98,False,202,0.7308057268500422,0.9623791178551773,0.03613884926295768,0.03651100925038008,0.9851263736263737,0.60_to_0.75
historical_display_2d_104,scaled,99,False,4747,0.757433026630289,0.8870342010551625,0.4210665258711721,0.4237517250241643,0.9588206817818612,0.75_to_0.85
historical_display_2d_104,scaled,100,False,2197,0.8486890582940345,0.9456668992719697,0.31995412844036697,0.43206858152385685,0.9709935242429806,0.75_to_0.85
historical_display_2d_104,scaled,101,False,391,0.7489712927198579,0.849795974418331,0.09962168978562422,0.0999847848208504,0.9089770210409744,0.60_to_0.75
historical_display_2d_104,scaled,102,False,256,0.4762024979846764,0.45163533834586467,0.06532823454429573,0.06604385529212348,0.9218080558055806,below_0.60
historical_display_2d_104,scaled,103,False,396,0.6049196558225521,0.6168683432377343,0.09899117276166457,0.09904243777194598,0.9274130637806954,0.60_to_0.75
historical_display_2d_104,fixed,0,False,220,1.0,1.0,1.0,1.0,1.0,at_least_0.85
historical_display_2d_104,fixed,1,False,274,1.0,1.0,1.0,1.0,1.0,at_least_0.85
historical_display_2d_104,fixed,2,False,218,1.0,1.0,1.0,1.0,1.0,at_least_0.85
historical_display_2d_104,fixed,3,False,161,0.0,0.0,0.0,0.0,0.0,below_0.60
historical_display_2d_104,fixed,4,False,180,0.05,0.0,0.0,0.0,0.5249999999999986,below_0.60
historical_display_2d_104,fixed,5,False,200,1.0,1.0,1.0,1.0,1.0,at_least_0.85
historical_display_2d_104,fixed,6,False,258,0.9425302420751706,0.9318879465199299,0.8817733990147784,0.8844099077221953,0.992738038277512,at_least_0.85
historical_display_2d_104,fixed,7,False,407,0.9904679082867245,0.9970280677582888,0.9373219373219374,0.943344017094017,1.0,at_least_0.85
historical_display_2d_104,fixed,8,False,328,0.9235109198944178,0.9241115405016291,0.9068825910931174,0.9089318931424194,0.9434249924059421,at_least_0.85
historical_display_2d_104,fixed,9,False,151,0.0,0.0,0.0,0.0,0.0,below_0.60
historical_display_2d_104,fixed,10,False,280,0.9522299228541866,1.0,0.8430493273542601,0.8576909869510766,1.0,at_least_0.85
historical_display_2d_104,fixed,11,False,231,0.9377597170523966,0.9352363705680519,0.9130434782608695,0.919531072160255,0.9619358808290155,at_least_0.85
historical_display_2d_104,fixed,12,False,564,1.0,1.0,1.0,1.0,1.0,at_least_0.85
historical_display_2d_104,fixed,13,False,257,1.0,1.0,1.0,1.0,1.0,at_least_0.85
historical_display_2d_104,fixed,14,False,230,0.8679810751353013,0.9217852684144819,0.6259259259259259,0.6272853535353535,0.9974999999999999,at_least_0.85
historical_display_2d_104,fixed,15,False,383,0.9793713163064833,1.0,0.587426326129666,0.7833988212180749,1.0,at_least_0.85
historical_display_2d_104,fixed,16,False,243,0.8446338328381746,0.8286099865047234,0.3575638506876228,0.5720175040230624,1.0,0.75_to_0.85
historical_display_2d_104,fixed,17,False,341,0.4019464712649965,0.3965647045121789,0.3799126637554585,0.3831208151382824,0.43648172813705,below_0.60
historical_display_2d_104,fixed,18,False,181,0.21250800080025126,0.21187657904639035,0.19536903039073805,0.1997278318642284,0.22922530026713783,below_0.60
historical_display_2d_104,fixed,19,False,272,0.5440677197129054,0.546506193035756,0.5211970074812967,0.5223815461346634,0.5589589526570523,below_0.60
historical_display_2d_104,fixed,20,False,160,0.3149549715155009,0.31521631319466725,0.2967581047381546,0.2974432492034695,0.33678304239401496,below_0.60
historical_display_2d_104,fixed,21,False,260,1.0,1.0,1.0,1.0,1.0,at_least_0.85
historical_display_2d_104,fixed,22,False,242,1.0,1.0,1.0,1.0,1.0,at_least_0.85
historical_display_2d_104,fixed,23,False,400,0.9993797133988792,1.0,0.9968454258675079,0.9968640978016254,1.0,at_least_0.85
historical_display_2d_104,fixed,24,False,222,1.0,1.0,1.0,1.0,1.0,at_least_0.85
historical_display_2d_104,fixed,25,False,224,0.9991750092695588,1.0,0.9942528735632183,0.9944289951798294,1.0,at_least_0.85
historical_display_2d_104,fixed,26,False,289,0.8687504115115207,0.8683170995670996,0.8497854077253219,0.8500903305087855,0.8871355060034306,at_least_0.85
historical_display_2d_104,fixed,27,False,283,0.868988977753915,0.8711111111111111,0.7945205479452054,0.7987826763175211,1.0,at_least_0.85
historical_display_2d_104,fixed,28,False,422,0.9690662414102796,0.9689059534687565,0.9635854341736695,0.9637136782423813,0.9760196374622356,at_least_0.85
historical_display_2d_104,fixed,29,False,201,0.996617522498936,0.9941858499814082,0.9935064935064936,0.9935460372960373,1.0,at_least_0.85
historical_display_2d_104,fixed,30,False,305,1.0,1.0,1.0,1.0,1.0,at_least_0.85
historical_display_2d_104,fixed,31,False,2226,1.0,1.0,1.0,1.0,1.0,at_least_0.85
historical_display_2d_104,fixed,32,False,368,0.9408860466745231,1.0,0.6872852233676976,0.6968003520241388,1.0,at_least_0.85
historical_display_2d_104,fixed,33,False,725,1.0,1.0,1.0,1.0,1.0,at_least_0.85
historical_display_2d_104,fixed,34,False,264,1.0,1.0,1.0,1.0,1.0,at_least_0.85
historical_display_2d_104,fixed,35,False,448,0.9962137235991186,0.9972027917312176,0.9697802197802198,0.9799921735241502,1.0,at_least_0.85
historical_display_2d_104,fixed,36,False,527,1.0,1.0,1.0,1.0,1.0,at_least_0.85
historical_display_2d_104,fixed,37,False,206,1.0,1.0,1.0,1.0,1.0,at_least_0.85
historical_display_2d_104,fixed,38,False,306,1.0,1.0,1.0,1.0,1.0,at_least_0.85
historical_display_2d_104,fixed,39,False,216,0.8222894277116405,0.9661969148733575,0.24147727272727273,0.2425150048015365,0.9754901813595964,0.75_to_0.85
historical_display_2d_104,fixed,40,False,617,0.9306474578398489,0.9880715705765407,0.6920777279521674,0.6952445728652644,0.9920103957075788,at_least_0.85
historical_display_2d_104,fixed,41,False,271,0.822720975311704,1.0,0.1537242472266244,0.23385943540145449,1.0,0.75_to_0.85
historical_display_2d_104,fixed,42,False,544,0.9248799672100871,1.0,0.6646433990895296,0.6660961696151707,1.0,at_least_0.85
historical_display_2d_104,fixed,43,False,527,1.0,1.0,1.0,1.0,1.0,at_least_0.85
historical_display_2d_104,fixed,44,False,277,1.0,1.0,1.0,1.0,1.0,at_least_0.85
historical_display_2d_104,fixed,45,False,219,0.9571460443232935,0.9942528735632183,0.27854671280276816,0.6156157224463057,1.0,at_least_0.85
historical_display_2d_104,fixed,46,False,205,0.6714599797875425,0.9117647058823529,0.0,0.10264195583596224,0.9911722488038277,0.60_to_0.75
historical_display_2d_104,fixed,47,False,614,0.9315370255125428,1.0,0.7632,0.7663487402799378,1.0,at_least_0.85
historical_display_2d_104,fixed,48,False,169,0.0,0.0,0.0,0.0,0.0,below_0.60
historical_display_2d_104,fixed,49,False,291,0.5619619741161528,0.550277085065115,0.3737024221453287,0.44463550604364177,0.7335010913727522,below_0.60
historical_display_2d_104,fixed,50,False,168,0.3389000880566498,0.36011265271041804,0.0,0.11176470588235304,0.3873925357796325,below_0.60
historical_display_2d_104,fixed,51,False,343,1.0,1.0,1.0,1.0,1.0,at_least_0.85
historical_display_2d_104,fixed,52,False,374,1.0,1.0,1.0,1.0,1.0,at_least_0.85
historical_display_2d_104,fixed,53,False,314,0.8014728953089028,0.9834699453551912,0.24772497472194135,0.24892592581209924,0.9962,0.75_to_0.85
historical_display_2d_104,fixed,54,False,822,0.8872836996855582,0.9607426529896146,0.6693386773547094,0.6724007792687706,0.9847713350967563,at_least_0.85
historical_display_2d_104,fixed,55,False,178,0.0,0.0,0.0,0.0,0.0,below_0.60
historical_display_2d_104,fixed,56,False,261,0.9940227802414341,0.9952152014652015,0.9809523809523809,0.9809952606635071,1.0,at_least_0.85
historical_display_2d_104,fixed,57,False,249,1.0,1.0,1.0,1.0,1.0,at_least_0.85
historical_display_2d_104,fixed,58,False,1617,0.8969728240288951,0.8992967016893786,0.8402323892519971,0.8405919690216094,0.9347733798195242,at_least_0.85
historical_display_2d_104,fixed,59,False,537,0.9974534778114998,0.9976798018949182,0.9952830188679245,0.9952987605496885,1.0,at_least_0.85
historical_display_2d_104,fixed,60,False,336,1.0,1.0,1.0,1.0,1.0,at_least_0.85
historical_display_2d_104,fixed,61,False,881,0.802669520794751,0.7238533660982287,0.7052200614124872,0.7074806569816805,0.9789297846949241,0.75_to_0.85
historical_display_2d_104,fixed,62,False,185,0.4425424586443145,0.1520493789923842,0.1408016443987667,0.14107263046111967,0.9935716353709985,below_0.60
historical_display_2d_104,fixed,63,False,3379,0.992816570370479,0.9948326063046208,0.9851135094901377,0.985261946742412,0.9981834341336668,at_least_0.85
historical_display_2d_104,fixed,64,False,256,1.0,1.0,1.0,1.0,1.0,at_least_0.85
historical_display_2d_104,fixed,65,False,333,1.0,1.0,1.0,1.0,1.0,at_least_0.85
historical_display_2d_104,fixed,66,False,1854,0.9996954622528534,1.0,0.9993150684931507,0.9993155135580833,1.0,at_least_0.85
historical_display_2d_104,fixed,67,False,309,1.0,1.0,1.0,1.0,1.0,at_least_0.85
historical_display_2d_104,fixed,68,False,2646,0.9922818578979065,0.995807940407405,0.9589603283173734,0.9601102377914279,0.9988569492092713,at_least_0.85
historical_display_2d_104,fixed,69,False,263,1.0,1.0,1.0,1.0,1.0,at_least_0.85
historical_display_2d_104,fixed,70,False,383,0.8101542780983599,0.9363939731014258,0.24584717607973422,0.3862702282713537,0.9660369724230704,0.75_to_0.85
historical_display_2d_104,fixed,71,False,154,0.017313532555879495,0.0,0.0,0.0,0.17355594023323612,below_0.60
historical_display_2d_104,fixed,72,False,256,0.9975354670692307,1.0,0.9902439024390244,0.9924545793927327,1.0,at_least_0.85
historical_display_2d_104,fixed,73,False,261,0.9973817220877919,1.0,0.9905660377358491,0.9907092702679418,1.0,at_least_0.85
historical_display_2d_104,fixed,74,False,213,0.9930027668312972,0.9939572075361471,0.9819277108433735,0.9823691910499139,1.0,at_least_0.85
historical_display_2d_104,fixed,75,False,1169,0.9982219827498497,0.9978700648847646,0.996742671009772,0.9967543419353028,0.9995020964360587,at_least_0.85
historical_display_2d_104,fixed,76,False,162,0.22702637243620108,0.20639796923967924,0.11212624584717608,0.14554511118655578,0.3376209008628454,below_0.60
historical_display_2d_104,fixed,77,False,609,0.6917852831704224,0.6700575550417212,0.3995016611295681,0.5066983148684168,0.8328608984411032,0.60_to_0.75
historical_display_2d_104,fixed,78,False,446,0.9673783492040956,0.9986187845303867,0.8700564971751412,0.881708435945724,1.0,at_least_0.85
historical_display_2d_104,fixed,79,False,1368,0.9979593048166429,0.9990749274532607,0.9919282511210762,0.99236036227724,1.0,at_least_0.85
historical_display_2d_104,fixed,80,False,795,0.9966263303720145,0.9968577677068369,0.9903225806451613,0.9926357009925558,0.9992759146341463,at_least_0.85
historical_display_2d_104,fixed,81,False,189,0.33578601729206686,0.4233812668516275,0.0,0.0,0.7215463369232809,below_0.60
historical_display_2d_104,fixed,82,False,212,0.6924953659684243,0.5479997368074747,0.49101796407185627,0.4923703207082767,0.9973756906077348,0.60_to_0.75
historical_display_2d_104,fixed,83,False,2059,0.9945504085001428,0.9951126541430295,0.9883435582822085,0.9889834608816647,0.9991046290082459,at_least_0.85
historical_display_2d_104,fixed,84,False,302,0.9656570734744309,0.9670731707317073,0.9402390438247012,0.9422366091190792,0.9794716646989374,at_least_0.85
historical_display_2d_104,fixed,85,False,2336,0.9510339894991221,0.9726206990344077,0.5501583949313622,0.7478304835421739,0.9778280482174371,at_least_0.85
historical_display_2d_104,fixed,86,False,226,0.9589060874119892,0.9620593419506464,0.9047619047619048,0.917154255319149,0.982816811194324,at_least_0.85
historical_display_2d_104,fixed,87,False,685,0.9500978508538935,0.9690626053725975,0.7815750371471025,0.7911577982923162,0.992198905109489,at_least_0.85
historical_display_2d_104,fixed,88,False,1608,0.9889874233534082,0.9890231683253523,0.9831804281345565,0.9836866039904472,0.9946687677666544,at_least_0.85
historical_display_2d_104,fixed,89,False,378,0.965194742557201,0.9673734857678142,0.9239130434782609,0.9391221444362565,0.9816556969676618,at_least_0.85
historical_display_2d_104,fixed,90,False,212,0.868736054477963,0.9614595856021497,0.0,0.0,0.988959699941547,at_least_0.85
historical_display_2d_104,fixed,91,False,382,0.9353750005025212,0.9375909640653506,0.9225806451612903,0.9225901328273245,0.9455424942714167,at_least_0.85
historical_display_2d_104,fixed,92,False,256,0.9551076565059884,0.958427565606998,0.9306930693069307,0.9320972737084136,0.9767706687730384,at_least_0.85
historical_display_2d_104,fixed,93,False,1399,0.9683320366221233,0.9691319255559402,0.9533039647577093,0.9556753534587556,0.9764729774535809,at_least_0.85
historical_display_2d_104,fixed,94,False,487,0.8991426654819357,0.9003160782442747,0.7994722955145118,0.8070892653055466,0.9872294001882433,at_least_0.85
historical_display_2d_104,fixed,95,False,481,0.7846820006926783,0.9143186394316614,0.5211459754433834,0.5326925461986853,0.9521557971014493,0.75_to_0.85
historical_display_2d_104,fixed,96,False,325,0.7030056902618443,0.7582836819066148,0.3037249283667622,0.32794126269950785,0.9099885189437428,0.60_to_0.75
historical_display_2d_104,fixed,97,False,366,0.9478750570359556,0.9462183354800804,0.9290540540540541,0.9302191318030358,0.9755932724682724,at_least_0.85
historical_display_2d_104,fixed,98,False,202,0.5512163929593143,0.9617818889970788,0.03491987562784023,0.035498888104521016,0.9851263736263737,below_0.60
historical_display_2d_104,fixed,99,False,4747,0.8452233284696021,0.8934989816622155,0.4267195767195767,0.43271712376933896,0.9603166835462857,0.75_to_0.85
historical_display_2d_104,fixed,100,False,2197,0.839444466357509,0.9437962904570711,0.5544490844844202,0.5551784334469847,0.9709935242429806,0.75_to_0.85
historical_display_2d_104,fixed,101,False,391,0.6719175440745491,0.8477939827997258,0.09248737373737374,0.0958575095031588,0.9082936661280123,0.60_to_0.75
historical_display_2d_104,fixed,102,False,256,0.3727581357092836,0.2833130496918328,0.06504578465424692,0.06517994835202011,0.9014775249722531,below_0.60
historical_display_2d_104,fixed,103,False,396,0.5020679833536356,0.4297148318173285,0.09899117276166457,0.09904243777194598,0.9274130637806954,below_0.60
