finalist,cluster,rank,term,tfidf_centroid_weight,term_exclusivity
current_30d_42,0,1,neutrosophic,0.7587048411369324,0.9616484642028809
current_30d_42,0,2,set,0.1540241837501526,0.1829107105731964
current_30d_42,0,3,sets,0.1464112550020218,0.3014686107635498
current_30d_42,0,4,fuzzy,0.13017570972442627,0.8002035021781921
current_30d_42,0,5,neutrosophic set,0.12531951069831848,1.0
current_30d_42,0,6,neutrosophic sets,0.12056613713502884,0.8603402972221375
current_30d_42,0,7,soft,0.10004831105470657,0.6567280292510986
current_30d_42,0,8,valued neutrosophic,0.09089159965515137,1.0
current_30d_42,0,9,valued,0.0902138352394104,0.4236028790473938
current_30d_42,0,10,paper,0.08947368711233139,0.031683288514614105
current_30d_42,0,11,single valued,0.080503910779953,0.9869890809059143
current_30d_42,0,12,applications,0.07926004379987717,0.201314777135849
current_30d_42,1,1,nietzsche,0.11859817802906036,0.25632938742637634
current_30d_42,1,2,philosophy,0.11368042230606079,0.03973643109202385
current_30d_42,1,3,human,0.11222946643829346,0.054817184805870056
current_30d_42,1,4,moral,0.09969090670347214,0.052307095378637314
current_30d_42,1,5,theory,0.09471752494573593,0.03251449018716812
current_30d_42,1,6,problem,0.09258341044187546,0.04681246727705002
current_30d_42,1,7,wonder,0.08389542996883392,0.5527388453483582
current_30d_42,1,8,democratic,0.07858168333768845,0.2686675786972046
current_30d_42,1,9,non,0.07699576765298843,0.04852166771888733
current_30d_42,1,10,new,0.0758332759141922,0.037124693393707275
current_30d_42,1,11,making,0.07547872513532639,0.07415813952684402
current_30d_42,1,12,article,0.07340550422668457,0.05351720750331879
current_30d_42,2,1,ontology,0.4772140085697174,0.29604020714759827
current_30d_42,2,2,ontologies,0.3401050567626953,0.7728111743927002
current_30d_42,2,3,biomedical,0.18541841208934784,0.6506938338279724
current_30d_42,2,4,data,0.17454023659229279,0.15500153601169586
current_30d_42,2,5,information,0.15598465502262115,0.12484272569417953
current_30d_42,2,6,ontological,0.13114862143993378,0.12343262881040573
current_30d_42,2,7,formal,0.11954089999198914,0.18514591455459595
current_30d_42,2,8,domain,0.10928691178560257,0.2854701578617096
current_30d_42,2,9,based,0.1006803959608078,0.06329819560050964
current_30d_42,2,10,systems,0.09714047610759735,0.09090954065322876
current_30d_42,2,11,representation,0.09707146137952805,0.13428130745887756
current_30d_42,2,12,formal ontology,0.09493090957403183,0.697882354259491
current_30d_42,3,1,evolutionary,0.32200294733047485,0.6310147047042847
current_30d_42,3,2,biology,0.30811432003974915,0.6680059432983398
current_30d_42,3,3,evolution,0.27730149030685425,0.46603482961654663
current_30d_42,3,4,biological,0.1981765329837799,0.3858828544616699
current_30d_42,3,5,science,0.1383528858423233,0.06136367470026016
current_30d_42,3,6,life,0.1325998604297638,0.07814773172140121
current_30d_42,3,7,natural,0.1311517208814621,0.10941499471664429
current_30d_42,3,8,selection,0.12748746573925018,0.34718945622444153
current_30d_42,3,9,theory,0.12139047682285309,0.04167074337601662
current_30d_42,3,10,systems,0.09595740586519241,0.08980235457420349
current_30d_42,3,11,species,0.0896240770816803,0.1907975822687149
current_30d_42,3,12,emergence,0.08914210647344589,0.293619841337204
current_30d_42,4,1,using,0.188418909907341,0.1920946091413498
current_30d_42,4,2,dataset,0.17313233017921448,0.7203161716461182
current_30d_42,4,3,data,0.17114455997943878,0.1519859880208969
current_30d_42,4,4,network,0.17036844789981842,0.42786380648612976
current_30d_42,4,5,accuracy,0.16707183420658112,0.4640646278858185
current_30d_42,4,6,model,0.1651819795370102,0.1321638524532318
current_30d_42,4,7,learning,0.14979730546474457,0.23874634504318237
current_30d_42,4,8,neural,0.14851944148540497,0.36678358912467957
current_30d_42,4,9,expert,0.14725834131240845,0.5787495374679565
current_30d_42,4,10,neural network,0.13545824587345123,0.7817488312721252
current_30d_42,4,11,disease,0.1264386773109436,0.3666357696056366
current_30d_42,4,12,deep learning,0.12099816650152206,0.8910238742828369
current_30d_42,5,1,health,0.25613197684288025,0.35294049978256226
current_30d_42,5,2,medical,0.17459236085414886,0.34848204255104065
current_30d_42,5,3,ethics,0.14421600103378296,0.0927693322300911
current_30d_42,5,4,care,0.13639092445373535,0.2921874225139618
current_30d_42,5,5,abortion,0.13437576591968536,0.8093778491020203
current_30d_42,5,6,medicine,0.1316443532705307,0.4707728624343872
current_30d_42,5,7,covid,0.12841977179050446,0.36533695459365845
current_30d_42,5,8,covid 19,0.12569484114646912,0.37978658080101013
current_30d_42,5,9,19,0.1241406500339508,0.3341241776943207
current_30d_42,5,10,ethical,0.12297127395868301,0.1177939921617508
current_30d_42,5,11,research,0.1213335245847702,0.0652010440826416
current_30d_42,5,12,disability,0.1104760617017746,0.6943714618682861
current_30d_42,6,1,research,0.29118967056274414,0.1564767062664032
current_30d_42,6,2,science,0.2752174139022827,0.12206722050905228
current_30d_42,6,3,scientific,0.2067164033651352,0.13002164661884308
current_30d_42,6,4,academic,0.1465207189321518,0.3546673357486725
current_30d_42,6,5,publishing,0.1442297101020813,0.716866135597229
current_30d_42,6,6,data,0.13344117999076843,0.11850326508283615
current_30d_42,6,7,review,0.13005812466144562,0.07173632830381393
current_30d_42,6,8,peer review,0.12917400896549225,0.9100168943405151
current_30d_42,6,9,interdisciplinarity,0.12900589406490326,0.8977773785591125
current_30d_42,6,10,plagiarism,0.12277598679065704,0.9763336777687073
current_30d_42,6,11,peer,0.12264858186244965,0.6831567287445068
current_30d_42,6,12,researchers,0.11538825184106827,0.284208744764328
current_30d_42,7,1,time,0.3630339503288269,0.2420063614845276
current_30d_42,7,2,quantum,0.35063475370407104,0.6608611941337585
current_30d_42,7,3,physics,0.1902637481689453,0.38569262623786926
current_30d_42,7,4,mechanics,0.18742792308330536,0.6710758209228516
current_30d_42,7,5,theory,0.16938108205795288,0.058144886046648026
current_30d_42,7,6,quantum mechanics,0.15805751085281372,0.7255415916442871
current_30d_42,7,7,space,0.1530945748090744,0.22037431597709656
current_30d_42,7,8,relativity,0.13943302631378174,0.5015209317207336
current_30d_42,7,9,temporal,0.13788758218288422,0.34208282828330994
current_30d_42,7,10,physical,0.10853374004364014,0.14133095741271973
current_30d_42,7,11,universe,0.10661720484495163,0.26659372448921204
current_30d_42,7,12,future,0.08812679350376129,0.09096311032772064
current_30d_42,8,1,causation,0.5404162406921387,0.6788378953933716
current_30d_42,8,2,causal,0.39786216616630554,0.3957400918006897
current_30d_42,8,3,explanation,0.2691601812839508,0.2810770571231842
current_30d_42,8,4,explanations,0.1350196748971939,0.3034561574459076
current_30d_42,8,5,explanatory,0.13486890494823456,0.26034170389175415
current_30d_42,8,6,causes,0.1303766518831253,0.30704858899116516
current_30d_42,8,7,cause,0.12954038381576538,0.30894699692726135
current_30d_42,8,8,physicalism,0.10208052396774292,0.4194418787956238
current_30d_42,8,9,exclusion,0.09182808548212051,0.44751107692718506
current_30d_42,8,10,scientific explanation,0.09112429618835449,0.7284717559814453
current_30d_42,8,11,theory,0.086736761033535,0.029774866998195648
current_30d_42,8,12,scientific,0.08511164784431458,0.05353400483727455
current_30d_42,9,1,scientific,0.471815288066864,0.2967650592327118
current_30d_42,9,2,science,0.39078831672668457,0.17332640290260315
current_30d_42,9,3,realism,0.31308498978614807,0.29713213443756104
current_30d_42,9,4,scientific realism,0.2405707687139511,0.8883031010627747
current_30d_42,9,5,theories,0.19504310190677643,0.1395713835954666
current_30d_42,9,6,progress,0.17284050583839417,0.3724171221256256
current_30d_42,9,7,scientific progress,0.14208130538463593,0.9060043692588806
current_30d_42,9,8,scientific theories,0.10154876857995987,0.5846012234687805
current_30d_42,9,9,philosophy science,0.10127812623977661,0.2363877296447754
current_30d_42,9,10,popper,0.0995645821094513,0.6575925946235657
current_30d_42,9,11,induction,0.09352180361747742,0.491484135389328
current_30d_42,9,12,philosophy,0.08789236843585968,0.030722344294190407
current_30d_42,10,1,mental,0.18763649463653564,0.18151900172233582
current_30d_42,10,2,disorder,0.16239064931869507,0.7700140476226807
current_30d_42,10,3,psychiatric,0.15059447288513184,0.8327606320381165
current_30d_42,10,4,self,0.14109118282794952,0.10275200754404068
current_30d_42,10,5,addiction,0.1320025771856308,0.7377597689628601
current_30d_42,10,6,psychiatry,0.12982483208179474,0.8304276466369629
current_30d_42,10,7,disorders,0.12244100868701935,0.7172557711601257
current_30d_42,10,8,depression,0.1003146693110466,0.7331047654151917
current_30d_42,10,9,research,0.09691231697797775,0.05207780748605728
current_30d_42,10,10,brain,0.09561227262020111,0.18408919870853424
current_30d_42,10,11,psychopathy,0.09301869571208954,0.8069202899932861
current_30d_42,10,12,psychoanalysis,0.0911339744925499,0.6835576891899109
current_30d_42,11,1,urban,0.28742316365242004,0.7186902165412903
current_30d_42,11,2,architecture,0.2706628739833832,0.586229681968689
current_30d_42,11,3,architectural,0.1921410858631134,0.8944713473320007
current_30d_42,11,4,design,0.17055818438529968,0.25174474716186523
current_30d_42,11,5,heritage,0.16701793670654297,0.7008407115936279
current_30d_42,11,6,city,0.1655396968126297,0.5940825343132019
current_30d_42,11,7,spatial,0.12331611663103104,0.35401418805122375
current_30d_42,11,8,cities,0.11796987801790237,0.6581134796142578
current_30d_42,11,9,cultural,0.1138937845826149,0.16597989201545715
current_30d_42,11,10,new,0.10337827354669571,0.0506095327436924
current_30d_42,11,11,space,0.0972764641046524,0.14002609252929688
current_30d_42,11,12,study,0.09661699086427689,0.07039063423871994
current_30d_42,12,1,climate,0.6521252393722534,0.693405032157898
current_30d_42,12,2,climate change,0.4001772105693817,0.6660492420196533
current_30d_42,12,3,change,0.3028905689716339,0.30126115679740906
current_30d_42,12,4,carbon,0.12600842118263245,0.7121540307998657
current_30d_42,12,5,emissions,0.1242697685956955,0.8348178863525391
current_30d_42,12,6,geoengineering,0.11569549888372421,0.95409095287323
current_30d_42,12,7,global,0.07699175924062729,0.12275969982147217
current_30d_42,12,8,environmental,0.07272521406412125,0.09627098590135574
current_30d_42,12,9,justice,0.07233622670173645,0.12196306884288788
current_30d_42,12,10,moral,0.06735995411872864,0.03534327819943428
current_30d_42,12,11,ethics,0.06690607219934464,0.04303843900561333
current_30d_42,12,12,climate science,0.0665232241153717,0.971921980381012
current_30d_42,13,1,animal,0.4894639551639557,0.7218684554100037
current_30d_42,13,2,animals,0.47425127029418945,0.6735718250274658
current_30d_42,13,3,food,0.2183256298303604,0.748680591583252
current_30d_42,13,4,moral,0.15246304869651794,0.0799962505698204
current_30d_42,13,5,ethics,0.15080149471759796,0.09700556099414825
current_30d_42,13,6,rights,0.1329258233308792,0.254393994808197
current_30d_42,13,7,animal rights,0.13250932097434998,0.9483884572982788
current_30d_42,13,8,human,0.12428313493728638,0.06070466339588165
current_30d_42,13,9,meat,0.11964063346385956,0.8665591478347778
current_30d_42,13,10,welfare,0.11199751496315002,0.3306330144405365
current_30d_42,13,11,ethical,0.09965314716100693,0.09545759856700897
current_30d_42,13,12,animal ethics,0.09186965972185135,0.9619857668876648
current_30d_42,14,1,environmental,0.42226359248161316,0.5589771270751953
current_30d_42,14,2,ecological,0.2571457624435425,0.6153028607368469
current_30d_42,14,3,nature,0.16961617767810822,0.10151316225528717
current_30d_42,14,4,ecology,0.15542258322238922,0.6661324501037598
current_30d_42,14,5,ethics,0.15318980813026428,0.09854188561439514
current_30d_42,14,6,conservation,0.13810662925243378,0.47868719696998596
current_30d_42,14,7,human,0.13272440433502197,0.06482770293951035
current_30d_42,14,8,environment,0.13062870502471924,0.21164467930793762
current_30d_42,14,9,climate,0.11712662875652313,0.1245407983660698
current_30d_42,14,10,environmental ethics,0.11295763403177261,0.7304617166519165
current_30d_42,14,11,sustainability,0.1069231778383255,0.5484834313392639
current_30d_42,14,12,value,0.10030536353588104,0.07423793524503708
current_30d_42,15,1,collective,0.4497290849685669,0.5400339365005493
current_30d_42,15,2,group,0.41972818970680237,0.4922000765800476
current_30d_42,15,3,agency,0.22086872160434723,0.25861692428588867
current_30d_42,15,4,groups,0.2191469967365265,0.4110167622566223
current_30d_42,15,5,action,0.1873314082622528,0.18286819756031036
current_30d_42,15,6,agents,0.16116498410701752,0.22916053235530853
current_30d_42,15,7,shared,0.1482309252023697,0.3120277225971222
current_30d_42,15,8,joint,0.14519008994102478,0.5100898742675781
current_30d_42,15,9,individual,0.14434555172920227,0.17280437052249908
current_30d_42,15,10,shared agency,0.11209125071763992,0.9933351278305054
current_30d_42,15,11,group agents,0.11151201277971268,0.9805551171302795
current_30d_42,15,12,social,0.10694721341133118,0.06318437308073044
current_30d_42,16,1,games,0.34708428382873535,0.6773866415023804
current_30d_42,16,2,sport,0.3038751482963562,0.9658929109573364
current_30d_42,16,3,game,0.29439738392829895,0.5506625175476074
current_30d_42,16,4,virtual,0.24619288742542267,0.6558089852333069
current_30d_42,16,5,sports,0.17993709444999695,0.9176161885261536
current_30d_42,16,6,play,0.11920703202486038,0.20515745878219604
current_30d_42,16,7,video,0.10357890278100967,0.43943026661872864
current_30d_42,16,8,player,0.1021583303809166,0.791049063205719
current_30d_42,16,9,players,0.10159230977296829,0.7767586708068848
current_30d_42,16,10,reality,0.10042809695005417,0.10363579541444778
current_30d_42,16,11,athletes,0.09978781640529633,0.924813449382782
current_30d_42,16,12,sporting,0.09628321975469589,0.9868208765983582
current_30d_42,17,1,technology,0.28165069222450256,0.43903428316116333
current_30d_42,17,2,digital,0.22087597846984863,0.3930496573448181
current_30d_42,17,3,information,0.21458075940608978,0.17174027860164642
current_30d_42,17,4,media,0.2058762013912201,0.4611004889011383
current_30d_42,17,5,privacy,0.18434777855873108,0.6899440288543701
current_30d_42,17,6,social,0.17696630954742432,0.10455162078142166
current_30d_42,17,7,technologies,0.15487326681613922,0.3577170968055725
current_30d_42,17,8,technological,0.14133848249912262,0.4345898926258087
current_30d_42,17,9,ethics,0.14131157100200653,0.09090100973844528
current_30d_42,17,10,internet,0.1363428235054016,0.6054078936576843
current_30d_42,17,11,online,0.13494931161403656,0.39225301146507263
current_30d_42,17,12,social media,0.12731239199638367,0.6399199366569519
current_30d_42,18,1,ai,0.4413338303565979,0.5747922658920288
current_30d_42,18,2,intelligence,0.31193602085113525,0.43925172090530396
current_30d_42,18,3,artificial,0.3108150362968445,0.4033621549606323
current_30d_42,18,4,artificial intelligence,0.2258501946926117,0.4796542227268219
current_30d_42,18,5,human,0.178404301404953,0.08713951706886292
current_30d_42,18,6,robots,0.1578103005886078,0.8659181594848633
current_30d_42,18,7,machine,0.14555180072784424,0.3117140829563141
current_30d_42,18,8,systems,0.12841685116291046,0.12017973512411118
current_30d_42,18,9,robot,0.11702172458171844,0.8112694025039673
current_30d_42,18,10,machines,0.10469188541173935,0.3905830681324005
current_30d_42,18,11,ethical,0.10001552850008011,0.09580472111701965
current_30d_42,18,12,moral,0.09587308019399643,0.05030390992760658
current_30d_42,19,1,memory,0.7718324661254883,0.724394679069519
current_30d_42,19,2,episodic,0.2157568335533142,0.870473325252533
current_30d_42,19,3,remembering,0.1952340304851532,0.8642570376396179
current_30d_42,19,4,episodic memory,0.16075478494167328,0.8889812231063843
current_30d_42,19,5,memories,0.13995137810707092,0.6766844391822815
current_30d_42,19,6,past,0.13611768186092377,0.2368939071893692
current_30d_42,19,7,forgetting,0.09885042160749435,0.8859261870384216
current_30d_42,19,8,mental time,0.08730020374059677,0.911155641078949
current_30d_42,19,9,mental,0.08469485491514206,0.08193355798721313
current_30d_42,19,10,philosophy memory,0.08253698796033859,1.0
current_30d_42,19,11,time travel,0.07754667103290558,0.5855885744094849
current_30d_42,19,12,travel,0.06973445415496826,0.4109591543674469
current_30d_42,20,1,phenomenology,0.41477659344673157,0.424957811832428
current_30d_42,20,2,husserl,0.3640798032283783,0.65607750415802
current_30d_42,20,3,phenomenological,0.25640034675598145,0.40234607458114624
current_30d_42,20,4,merleau ponty,0.1950010508298874,0.6653172373771667
current_30d_42,20,5,ponty,0.19470900297164917,0.6584054231643677
current_30d_42,20,6,merleau,0.19441992044448853,0.6468150615692139
current_30d_42,20,7,transcendental,0.16542068123817444,0.480943888425827
current_30d_42,20,8,heidegger,0.14267247915267944,0.2520503103733063
current_30d_42,20,9,experience,0.12276137620210648,0.09052398055791855
current_30d_42,20,10,philosophy,0.11690407991409302,0.040863245725631714
current_30d_42,20,11,review,0.09293882548809052,0.05126238986849785
current_30d_42,20,12,intersubjectivity,0.09274342656135559,0.5329306125640869
current_30d_42,21,1,philosophy,0.20379139482975006,0.07123427838087082
current_30d_42,21,2,world,0.11721475422382355,0.06475254148244858
current_30d_42,21,3,nature,0.11182747036218643,0.06692734360694885
current_30d_42,21,4,theory,0.10401062667369843,0.035704612731933594
current_30d_42,21,5,book,0.10215263068675995,0.08015383034944534
current_30d_42,21,6,human,0.09450219571590424,0.04615850746631622
current_30d_42,21,7,social,0.09219136834144592,0.054466623812913895
current_30d_42,21,8,problem,0.08567775785923004,0.04332079738378525
current_30d_42,21,9,life,0.08514007180929184,0.050177305936813354
current_30d_42,21,10,new,0.0822007805109024,0.04024194926023483
current_30d_42,21,11,society,0.07855033874511719,0.12493784725666046
current_30d_42,21,12,philosophical,0.0749804899096489,0.042993370443582535
current_30d_42,22,1,cognitive,0.3545093834400177,0.27276328206062317
current_30d_42,22,2,cognition,0.23377962410449982,0.36777496337890625
current_30d_42,22,3,mind,0.2226710170507431,0.17806527018547058
current_30d_42,22,4,computational,0.17035041749477386,0.4480206072330475
current_30d_42,22,5,consciousness,0.15662147104740143,0.12633490562438965
current_30d_42,22,6,cognitive science,0.153358593583107,0.5370064973831177
current_30d_42,22,7,science,0.1330067664384842,0.05899250879883766
current_30d_42,22,8,predictive,0.13255056738853455,0.5713016986846924
current_30d_42,22,9,systems,0.12929962575435638,0.12100588530302048
current_30d_42,22,10,representation,0.12157411873340607,0.16817642748355865
current_30d_42,22,11,brain,0.11136043071746826,0.21441026031970978
current_30d_42,22,12,embodied,0.10834165662527084,0.33104053139686584
current_30d_42,23,1,consciousness,0.6435117721557617,0.5190731287002563
current_30d_42,23,2,mind,0.22569632530212402,0.18048454821109772
current_30d_42,23,3,conscious,0.15291588008403778,0.3590555191040039
current_30d_42,23,4,problem,0.13601617515087128,0.06877315044403076
current_30d_42,23,5,body,0.12937121093273163,0.2005702406167984
current_30d_42,23,6,self,0.12471017241477966,0.0908222645521164
current_30d_42,23,7,brain,0.1180608943104744,0.2273111343383789
current_30d_42,23,8,phenomenal,0.11159225553274155,0.24978527426719666
current_30d_42,23,9,experience,0.10188519209623337,0.0751299262046814
current_30d_42,23,10,theory,0.10153468698263168,0.03485467657446861
current_30d_42,23,11,mind body,0.10061178356409073,0.5472736358642578
current_30d_42,23,12,physical,0.0957854762673378,0.12473036348819733
current_30d_42,24,1,perception,0.3581032156944275,0.42099425196647644
current_30d_42,24,2,perceptual,0.3442448377609253,0.5885874629020691
current_30d_42,24,3,visual,0.22447741031646729,0.5123686194419861
current_30d_42,24,4,experience,0.20518313348293304,0.15130160748958588
current_30d_42,24,5,phenomenal,0.15108844637870789,0.33819255232810974
current_30d_42,24,6,color,0.13848963379859924,0.6894416809082031
current_30d_42,24,7,content,0.13554833829402924,0.1781589686870575
current_30d_42,24,8,sensory,0.12239684164524078,0.402713418006897
current_30d_42,24,9,attention,0.12005200982093811,0.15325669944286346
current_30d_42,24,10,objects,0.11009080708026886,0.10708790272474289
current_30d_42,24,11,intentionality,0.0983412116765976,0.23862606287002563
current_30d_42,24,12,vision,0.09426316618919373,0.29727044701576233
current_30d_42,25,1,composition,0.5658538341522217,0.8445055484771729
current_30d_42,25,2,identity,0.2924553453922272,0.29903531074523926
current_30d_42,25,3,composition identity,0.2821680009365082,1.0
current_30d_42,25,4,mereological,0.25403672456741333,0.8269336819648743
current_30d_42,25,5,parts,0.2053638994693756,0.335881769657135
current_30d_42,25,6,mereology,0.1716284304857254,0.8501235842704773
current_30d_42,25,7,objects,0.1596665233373642,0.15531136095523834
current_30d_42,25,8,material,0.1329032927751541,0.25890907645225525
current_30d_42,25,9,simples,0.12505389750003815,0.9028192758560181
current_30d_42,25,10,nihilism,0.10334533452987671,0.447203129529953
current_30d_42,25,11,material constitution,0.09604818373918533,0.9332889914512634
current_30d_42,25,12,parthood,0.09521841257810593,0.728224515914917
current_30d_42,26,1,political,0.21102093160152435,0.2343253642320633
current_30d_42,26,2,education,0.15076883137226105,0.37313371896743774
current_30d_42,26,3,social,0.1266920119524002,0.07484959065914154
current_30d_42,26,4,study,0.12391972541809082,0.0902821347117424
current_30d_42,26,5,justice,0.11204563826322556,0.1889154464006424
current_30d_42,26,6,law,0.11134090274572372,0.21769168972969055
current_30d_42,26,7,students,0.10692979395389557,0.31269600987434387
current_30d_42,26,8,theory,0.10390342772006989,0.03566781431436539
current_30d_42,26,9,philosophy,0.10120882093906403,0.03537704423069954
current_30d_42,26,10,state,0.09655185788869858,0.13450586795806885
current_30d_42,26,11,paper,0.0941343754529953,0.0333336740732193
current_30d_42,26,12,democracy,0.09324591606855392,0.3628629148006439
current_30d_42,27,1,moral,0.509527325630188,0.26734527945518494
current_30d_42,27,2,ethics,0.17039021849632263,0.10960633307695389
current_30d_42,27,3,reasons,0.16792668402194977,0.16666117310523987
current_30d_42,27,4,free,0.14015038311481476,0.210526242852211
current_30d_42,27,5,morality,0.1361590325832367,0.2565624713897705
current_30d_42,27,6,normative,0.12223175913095474,0.16897758841514587
current_30d_42,27,7,virtue,0.11817289143800735,0.21717149019241333
current_30d_42,27,8,argue,0.11593122780323029,0.05150948464870453
current_30d_42,27,9,kant,0.11399403214454651,0.10940879583358765
current_30d_42,27,10,responsibility,0.10214228183031082,0.16320765018463135
current_30d_42,27,11,action,0.10165385156869888,0.09923192858695984
current_30d_42,27,12,good,0.09907033294439316,0.09641281515359879
current_30d_42,28,1,emotions,0.5797960758209229,0.6890543103218079
current_30d_42,28,2,emotion,0.39648231863975525,0.6449100971221924
current_30d_42,28,3,emotional,0.20860464870929718,0.4299631118774414
current_30d_42,28,4,affective,0.16342931985855103,0.4487012028694153
current_30d_42,28,5,anger,0.1507798135280609,0.8490921854972839
current_30d_42,28,6,moral,0.13291200995445251,0.06973796337842941
current_30d_42,28,7,empathy,0.10248444229364395,0.343321830034256
current_30d_42,28,8,feeling,0.10046727955341339,0.3490150570869446
current_30d_42,28,9,envy,0.09433016926050186,0.8235480189323425
current_30d_42,28,10,theory,0.07872719317674637,0.027025355026125908
current_30d_42,28,11,argue,0.0773579403758049,0.03437095880508423
current_30d_42,28,12,account,0.07677875459194183,0.04183270409703255
current_30d_42,29,1,life,0.4010768234729767,0.2363746464252472
current_30d_42,29,2,death,0.2886556386947632,0.4870871901512146
current_30d_42,29,3,meaning life,0.24996459484100342,0.8125834465026855
current_30d_42,29,4,meaning,0.23655976355075836,0.20808233320713043
current_30d_42,29,5,pleasure,0.22739341855049133,0.6281062960624695
current_30d_42,29,6,happiness,0.1663048416376114,0.5730487704277039
current_30d_42,29,7,value,0.14011330902576447,0.10370057076215744
current_30d_42,29,8,good,0.12704521417617798,0.12363728135824203
current_30d_42,29,9,desire,0.12339343130588531,0.30066826939582825
current_30d_42,29,10,lives,0.11978831887245178,0.2603171765804291
current_30d_42,29,11,hedonism,0.11810490489006042,0.8603488802909851
current_30d_42,29,12,pleasures,0.11222095787525177,0.742516279220581
current_30d_42,30,1,fiction,0.5850474834442139,0.72157222032547
current_30d_42,30,2,fictional,0.3785974085330963,0.7555477619171143
current_30d_42,30,3,fictionalism,0.18230004608631134,0.7630742788314819
current_30d_42,30,4,fictions,0.1793430745601654,0.7687733769416809
current_30d_42,30,5,narrative,0.14972303807735443,0.26460540294647217
current_30d_42,30,6,stories,0.10141526907682419,0.4650176465511322
current_30d_42,30,7,mental fictionalism,0.09662517160177231,1.0
current_30d_42,30,8,imagining,0.09455600380897522,0.4675702750682831
current_30d_42,30,9,truth,0.09186428040266037,0.080269455909729
current_30d_42,30,10,mental,0.08481474965810776,0.08204954117536545
current_30d_42,30,11,story,0.07974418997764587,0.2144954949617386
current_30d_42,30,12,fictional characters,0.07728898525238037,0.8423831462860107
current_30d_42,31,1,film,0.6007118225097656,0.8204986453056335
current_30d_42,31,2,cinema,0.2590622305870056,0.9347652792930603
current_30d_42,31,3,films,0.2579146921634674,0.8860704302787781
current_30d_42,31,4,cinematic,0.11771310120820999,0.9565166234970093
current_30d_42,31,5,review,0.10476814955472946,0.057787105441093445
current_30d_42,31,6,movies,0.10156768560409546,0.6960764527320862
current_30d_42,31,7,movie,0.09730187058448792,0.7085962891578674
current_30d_42,31,8,art,0.09275802224874496,0.0858985185623169
current_30d_42,31,9,philosophy,0.09222400933504105,0.03223644942045212
current_30d_42,31,10,fiction,0.08593830466270447,0.10599257797002792
current_30d_42,31,11,book,0.07668095082044601,0.06016753613948822
current_30d_42,31,12,time,0.07423246651887894,0.049484983086586
current_30d_42,32,1,music,0.6801676154136658,0.8387657999992371
current_30d_42,32,2,musical,0.4516978859901428,0.9033203721046448
current_30d_42,32,3,sound,0.12329287081956863,0.4261348247528076
current_30d_42,32,4,musical works,0.09013420343399048,0.9711130857467651
current_30d_42,32,5,sounds,0.07918322831392288,0.6841065287590027
current_30d_42,32,6,art,0.07637497782707214,0.07072700560092926
current_30d_42,32,7,improvisation,0.07397203147411346,0.8699088096618652
current_30d_42,32,8,listening,0.06968707591295242,0.7001841068267822
current_30d_42,32,9,experience,0.06773112714290619,0.049944788217544556
current_30d_42,32,10,works,0.06558989733457565,0.11152584105730057
current_30d_42,32,11,performance,0.06376434862613678,0.15372784435749054
current_30d_42,32,12,wittgenstein,0.0627458468079567,0.0927162617444992
current_30d_42,33,1,art,0.5385612845420837,0.49873438477516174
current_30d_42,33,2,aesthetic,0.4840237498283386,0.6230170130729675
current_30d_42,33,3,aesthetics,0.28537073731422424,0.5072685480117798
current_30d_42,33,4,beauty,0.17806397378444672,0.503609299659729
current_30d_42,33,5,artworks,0.1101675033569336,0.6419318318367004
current_30d_42,33,6,kant,0.08175528794527054,0.07846680283546448
current_30d_42,33,7,experience,0.0808144211769104,0.05959238111972809
current_30d_42,33,8,theory,0.07893352210521698,0.027096182107925415
current_30d_42,33,9,taste,0.07864781469106674,0.6104930639266968
current_30d_42,33,10,artistic,0.07549405097961426,0.3933047652244568
current_30d_42,33,11,value,0.0706401988863945,0.0522821769118309
current_30d_42,33,12,work,0.07012443989515305,0.04672929644584656
current_30d_42,34,1,decision,0.3202483057975769,0.38063865900039673
current_30d_42,34,2,decision theory,0.2370942234992981,0.855622410774231
current_30d_42,34,3,aggregation,0.2318214476108551,0.7477083802223206
current_30d_42,34,4,theory,0.22378197312355042,0.07681954652070999
current_30d_42,34,5,choice,0.18396702408790588,0.37586510181427
current_30d_42,34,6,utility,0.16069114208221436,0.5151267647743225
current_30d_42,34,7,judgment aggregation,0.1469435840845108,0.8913459777832031
current_30d_42,34,8,preferences,0.13569849729537964,0.5343261361122131
current_30d_42,34,9,risk,0.13369959592819214,0.28187865018844604
current_30d_42,34,10,expected,0.11573837697505951,0.38027605414390564
current_30d_42,34,11,rationality,0.1147320494055748,0.17625443637371063
current_30d_42,34,12,rational,0.10687671601772308,0.17271174490451813
current_30d_42,35,1,analytic,0.28305181860923767,0.47110992670059204
current_30d_42,35,2,philosophy,0.27346938848495483,0.09558988362550735
current_30d_42,35,3,kant,0.2692061960697174,0.2583777904510498
current_30d_42,35,4,metaphysics,0.23878806829452515,0.2084333300590515
current_30d_42,35,5,analytic philosophy,0.21285785734653473,0.6434579491615295
current_30d_42,35,6,wittgenstein,0.18252815306186676,0.26971232891082764
current_30d_42,35,7,critique,0.13331063091754913,0.19518747925758362
current_30d_42,35,8,russell,0.12183727324008942,0.28956884145736694
current_30d_42,35,9,philosophical,0.11694500595331192,0.06705557554960251
current_30d_42,35,10,carnap,0.11363223195075989,0.4444504678249359
current_30d_42,35,11,quine,0.11161410808563232,0.4059044420719147
current_30d_42,35,12,argument,0.10436481982469559,0.05950602889060974
current_30d_42,36,1,philosophy,0.3246742784976959,0.11348829418420792
current_30d_42,36,2,god,0.2520676851272583,0.27827849984169006
current_30d_42,36,3,religious,0.21300332248210907,0.39151957631111145
current_30d_42,36,4,religion,0.20111845433712006,0.43105795979499817
current_30d_42,36,5,philosophical,0.15022492408752441,0.08613808453083038
current_30d_42,36,6,divine,0.1348288655281067,0.4465525150299072
current_30d_42,36,7,faith,0.1287890076637268,0.4481824040412903
current_30d_42,36,8,plato,0.12015542387962341,0.26217707991600037
current_30d_42,36,9,evil,0.11816295236349106,0.36172541975975037
current_30d_42,36,10,review,0.11565612256526947,0.06379260122776031
current_30d_42,36,11,theology,0.09712858498096466,0.2846265435218811
current_30d_42,36,12,belief,0.09068778902292252,0.09064961969852448
current_30d_42,37,1,ontology,0.5163417458534241,0.32031315565109253
current_30d_42,37,2,ontological,0.36312970519065857,0.3417653441429138
current_30d_42,37,3,kinds,0.1904880702495575,0.22724364697933197
current_30d_42,37,4,natural kinds,0.16014227271080017,0.6384893655776978
current_30d_42,37,5,natural,0.151654914021492,0.1265200525522232
current_30d_42,37,6,ontological argument,0.1310950070619583,0.6258590817451477
current_30d_42,37,7,existence,0.12994617223739624,0.12478393316268921
current_30d_42,37,8,properties,0.12027422338724136,0.1326107233762741
current_30d_42,37,9,objects,0.11038247495889664,0.10737161338329315
current_30d_42,37,10,nominalism,0.10802733898162842,0.7696803212165833
current_30d_42,37,11,ontological arguments,0.10606683045625687,0.8338158130645752
current_30d_42,37,12,metaphysics,0.10492580384016037,0.09158763289451599
current_30d_42,38,1,belief,0.37142059206962585,0.3712642788887024
current_30d_42,38,2,epistemic,0.3370213508605957,0.2533726692199707
current_30d_42,38,3,knowledge,0.30330994725227356,0.17894509434700012
current_30d_42,38,4,beliefs,0.15936046838760376,0.21992124617099762
current_30d_42,38,5,justification,0.15843553841114044,0.3024417459964752
current_30d_42,38,6,evidence,0.15455734729766846,0.15866702795028687
current_30d_42,38,7,epistemology,0.14567765593528748,0.16741500794887543
current_30d_42,38,8,argue,0.1063702404499054,0.04726143553853035
current_30d_42,38,9,doxastic,0.10567940026521683,0.5622649192810059
current_30d_42,38,10,rational,0.10120149701833725,0.16354064643383026
current_30d_42,38,11,truth,0.10069543868303299,0.08798597753047943
current_30d_42,38,12,paper,0.09537959843873978,0.033774614334106445
current_30d_42,39,1,language,0.32098904252052307,0.2799931764602661
current_30d_42,39,2,linguistic,0.19524730741977692,0.4788655936717987
current_30d_42,39,3,meaning,0.18649697303771973,0.16404618322849274
current_30d_42,39,4,semantics,0.18358774483203888,0.29853370785713196
current_30d_42,39,5,semantic,0.1649433672428131,0.2604895830154419
current_30d_42,39,6,theory,0.12458678334951401,0.0427679680287838
current_30d_42,39,7,reference,0.12294697016477585,0.20961301028728485
current_30d_42,39,8,knowledge,0.12259462475776672,0.07232768833637238
current_30d_42,39,9,assertion,0.11979079991579056,0.48224496841430664
current_30d_42,39,10,paper,0.11635641753673553,0.04120266065001488
current_30d_42,39,11,truth,0.11196041852235794,0.09782912582159042
current_30d_42,39,12,speech,0.10806441307067871,0.38518139719963074
current_30d_42,40,1,logic,0.39056268334388733,0.2954501807689667
current_30d_42,40,2,mathematics,0.29378584027290344,0.49215900897979736
current_30d_42,40,3,mathematical,0.2011820524930954,0.3890022337436676
current_30d_42,40,4,logics,0.20019663870334625,0.6239215135574341
current_30d_42,40,5,truth,0.15184199810028076,0.13267697393894196
current_30d_42,40,6,theory,0.14317892491817474,0.049150250852108
current_30d_42,40,7,proof,0.13600245118141174,0.43192997574806213
current_30d_42,40,8,logical,0.12500636279582977,0.16246454417705536
current_30d_42,40,9,set,0.11452270299196243,0.13600090146064758
current_30d_42,40,10,theorem,0.11366844922304153,0.3891010582447052
current_30d_42,40,11,arithmetic,0.10192294418811798,0.791617751121521
current_30d_42,40,12,paper,0.09365732967853546,0.033164747059345245
current_30d_42,41,1,modal,0.531911313533783,0.6189758777618408
current_30d_42,41,2,modality,0.33216696977615356,0.7674540877342224
current_30d_42,41,3,worlds,0.22067202627658844,0.37909996509552
current_30d_42,41,4,necessity,0.1749010980129242,0.3786598742008209
current_30d_42,41,5,essence,0.17422445118427277,0.4418228268623352
current_30d_42,41,6,possible,0.15604762732982635,0.13447684049606323
current_30d_42,41,7,possible worlds,0.1494790017604828,0.5545368790626526
current_30d_42,41,8,possibility,0.12872256338596344,0.17615193128585815
current_30d_42,41,9,logic,0.11955032497644424,0.09043661504983902
current_30d_42,41,10,semantics,0.1157030388712883,0.18814575672149658
current_30d_42,41,11,metaphysical,0.11220089346170425,0.14493700861930847
current_30d_42,41,12,modals,0.10756238549947739,0.8853549957275391
typical_30d_49,0,1,neutrosophic,0.7587048411369324,0.9602723717689514
typical_30d_49,0,2,set,0.1540241837501526,0.15789644420146942
typical_30d_49,0,3,sets,0.1464112550020218,0.2849215269088745
typical_30d_49,0,4,fuzzy,0.13017570972442627,0.789915919303894
typical_30d_49,0,5,neutrosophic set,0.12531951069831848,0.9966519474983215
typical_30d_49,0,6,neutrosophic sets,0.12056613713502884,0.8608541488647461
typical_30d_49,0,7,soft,0.10004831105470657,0.6156845092773438
typical_30d_49,0,8,valued neutrosophic,0.09089159965515137,1.0
typical_30d_49,0,9,valued,0.0902138352394104,0.41279447078704834
typical_30d_49,0,10,paper,0.08947368711233139,0.027688540518283844
typical_30d_49,0,11,single valued,0.080503910779953,0.9868362545967102
typical_30d_49,0,12,applications,0.07926004379987717,0.19041995704174042
typical_30d_49,1,1,nietzsche,0.1180570125579834,0.2216799557209015
typical_30d_49,1,2,philosophy,0.11316170543432236,0.03379746526479721
typical_30d_49,1,3,human,0.11171738058328629,0.0486539751291275
typical_30d_49,1,4,moral,0.09923601150512695,0.042919009923934937
typical_30d_49,1,5,theory,0.0969730019569397,0.028089048340916634
typical_30d_49,1,6,problem,0.09536255896091461,0.044554732739925385
typical_30d_49,1,7,wonder,0.08351261913776398,0.5041292905807495
typical_30d_49,1,8,new,0.07834196090698242,0.03382910043001175
typical_30d_49,1,9,democratic,0.07822310924530029,0.16820058226585388
typical_30d_49,1,10,non,0.07664444297552109,0.04218192771077156
typical_30d_49,1,11,article,0.0761883407831192,0.04603220522403717
typical_30d_49,1,12,making,0.07513431459665298,0.06329631805419922
typical_30d_49,2,1,ontology,0.48331236839294434,0.2971135675907135
typical_30d_49,2,2,ontologies,0.32925161719322205,0.7654843926429749
typical_30d_49,2,3,biomedical,0.1893208920955658,0.6527887582778931
typical_30d_49,2,4,data,0.17465665936470032,0.13446810841560364
typical_30d_49,2,5,information,0.1538197547197342,0.11442866176366806
typical_30d_49,2,6,ontological,0.12768010795116425,0.11647152155637741
typical_30d_49,2,7,formal,0.12333014607429504,0.17408299446105957
typical_30d_49,2,8,domain,0.11017104983329773,0.25274062156677246
typical_30d_49,2,9,based,0.10081109404563904,0.05534948781132698
typical_30d_49,2,10,representation,0.09785677492618561,0.13066348433494568
typical_30d_49,2,11,formal ontology,0.09569891542196274,0.6573662161827087
typical_30d_49,2,12,systems,0.09348372370004654,0.08092401921749115
typical_30d_49,3,1,using,0.18894395232200623,0.15994112193584442
typical_30d_49,3,2,dataset,0.17294450104236603,0.6900766491889954
typical_30d_49,3,3,data,0.17258574068546295,0.13287369906902313
typical_30d_49,3,4,network,0.17018358409404755,0.4048633575439453
typical_30d_49,3,5,accuracy,0.16802990436553955,0.46058544516563416
typical_30d_49,3,6,model,0.16500268876552582,0.11798959970474243
typical_30d_49,3,7,learning,0.14963474869728088,0.18942196667194366
typical_30d_49,3,8,neural,0.1483583003282547,0.3786381483078003
typical_30d_49,3,9,expert,0.1470986008644104,0.5313329696655273
typical_30d_49,3,10,neural network,0.13531126081943512,0.7778723835945129
typical_30d_49,3,11,disease,0.12280435860157013,0.35386329889297485
typical_30d_49,3,12,deep learning,0.12086688727140427,0.8859872817993164
typical_30d_49,4,1,health,0.2570543885231018,0.33297064900398254
typical_30d_49,4,2,medical,0.17261062562465668,0.32356545329093933
typical_30d_49,4,3,ethics,0.14263449609279633,0.079067163169384
typical_30d_49,4,4,care,0.13589157164096832,0.25858327746391296
typical_30d_49,4,5,abortion,0.13312938809394836,0.8131065368652344
typical_30d_49,4,6,medicine,0.12999673187732697,0.4542430341243744
typical_30d_49,4,7,covid,0.12572656571865082,0.32500696182250977
typical_30d_49,4,8,ethical,0.12361588329076767,0.10378263890743256
typical_30d_49,4,9,covid 19,0.12301730364561081,0.3376047611236572
typical_30d_49,4,10,19,0.12153812497854233,0.2950035035610199
typical_30d_49,4,11,research,0.11980114132165909,0.056497249752283096
typical_30d_49,4,12,disability,0.10791622847318649,0.6372193694114685
typical_30d_49,5,1,evolutionary,0.3275637924671173,0.6273857355117798
typical_30d_49,5,2,biology,0.30763548612594604,0.6407628059387207
typical_30d_49,5,3,evolution,0.283059298992157,0.4660381078720093
typical_30d_49,5,4,biological,0.19937258958816528,0.3667593002319336
typical_30d_49,5,5,science,0.1327313333749771,0.055039841681718826
typical_30d_49,5,6,life,0.13254566490650177,0.07089840620756149
typical_30d_49,5,7,selection,0.12696778774261475,0.34002307057380676
typical_30d_49,5,8,natural,0.12570345401763916,0.09758981317281723
typical_30d_49,5,9,theory,0.12023822218179703,0.03482801467180252
typical_30d_49,5,10,systems,0.09611938148736954,0.08320556581020355
typical_30d_49,5,11,species,0.09221497178077698,0.19234973192214966
typical_30d_49,5,12,human,0.09048527479171753,0.039407193660736084
typical_30d_49,6,1,research,0.2805076837539673,0.13228514790534973
typical_30d_49,6,2,science,0.2677396535873413,0.11102388799190521
typical_30d_49,6,3,scientific,0.19284071028232574,0.11508018523454666
typical_30d_49,6,4,publishing,0.15372058749198914,0.7334540486335754
typical_30d_49,6,5,academic,0.15200522541999817,0.2929135262966156
typical_30d_49,6,6,peer review,0.13814960420131683,0.9243079423904419
typical_30d_49,6,7,interdisciplinarity,0.13586929440498352,0.9077805876731873
typical_30d_49,6,8,peer,0.132557675242424,0.6319102048873901
typical_30d_49,6,9,plagiarism,0.12930797040462494,0.9698452949523926
typical_30d_49,6,10,review,0.1225336343050003,0.057540662586688995
typical_30d_49,6,11,researchers,0.1152137890458107,0.23720745742321014
typical_30d_49,6,12,retractions,0.10629460215568542,0.9545599818229675
typical_30d_49,7,1,technology,0.2797287702560425,0.41334474086761475
typical_30d_49,7,2,digital,0.22451893985271454,0.38141629099845886
typical_30d_49,7,3,information,0.21538066864013672,0.16022467613220215
typical_30d_49,7,4,media,0.20623080432415009,0.4487680196762085
typical_30d_49,7,5,privacy,0.1796918362379074,0.6867189407348633
typical_30d_49,7,6,social,0.17658889293670654,0.0871083214879036
typical_30d_49,7,7,technologies,0.1517329066991806,0.3318622410297394
typical_30d_49,7,8,internet,0.14135727286338806,0.5833841562271118
typical_30d_49,7,9,technological,0.1401611715555191,0.4129098653793335
typical_30d_49,7,10,ethics,0.1391994208097458,0.0771629810333252
typical_30d_49,7,11,online,0.13324512541294098,0.3498838245868683
typical_30d_49,7,12,social media,0.12418419122695923,0.6189516186714172
typical_30d_49,8,1,games,0.3456709682941437,0.6799276471138
typical_30d_49,8,2,sport,0.3016291856765747,0.9537779092788696
typical_30d_49,8,3,game,0.2908235788345337,0.5516299605369568
typical_30d_49,8,4,virtual,0.24297542870044708,0.6552024483680725
typical_30d_49,8,5,sports,0.17860715091228485,0.8879482746124268
typical_30d_49,8,6,play,0.12253063917160034,0.18866217136383057
typical_30d_49,8,7,reality,0.10329591482877731,0.09761348366737366
typical_30d_49,8,8,player,0.10140323638916016,0.8073922991752625
typical_30d_49,8,9,players,0.10084143280982971,0.775412917137146
typical_30d_49,8,10,video,0.10073878616094589,0.4135397970676422
typical_30d_49,8,11,athletes,0.09905026853084564,0.9277409911155701
typical_30d_49,8,12,sporting,0.09557156264781952,0.9801698923110962
typical_30d_49,9,1,time,0.36505091190338135,0.2170538753271103
typical_30d_49,9,2,quantum,0.3532901406288147,0.6670279502868652
typical_30d_49,9,3,physics,0.19008830189704895,0.378804475069046
typical_30d_49,9,4,mechanics,0.18761897087097168,0.6697386503219604
typical_30d_49,9,5,theory,0.16968104243278503,0.04914954677224159
typical_30d_49,9,6,quantum mechanics,0.1585652381181717,0.7517151236534119
typical_30d_49,9,7,space,0.15329499542713165,0.20588473975658417
typical_30d_49,9,8,relativity,0.13976825773715973,0.5004798173904419
typical_30d_49,9,9,temporal,0.13949966430664062,0.30350202322006226
typical_30d_49,9,10,physical,0.10997997224330902,0.13449405133724213
typical_30d_49,9,11,universe,0.10489711165428162,0.25303414463996887
typical_30d_49,9,12,paper,0.08854848891496658,0.027402227744460106
typical_30d_49,10,1,scientific,0.473574161529541,0.2826114892959595
typical_30d_49,10,2,science,0.39449530839920044,0.16358578205108643
typical_30d_49,10,3,realism,0.31821590662002563,0.2904725670814514
typical_30d_49,10,4,scientific realism,0.23406969010829926,0.8814553022384644
typical_30d_49,10,5,theories,0.18448084592819214,0.12120296061038971
typical_30d_49,10,6,progress,0.17464056611061096,0.326193243265152
typical_30d_49,10,7,scientific progress,0.1377725899219513,0.8902062177658081
typical_30d_49,10,8,philosophy science,0.10567536950111389,0.21022747457027435
typical_30d_49,10,9,popper,0.10380423814058304,0.6146285533905029
typical_30d_49,10,10,scientific theories,0.09357168525457382,0.5659903883934021
typical_30d_49,10,11,induction,0.0906856507062912,0.2558828890323639
typical_30d_49,10,12,philosophy,0.08888082206249237,0.026545612141489983
typical_30d_49,11,1,causation,0.5190964937210083,0.6311965584754944
typical_30d_49,11,2,causal,0.3781889081001282,0.35282424092292786
typical_30d_49,11,3,explanation,0.26207131147384644,0.25027626752853394
typical_30d_49,11,4,induction,0.18225474655628204,0.5142585635185242
typical_30d_49,11,5,explanatory,0.1319977343082428,0.24429430067539215
typical_30d_49,11,6,explanations,0.13135498762130737,0.2572302520275116
typical_30d_49,11,7,causes,0.11815539002418518,0.2509152293205261
typical_30d_49,11,8,cause,0.11762841045856476,0.23576140403747559
typical_30d_49,11,9,hume,0.09934993833303452,0.19587315618991852
typical_30d_49,11,10,physicalism,0.0970493033528328,0.4042430818080902
typical_30d_49,11,11,problem,0.09575970470905304,0.044740285724401474
typical_30d_49,11,12,theory,0.08863966166973114,0.025675226002931595
typical_30d_49,12,1,urban,0.28776487708091736,0.7129006385803223
typical_30d_49,12,2,architecture,0.2670460343360901,0.575726330280304
typical_30d_49,12,3,architectural,0.18957357108592987,0.9152168035507202
typical_30d_49,12,4,design,0.17447061836719513,0.23750221729278564
typical_30d_49,12,5,city,0.17223428189754486,0.5216919183731079
typical_30d_49,12,6,heritage,0.1693909764289856,0.6568974256515503
typical_30d_49,12,7,spatial,0.12372072041034698,0.3534294664859772
typical_30d_49,12,8,cities,0.11713068932294846,0.6455113887786865
typical_30d_49,12,9,cultural,0.10901322215795517,0.14113569259643555
typical_30d_49,12,10,new,0.10494114458560944,0.045314982533454895
typical_30d_49,12,11,space,0.10076553374528885,0.13533440232276917
typical_30d_49,12,12,study,0.0955432578921318,0.052293531596660614
typical_30d_49,13,1,animal,0.4787938892841339,0.7233878970146179
typical_30d_49,13,2,animals,0.4654821753501892,0.6636490821838379
typical_30d_49,13,3,food,0.21322420239448547,0.7001639008522034
typical_30d_49,13,4,moral,0.1496586948633194,0.06472653895616531
typical_30d_49,13,5,ethics,0.14598101377487183,0.08092225342988968
typical_30d_49,13,6,rights,0.1321675330400467,0.17085549235343933
typical_30d_49,13,7,animal rights,0.13182103633880615,0.9268331527709961
typical_30d_49,13,8,human,0.11867501586675644,0.05168409273028374
typical_30d_49,13,9,meat,0.11591235548257828,0.9117996692657471
typical_30d_49,13,10,welfare,0.10936544835567474,0.3085700571537018
typical_30d_49,13,11,ethical,0.09718570858240128,0.08159298449754715
typical_30d_49,13,12,humans,0.08966666460037231,0.16090825200080872
typical_30d_49,14,1,climate,0.41293540596961975,0.6644850969314575
typical_30d_49,14,2,environmental,0.31074368953704834,0.4914848804473877
typical_30d_49,14,3,climate change,0.2630244493484497,0.678513765335083
typical_30d_49,14,4,change,0.20872417092323303,0.20839527249336243
typical_30d_49,14,5,ecological,0.16028887033462524,0.4991608262062073
typical_30d_49,14,6,ethics,0.129713237285614,0.07190446555614471
typical_30d_49,14,7,nature,0.12063565105199814,0.06777046620845795
typical_30d_49,14,8,human,0.10711074620485306,0.04664774239063263
typical_30d_49,14,9,conservation,0.09774545580148697,0.39348292350769043
typical_30d_49,14,10,global,0.09550793468952179,0.1310020536184311
typical_30d_49,14,11,ecology,0.09487887471914291,0.4870029091835022
typical_30d_49,14,12,environment,0.09105676412582397,0.13808627426624298
typical_30d_49,15,1,mental,0.19361859560012817,0.17739462852478027
typical_30d_49,15,2,disorder,0.16275572776794434,0.7745077610015869
typical_30d_49,15,3,psychiatric,0.15200605988502502,0.8293548822402954
typical_30d_49,15,4,self,0.14459572732448578,0.08883977681398392
typical_30d_49,15,5,addiction,0.1348094791173935,0.7001771926879883
typical_30d_49,15,6,psychiatry,0.13205790519714355,0.8337660431861877
typical_30d_49,15,7,disorders,0.12363491952419281,0.7037490010261536
typical_30d_49,15,8,depression,0.1045120358467102,0.6709064245223999
typical_30d_49,15,9,psychopathy,0.09499666839838028,0.8167910575866699
typical_30d_49,15,10,research,0.09251954406499863,0.04363146796822548
typical_30d_49,15,11,experience,0.09123033285140991,0.06118322163820267
typical_30d_49,15,12,health,0.09081142395734787,0.11763090640306473
typical_30d_49,16,1,phenomenology,0.40946683287620544,0.411920428276062
typical_30d_49,16,2,husserl,0.3441661596298218,0.6515069007873535
typical_30d_49,16,3,phenomenological,0.23575085401535034,0.35331496596336365
typical_30d_49,16,4,merleau ponty,0.1771235466003418,0.6088256239891052
typical_30d_49,16,5,ponty,0.17685824632644653,0.6014511585235596
typical_30d_49,16,6,merleau,0.17659567296504974,0.5910032987594604
typical_30d_49,16,7,heidegger,0.1683485060930252,0.25507691502571106
typical_30d_49,16,8,transcendental,0.1533050686120987,0.4604383707046509
typical_30d_49,16,9,experience,0.13169671595096588,0.08832181990146637
typical_30d_49,16,10,philosophy,0.12386291474103928,0.036993544548749924
typical_30d_49,16,11,self,0.11364855617284775,0.06982580572366714
typical_30d_49,16,12,intersubjectivity,0.08636655658483505,0.551899254322052
typical_30d_49,17,1,collective,0.44321078062057495,0.5128439664840698
typical_30d_49,17,2,group,0.4050477147102356,0.43146926164627075
typical_30d_49,17,3,agency,0.22062833607196808,0.24252283573150635
typical_30d_49,17,4,groups,0.22005048394203186,0.36511391401290894
typical_30d_49,17,5,action,0.18937550485134125,0.1717510223388672
typical_30d_49,17,6,agents,0.16698218882083893,0.21713925898075104
typical_30d_49,17,7,joint,0.15526773035526276,0.4903695583343506
typical_30d_49,17,8,individual,0.14843885600566864,0.15326184034347534
typical_30d_49,17,9,shared,0.1483718454837799,0.28096163272857666
typical_30d_49,17,10,social,0.11778662353754044,0.05810215324163437
typical_30d_49,17,11,group agents,0.11467422544956207,0.980423092842102
typical_30d_49,17,12,shared agency,0.10324543714523315,0.9496705532073975
typical_30d_49,18,1,philosophy,0.21060411632061005,0.0629001259803772
typical_30d_49,18,2,science,0.13486185669898987,0.05592330917716026
typical_30d_49,18,3,book,0.13205751776695251,0.08916707336902618
typical_30d_49,18,4,theory,0.12426286190748215,0.0359937846660614
typical_30d_49,18,5,review,0.09798339009284973,0.04601209610700607
typical_30d_49,18,6,new,0.09038683027029037,0.03903023526072502
typical_30d_49,18,7,world,0.08751966059207916,0.04559693485498428
typical_30d_49,18,8,philosophical,0.086272232234478,0.04237053170800209
typical_30d_49,18,9,scientific,0.08303029835224152,0.0495494045317173
typical_30d_49,18,10,life,0.08187945187091827,0.04379715397953987
typical_30d_49,18,11,nature,0.08070554584264755,0.04533860832452774
typical_30d_49,18,12,problem,0.07941644638776779,0.03710448369383812
typical_30d_49,19,1,memory,0.7692745923995972,0.7197403311729431
typical_30d_49,19,2,episodic,0.21878769993782043,0.88692706823349
typical_30d_49,19,3,remembering,0.1933305710554123,0.7983555793762207
typical_30d_49,19,4,episodic memory,0.16406066715717316,0.921375572681427
typical_30d_49,19,5,memories,0.13820798695087433,0.6600759625434875
typical_30d_49,19,6,past,0.13597743213176727,0.1749124974012375
typical_30d_49,19,7,forgetting,0.0987485870718956,0.7668083906173706
typical_30d_49,19,8,mental time,0.0872102826833725,0.9088994860649109
typical_30d_49,19,9,mental,0.0846075788140297,0.0775180235505104
typical_30d_49,19,10,philosophy memory,0.0824519544839859,1.0
typical_30d_49,19,11,time travel,0.07746678590774536,0.6108792424201965
typical_30d_49,19,12,travel,0.06966262310743332,0.415974885225296
typical_30d_49,20,1,ai,0.4453350603580475,0.5598042011260986
typical_30d_49,20,2,intelligence,0.31469815969467163,0.4227236807346344
typical_30d_49,20,3,artificial,0.30983632802963257,0.4030119478702545
typical_30d_49,20,4,artificial intelligence,0.227071151137352,0.4748740792274475
typical_30d_49,20,5,human,0.17611517012119293,0.07669982314109802
typical_30d_49,20,6,robots,0.1555919647216797,0.8595656752586365
typical_30d_49,20,7,machine,0.14651545882225037,0.3050818145275116
typical_30d_49,20,8,systems,0.1289462298154831,0.11162207275629044
typical_30d_49,20,9,robot,0.11475478857755661,0.8040351867675781
typical_30d_49,20,10,machines,0.10710948705673218,0.422014057636261
typical_30d_49,20,11,moral,0.09970345348119736,0.043121177703142166
typical_30d_49,20,12,ethical,0.09962185472249985,0.0836382731795311
typical_30d_49,21,1,life,0.405610054731369,0.21695999801158905
typical_30d_49,21,2,death,0.2948504090309143,0.43941739201545715
typical_30d_49,21,3,meaning life,0.2419436275959015,0.8145787119865417
typical_30d_49,21,4,pleasure,0.22842836380004883,0.6061701774597168
typical_30d_49,21,5,meaning,0.22796574234962463,0.18112477660179138
typical_30d_49,21,6,happiness,0.1643926203250885,0.5480973720550537
typical_30d_49,21,7,value,0.13450516760349274,0.09182510524988174
typical_30d_49,21,8,good,0.13156096637248993,0.10571944713592529
typical_30d_49,21,9,desire,0.11870691925287247,0.2614407539367676
typical_30d_49,21,10,pain,0.11680798977613449,0.35090428590774536
typical_30d_49,21,11,lives,0.11337341368198395,0.21462507545948029
typical_30d_49,21,12,hedonism,0.11293219029903412,0.8558822870254517
typical_30d_49,22,1,moral,0.5173074007034302,0.22373251616954803
typical_30d_49,22,2,ethics,0.16992813348770142,0.09419695287942886
typical_30d_49,22,3,reasons,0.16860193014144897,0.1473608762025833
typical_30d_49,22,4,morality,0.13767719268798828,0.20067407190799713
typical_30d_49,22,5,free,0.13614290952682495,0.18264266848564148
typical_30d_49,22,6,normative,0.12343782931566238,0.14362512528896332
typical_30d_49,22,7,virtue,0.11846161633729935,0.18176493048667908
typical_30d_49,22,8,kant,0.1170196458697319,0.10305256396532059
typical_30d_49,22,9,argue,0.11405149102210999,0.04360423982143402
typical_30d_49,22,10,action,0.10439708828926086,0.09468124061822891
typical_30d_49,22,11,responsibility,0.10224322229623795,0.1304948627948761
typical_30d_49,22,12,theory,0.10007961094379425,0.028988903388381004
typical_30d_49,23,1,emotions,0.5841270685195923,0.6746127605438232
typical_30d_49,23,2,emotion,0.3900012969970703,0.6447257399559021
typical_30d_49,23,3,emotional,0.21499747037887573,0.40492331981658936
typical_30d_49,23,4,affective,0.15657852590084076,0.41101881861686707
typical_30d_49,23,5,anger,0.15097488462924957,0.8318291902542114
typical_30d_49,23,6,moral,0.135975182056427,0.05880849435925484
typical_30d_49,23,7,empathy,0.10748729854822159,0.36920106410980225
typical_30d_49,23,8,feeling,0.10005847364664078,0.3563556373119354
typical_30d_49,23,9,envy,0.08732739090919495,0.8027567863464355
typical_30d_49,23,10,theory,0.08029289543628693,0.023257514461874962
typical_30d_49,23,11,account,0.07529739290475845,0.03602644056081772
typical_30d_49,23,12,argue,0.0752117857336998,0.02875501848757267
typical_30d_49,24,1,cognitive,0.33830660581588745,0.2534620761871338
typical_30d_49,24,2,mind,0.2559008300304413,0.19245240092277527
typical_30d_49,24,3,cognition,0.21890857815742493,0.3544689118862152
typical_30d_49,24,4,computational,0.18030233681201935,0.45117706060409546
typical_30d_49,24,5,consciousness,0.16638845205307007,0.1359136402606964
typical_30d_49,24,6,cognitive science,0.16239534318447113,0.5581179261207581
typical_30d_49,24,7,brain,0.13921602070331573,0.2564324736595154
typical_30d_49,24,8,science,0.1382199078798294,0.05731579661369324
typical_30d_49,24,9,predictive,0.13679005205631256,0.5389192700386047
typical_30d_49,24,10,systems,0.1244703009724617,0.10774749517440796
typical_30d_49,24,11,representation,0.1219613254070282,0.16284912824630737
typical_30d_49,24,12,embodied,0.11408110707998276,0.32829800248146057
typical_30d_49,25,1,perception,0.38075798749923706,0.41285163164138794
typical_30d_49,25,2,perceptual,0.3716789484024048,0.6107499003410339
typical_30d_49,25,3,visual,0.25293058156967163,0.5420176386833191
typical_30d_49,25,4,experience,0.20551317930221558,0.13782650232315063
typical_30d_49,25,5,color,0.15469111502170563,0.6639644503593445
typical_30d_49,25,6,attention,0.13109710812568665,0.14367714524269104
typical_30d_49,25,7,content,0.12566395103931427,0.15349456667900085
typical_30d_49,25,8,phenomenal,0.1165233850479126,0.25272858142852783
typical_30d_49,25,9,sensory,0.11287759244441986,0.3721638023853302
typical_30d_49,25,10,vision,0.10770808160305023,0.2828788459300995
typical_30d_49,25,11,objects,0.10685186833143234,0.10362925380468369
typical_30d_49,25,12,seeing,0.0963234156370163,0.35733675956726074
typical_30d_49,26,1,consciousness,0.6099835634231567,0.4982622265815735
typical_30d_49,26,2,mind,0.20420783758163452,0.15357623994350433
typical_30d_49,26,3,conscious,0.16391079127788544,0.36619049310684204
typical_30d_49,26,4,phenomenal,0.15910543501377106,0.34508514404296875
typical_30d_49,26,5,problem,0.13828812539577484,0.06461016088724136
typical_30d_49,26,6,body,0.11276894807815552,0.16358540952205658
typical_30d_49,26,7,self,0.11232601851224899,0.06901323050260544
typical_30d_49,26,8,brain,0.1101658046245575,0.20292268693447113
typical_30d_49,26,9,theory,0.1071532592177391,0.031037846580147743
typical_30d_49,26,10,phenomenology,0.10554133355617523,0.10617375373840332
typical_30d_49,26,11,experience,0.0988888144493103,0.06631934642791748
typical_30d_49,26,12,physical,0.09498666226863861,0.11615879088640213
typical_30d_49,27,1,conditionals,0.593569278717041,0.8596431016921997
typical_30d_49,27,2,counterfactuals,0.4252912700176239,0.7226582765579224
typical_30d_49,27,3,conditional,0.31752583384513855,0.6155441403388977
typical_30d_49,27,4,indicative,0.16997423768043518,0.7857347130775452
typical_30d_49,27,5,indicative conditionals,0.15702077746391296,0.9573211669921875
typical_30d_49,27,6,counterfactual,0.14029817283153534,0.364204078912735
typical_30d_49,27,7,counterpossibles,0.11541774123907089,0.811184823513031
typical_30d_49,27,8,semantics,0.11477947235107422,0.15453366935253143
typical_30d_49,27,9,antecedent,0.10322892665863037,0.7392790913581848
typical_30d_49,27,10,truth,0.08576896041631699,0.062460094690322876
typical_30d_49,27,11,stalnaker,0.08038587868213654,0.6356578469276428
typical_30d_49,27,12,probability,0.07513014227151871,0.17888717353343964
typical_30d_49,28,1,history,0.5996900796890259,0.35336655378341675
typical_30d_49,28,2,historical,0.2637770473957062,0.25774845480918884
typical_30d_49,28,3,philosophy,0.20856350660324097,0.06229066848754883
typical_30d_49,28,4,philosophy history,0.2043919414281845,0.8410334587097168
typical_30d_49,28,5,past,0.13776326179504395,0.17720967531204224
typical_30d_49,28,6,human,0.10199259966611862,0.04441874101758003
typical_30d_49,28,7,introduction,0.0892864242196083,0.06939323246479034
typical_30d_49,28,8,historiography,0.08446799963712692,0.6242074966430664
typical_30d_49,28,9,time,0.08353465050458908,0.04966846853494644
typical_30d_49,28,10,archaeological,0.07881766557693481,0.7422687411308289
typical_30d_49,28,11,philosophical,0.07134311646223068,0.035038456320762634
typical_30d_49,28,12,heidegger,0.0710018202662468,0.10757996141910553
typical_30d_49,29,1,fiction,0.586987316608429,0.702555239200592
typical_30d_49,29,2,fictional,0.3956916332244873,0.7461003661155701
typical_30d_49,29,3,fictions,0.18293963372707367,0.7584394216537476
typical_30d_49,29,4,fictionalism,0.17924419045448303,0.7488248348236084
typical_30d_49,29,5,narrative,0.16319897770881653,0.25084394216537476
typical_30d_49,29,6,mental fictionalism,0.10164644569158554,1.0
typical_30d_49,29,7,stories,0.09863921999931335,0.39371928572654724
typical_30d_49,29,8,truth,0.09505872428417206,0.0692252367734909
typical_30d_49,29,9,imagining,0.09146731346845627,0.4276980459690094
typical_30d_49,29,10,fictional characters,0.08130543678998947,0.8321415185928345
typical_30d_49,29,11,mental,0.07668107002973557,0.07025570422410965
typical_30d_49,29,12,story,0.06964152306318283,0.1748187243938446
typical_30d_49,30,1,composition,0.5758453011512756,0.8342345356941223
typical_30d_49,30,2,identity,0.29882556200027466,0.2661568820476532
typical_30d_49,30,3,composition identity,0.28715038299560547,1.0
typical_30d_49,30,4,mereological,0.2480560839176178,0.8466731309890747
typical_30d_49,30,5,parts,0.19801431894302368,0.31830745935440063
typical_30d_49,30,6,mereology,0.17135250568389893,0.8802410364151001
typical_30d_49,30,7,objects,0.1541241556406021,0.1494758278131485
typical_30d_49,30,8,material,0.13230715692043304,0.19796960055828094
typical_30d_49,30,9,simples,0.12060824036598206,0.9258934855461121
typical_30d_49,30,10,material constitution,0.09774415194988251,0.8874533176422119
typical_30d_49,30,11,bundle theory,0.09698730707168579,0.9596378803253174
typical_30d_49,30,12,bundle,0.0933854803442955,0.7958740592002869
typical_30d_49,31,1,film,0.630236029624939,0.8272315263748169
typical_30d_49,31,2,films,0.2693178355693817,0.888129711151123
typical_30d_49,31,3,cinema,0.22573813796043396,0.9266808032989502
typical_30d_49,31,4,cinematic,0.12704850733280182,0.9508844017982483
typical_30d_49,31,5,review,0.09743549674749374,0.0457548089325428
typical_30d_49,31,6,philosophy,0.09259376674890518,0.027654539793729782
typical_30d_49,31,7,art,0.08406762778759003,0.07761441916227341
typical_30d_49,31,8,fiction,0.0835694670677185,0.10002288222312927
typical_30d_49,31,9,book,0.07822258770465851,0.052816979587078094
typical_30d_49,31,10,movie,0.07796172052621841,0.6614047288894653
typical_30d_49,31,11,movies,0.07674659788608551,0.6420549154281616
typical_30d_49,31,12,cavell,0.07435109466314316,0.3896879553794861
typical_30d_49,32,1,decision,0.32387059926986694,0.3282391428947449
typical_30d_49,32,2,decision theory,0.24057073891162872,0.870396077632904
typical_30d_49,32,3,aggregation,0.23352789878845215,0.741534411907196
typical_30d_49,32,4,theory,0.22288399934768677,0.06456023454666138
typical_30d_49,32,5,choice,0.18268583714962006,0.3104150593280792
typical_30d_49,32,6,utility,0.15638121962547302,0.4733799695968628
typical_30d_49,32,7,judgment aggregation,0.1514483541250229,0.8904613256454468
typical_30d_49,32,8,risk,0.13273537158966064,0.23238714039325714
typical_30d_49,32,9,preferences,0.1308065950870514,0.44693523645401
typical_30d_49,32,10,rationality,0.11783060431480408,0.17255324125289917
typical_30d_49,32,11,rational,0.11768779903650284,0.1747395098209381
typical_30d_49,32,12,expected,0.11483672261238098,0.3479049801826477
typical_30d_49,33,1,art,0.53814297914505,0.49683400988578796
typical_30d_49,33,2,aesthetic,0.49433085322380066,0.6335442662239075
typical_30d_49,33,3,aesthetics,0.28824958205223083,0.5143617987632751
typical_30d_49,33,4,beauty,0.1802322417497635,0.518049955368042
typical_30d_49,33,5,artworks,0.10510680824518204,0.6261178255081177
typical_30d_49,33,6,experience,0.08018950372934341,0.05377873778343201
typical_30d_49,33,7,kant,0.07990550994873047,0.07036825269460678
typical_30d_49,33,8,taste,0.07844579964876175,0.6185222268104553
typical_30d_49,33,9,theory,0.0754472091794014,0.021853920072317123
typical_30d_49,33,10,artistic,0.07446695119142532,0.3939327299594879
typical_30d_49,33,11,value,0.0702454149723053,0.047955725342035294
typical_30d_49,33,12,work,0.06811344623565674,0.03766317665576935
typical_30d_49,34,1,music,0.6610764861106873,0.8189230561256409
typical_30d_49,34,2,musical,0.4764813482761383,0.9014325141906738
typical_30d_49,34,3,sound,0.1293194442987442,0.40972471237182617
typical_30d_49,34,4,musical works,0.09676306694746017,0.9718573689460754
typical_30d_49,34,5,sounds,0.07870927453041077,0.6359804272651672
typical_30d_49,34,6,improvisation,0.07684843242168427,0.8646906614303589
typical_30d_49,34,7,experience,0.07419727742671967,0.04976007714867592
typical_30d_49,34,8,art,0.0741884633898735,0.06849360466003418
typical_30d_49,34,9,listening,0.0701066181063652,0.645904004573822
typical_30d_49,34,10,works,0.0682281106710434,0.10857538878917694
typical_30d_49,34,11,wittgenstein,0.06736046075820923,0.09216263145208359
typical_30d_49,34,12,performance,0.06699120253324509,0.11181144416332245
typical_30d_49,35,1,gender,0.3518487811088562,0.5802367329597473
typical_30d_49,35,2,sexual,0.30663907527923584,0.7136262059211731
typical_30d_49,35,3,women,0.30153489112854004,0.5278993248939514
typical_30d_49,35,4,sex,0.21928797662258148,0.5780774354934692
typical_30d_49,35,5,feminist,0.2120470553636551,0.5885634422302246
typical_30d_49,35,6,race,0.2070758044719696,0.5435755252838135
typical_30d_49,35,7,feminism,0.13560698926448822,0.7677874565124512
typical_30d_49,35,8,racial,0.1265040636062622,0.6391354203224182
typical_30d_49,35,9,marriage,0.11508683860301971,0.7199429869651794
typical_30d_49,35,10,social,0.11233370751142502,0.05541232228279114
typical_30d_49,35,11,philosophy,0.11143729835748672,0.03328244760632515
typical_30d_49,35,12,consent,0.10217985510826111,0.33888912200927734
typical_30d_49,36,1,analytic,0.28205379843711853,0.4411768615245819
typical_30d_49,36,2,philosophy,0.2582603991031647,0.07713340222835541
typical_30d_49,36,3,metaphysics,0.24305500090122223,0.19986779987812042
typical_30d_49,36,4,kant,0.24277308583259583,0.2137964814901352
typical_30d_49,36,5,analytic philosophy,0.21274739503860474,0.6003633141517639
typical_30d_49,36,6,wittgenstein,0.21241267025470734,0.29062315821647644
typical_30d_49,36,7,critique,0.14218689501285553,0.1650250256061554
typical_30d_49,36,8,russell,0.13032039999961853,0.31891417503356934
typical_30d_49,36,9,quine,0.12667934596538544,0.3827807903289795
typical_30d_49,36,10,reason,0.11626619845628738,0.10474555939435959
typical_30d_49,36,11,philosophical,0.10865624248981476,0.053363900631666183
typical_30d_49,36,12,argument,0.10833164304494858,0.05427749082446098
typical_30d_49,37,1,philosophy,0.3181821405887604,0.09502994269132614
typical_30d_49,37,2,god,0.25611060857772827,0.26432591676712036
typical_30d_49,37,3,religious,0.22385990619659424,0.35960349440574646
typical_30d_49,37,4,religion,0.20731467008590698,0.3831357955932617
typical_30d_49,37,5,philosophical,0.14834435284137726,0.07285576313734055
typical_30d_49,37,6,divine,0.14226973056793213,0.42933177947998047
typical_30d_49,37,7,faith,0.13867725431919098,0.4403507113456726
typical_30d_49,37,8,evil,0.12513700127601624,0.32603806257247925
typical_30d_49,37,9,review,0.1205657422542572,0.056616559624671936
typical_30d_49,37,10,plato,0.1093287542462349,0.1978181153535843
typical_30d_49,37,11,theology,0.09771562367677689,0.2652973532676697
typical_30d_49,37,12,belief,0.09346703439950943,0.09010861814022064
typical_30d_49,38,1,ontology,0.5163500308990479,0.3174232840538025
typical_30d_49,38,2,ontological,0.3596418499946594,0.32807016372680664
typical_30d_49,38,3,kinds,0.18359684944152832,0.20319399237632751
typical_30d_49,38,4,natural kinds,0.1554766744375229,0.5900625586509705
typical_30d_49,38,5,existence,0.1533527821302414,0.1335604041814804
typical_30d_49,38,6,natural,0.13544781506061554,0.105154849588871
typical_30d_49,38,7,ontological argument,0.1290133148431778,0.6467807292938232
typical_30d_49,38,8,properties,0.12296061217784882,0.1256737858057022
typical_30d_49,38,9,metaphysics,0.12177657335996628,0.10013871639966965
typical_30d_49,38,10,ontological arguments,0.11225952208042145,0.8452410697937012
typical_30d_49,38,11,nominalism,0.10424896329641342,0.6375490427017212
typical_30d_49,38,12,objects,0.1004922017455101,0.09746139496564865
typical_30d_49,39,1,law,0.43695440888404846,0.40552929043769836
typical_30d_49,39,2,legal,0.4106462597846985,0.5397307276725769
typical_30d_49,39,3,punishment,0.2613036334514618,0.6997248530387878
typical_30d_49,39,4,criminal,0.17150285840034485,0.5978183746337891
typical_30d_49,39,5,rights,0.152986541390419,0.19776862859725952
typical_30d_49,39,6,justice,0.12216917425394058,0.14509624242782593
typical_30d_49,39,7,theory,0.09211385250091553,0.026681555435061455
typical_30d_49,39,8,moral,0.09124298393726349,0.039462070912122726
typical_30d_49,39,9,human rights,0.08355516195297241,0.33005523681640625
typical_30d_49,39,10,police,0.07675958424806595,0.4404227137565613
typical_30d_49,39,11,crime,0.07367865741252899,0.5062006115913391
typical_30d_49,39,12,evidence,0.07297515124082565,0.06521135568618774
typical_30d_49,40,1,economic,0.28383055329322815,0.38662803173065186
typical_30d_49,40,2,market,0.24854065477848053,0.6484880447387695
typical_30d_49,40,3,economics,0.24258066713809967,0.5484011173248291
typical_30d_49,40,4,business,0.1892482191324234,0.38271665573120117
typical_30d_49,40,5,financial,0.14814616739749908,0.5266153216362
typical_30d_49,40,6,markets,0.13862620294094086,0.7474076747894287
typical_30d_49,40,7,corporate,0.12467265874147415,0.4712684750556946
typical_30d_49,40,8,economy,0.11081855744123459,0.3956684172153473
typical_30d_49,40,9,development,0.11009542644023895,0.09712585806846619
typical_30d_49,40,10,social,0.10671583563089371,0.0526411198079586
typical_30d_49,40,11,theory,0.1012178584933281,0.029318606480956078
typical_30d_49,40,12,ethics,0.09879810363054276,0.05476715788245201
typical_30d_49,41,1,war,0.5342640280723572,0.6302607655525208
typical_30d_49,41,2,military,0.25795385241508484,0.6646912097930908
typical_30d_49,41,3,just war,0.23371361196041107,0.932766318321228
typical_30d_49,41,4,terrorism,0.2044917643070221,0.804837703704834
typical_30d_49,41,5,just,0.19816900789737701,0.18955571949481964
typical_30d_49,41,6,moral,0.1833321452140808,0.07929011434316635
typical_30d_49,41,7,war theory,0.1375180184841156,0.9759176969528198
typical_30d_49,41,8,wars,0.1301245242357254,0.711312472820282
typical_30d_49,41,9,ethics,0.12309062480926514,0.06823332607746124
typical_30d_49,41,10,ethics war,0.10570415109395981,0.9969126582145691
typical_30d_49,41,11,combatants,0.09856453537940979,0.941666841506958
typical_30d_49,41,12,unjust,0.09475363790988922,0.4797203540802002
typical_30d_49,42,1,political,0.49334052205085754,0.33837249875068665
typical_30d_49,42,2,democracy,0.2824932932853699,0.5414427518844604
typical_30d_49,42,3,democratic,0.1755058318376541,0.3773844242095947
typical_30d_49,42,4,politics,0.1699669361114502,0.3264384865760803
typical_30d_49,42,5,liberalism,0.12344484776258469,0.491431325674057
typical_30d_49,42,6,theory,0.11154058575630188,0.0323086716234684
typical_30d_49,42,7,justice,0.1083155944943428,0.12864281237125397
typical_30d_49,42,8,state,0.10545260459184647,0.10451081395149231
typical_30d_49,42,9,public,0.10488784313201904,0.11245182156562805
typical_30d_49,42,10,liberal,0.10367997735738754,0.3093871474266052
typical_30d_49,42,11,philosophy,0.09035643190145493,0.026986325159668922
typical_30d_49,42,12,review,0.0877508819103241,0.041207004338502884
typical_30d_49,43,1,belief,0.3546985983848572,0.34195372462272644
typical_30d_49,43,2,epistemic,0.3522571921348572,0.2372860610485077
typical_30d_49,43,3,knowledge,0.3499513566493988,0.18347299098968506
typical_30d_49,43,4,epistemology,0.1490423083305359,0.15429680049419403
typical_30d_49,43,5,beliefs,0.14857728779315948,0.18486370146274567
typical_30d_49,43,6,evidence,0.1448647528886795,0.1294526606798172
typical_30d_49,43,7,justification,0.1363210827112198,0.2141178697347641
typical_30d_49,43,8,argue,0.10876742750406265,0.04158403351902962
typical_30d_49,43,9,paper,0.0942508652806282,0.02916688658297062
typical_30d_49,43,10,truth,0.09305595606565475,0.06776674836874008
typical_30d_49,43,11,doxastic,0.09178011864423752,0.5133646726608276
typical_30d_49,43,12,rational,0.09121568500995636,0.13543446362018585
typical_30d_49,44,1,language,0.34140995144844055,0.26852065324783325
typical_30d_49,44,2,linguistic,0.19528919458389282,0.4570847153663635
typical_30d_49,44,3,meaning,0.19269339740276337,0.15309996902942657
typical_30d_49,44,4,semantics,0.18369582295417786,0.24731938540935516
typical_30d_49,44,5,semantic,0.15875576436519623,0.2345314472913742
typical_30d_49,44,6,reference,0.12367396056652069,0.1847810596227646
typical_30d_49,44,7,assertion,0.123093381524086,0.4175669550895691
typical_30d_49,44,8,theory,0.12303045392036438,0.03563680872321129
typical_30d_49,44,9,speech,0.11937225610017776,0.35103026032447815
typical_30d_49,44,10,paper,0.11722800135612488,0.036277394741773605
typical_30d_49,44,11,truth,0.10877905786037445,0.07921689003705978
typical_30d_49,44,12,names,0.09284988045692444,0.3339492380619049
typical_30d_49,45,1,study,0.2164817601442337,0.11848659813404083
typical_30d_49,45,2,employees,0.19641311466693878,0.864909827709198
typical_30d_49,45,3,management,0.18810102343559265,0.3265543580055237
typical_30d_49,45,4,organizational,0.18073119223117828,0.7039409875869751
typical_30d_49,45,5,leadership,0.1775134950876236,0.7137218117713928
typical_30d_49,45,6,business,0.16258399188518524,0.32879361510276794
typical_30d_49,45,7,work,0.14034171402454376,0.07760163396596909
typical_30d_49,45,8,research,0.12339693307876587,0.05819299444556236
typical_30d_49,45,9,results,0.11756192892789841,0.1149565726518631
typical_30d_49,45,10,performance,0.10477861016988754,0.17488040030002594
typical_30d_49,45,11,data,0.0961872935295105,0.07405456155538559
typical_30d_49,45,12,job,0.09545700997114182,0.47098180651664734
typical_30d_49,46,1,education,0.374421089887619,0.5147757530212402
typical_30d_49,46,2,students,0.2599649131298065,0.47796159982681274
typical_30d_49,46,3,learning,0.2094380259513855,0.26512667536735535
typical_30d_49,46,4,study,0.19882239401340485,0.10882113128900528
typical_30d_49,46,5,teaching,0.17035314440727234,0.5490248203277588
typical_30d_49,46,6,educational,0.1634378880262375,0.5408551096916199
typical_30d_49,46,7,teachers,0.16332942247390747,0.758335530757904
typical_30d_49,46,8,school,0.14946050941944122,0.4319347143173218
typical_30d_49,46,9,research,0.12218984216451645,0.057623740285634995
typical_30d_49,46,10,schools,0.10340112447738647,0.5830482244491577
typical_30d_49,46,11,philosophy,0.10039114952087402,0.029983345419168472
typical_30d_49,46,12,data,0.09467101097106934,0.07288718223571777
typical_30d_49,47,1,modal,0.5368409156799316,0.6120098233222961
typical_30d_49,47,2,modality,0.3469696044921875,0.7220752239227295
typical_30d_49,47,3,worlds,0.20859499275684357,0.33177241683006287
typical_30d_49,47,4,necessity,0.16911731660366058,0.3268221318721771
typical_30d_49,47,5,essence,0.1601712852716446,0.38436028361320496
typical_30d_49,47,6,possible,0.15297767519950867,0.11491301655769348
typical_30d_49,47,7,possible worlds,0.14159731566905975,0.49765339493751526
typical_30d_49,47,8,logic,0.12991195917129517,0.08982627093791962
typical_30d_49,47,9,possibility,0.12299994379281998,0.15362055599689484
typical_30d_49,47,10,semantics,0.11523515731096268,0.15514717996120453
typical_30d_49,47,11,metaphysical,0.11153343319892883,0.14022879302501678
typical_30d_49,47,12,modals,0.09915024787187576,0.7929571270942688
typical_30d_49,48,1,logic,0.3891831934452057,0.2690966725349426
typical_30d_49,48,2,mathematics,0.27046892046928406,0.44035762548446655
typical_30d_49,48,3,truth,0.2278335988521576,0.16591675579547882
typical_30d_49,48,4,mathematical,0.19246269762516022,0.3572597801685333
typical_30d_49,48,5,logics,0.18655507266521454,0.5598083138465881
typical_30d_49,48,6,theory,0.16418810188770294,0.04755846783518791
typical_30d_49,48,7,logical,0.14095909893512726,0.1575620025396347
typical_30d_49,48,8,proof,0.12343693524599075,0.3220367729663849
typical_30d_49,48,9,set,0.11487582325935364,0.11776387691497803
typical_30d_49,48,10,arithmetic,0.1018618568778038,0.759891152381897
typical_30d_49,48,11,paper,0.0951688289642334,0.02945096045732498
typical_30d_49,48,12,theorem,0.09453901648521423,0.3165687024593353
robust_20d_49,0,1,neutrosophic,0.7582909464836121,0.9613180756568909
robust_20d_49,0,2,set,0.15394020080566406,0.16221202909946442
robust_20d_49,0,3,sets,0.14633142948150635,0.29333221912384033
robust_20d_49,0,4,fuzzy,0.13010473549365997,0.5737490653991699
robust_20d_49,0,5,neutrosophic set,0.12525120377540588,1.0
robust_20d_49,0,6,neutrosophic sets,0.12050038576126099,0.8596084713935852
robust_20d_49,0,7,soft,0.09999378025531769,0.7117664217948914
robust_20d_49,0,8,valued neutrosophic,0.09084203839302063,1.0
robust_20d_49,0,9,valued,0.0901646539568901,0.4081362783908844
robust_20d_49,0,10,paper,0.08942490071058273,0.02799384482204914
robust_20d_49,0,11,single valued,0.08046001195907593,0.9440445899963379
robust_20d_49,0,12,applications,0.07921681553125381,0.18438538908958435
robust_20d_49,1,1,nietzsche,0.11895078420639038,0.2617802321910858
robust_20d_49,1,2,philosophy,0.11401840299367905,0.036290183663368225
robust_20d_49,1,3,human,0.11256314814090729,0.05287126451730728
robust_20d_49,1,4,moral,0.09998729825019836,0.05167856812477112
robust_20d_49,1,5,theory,0.09499913454055786,0.02977602370083332
robust_20d_49,1,6,problem,0.0928586795926094,0.042721379548311234
robust_20d_49,1,7,wonder,0.08414486050605774,0.5441116094589233
robust_20d_49,1,8,democratic,0.07881531119346619,0.28140896558761597
robust_20d_49,1,9,non,0.07722470164299011,0.044627100229263306
robust_20d_49,1,10,new,0.07605874538421631,0.03456973284482956
robust_20d_49,1,11,making,0.07570313662290573,0.06990367919206619
robust_20d_49,1,12,article,0.07362374663352966,0.05157741531729698
robust_20d_49,2,1,ontology,0.48337075114250183,0.2802898585796356
robust_20d_49,2,2,ontologies,0.33077871799468994,0.7885385751724243
robust_20d_49,2,3,biomedical,0.1901991069316864,0.6228465437889099
robust_20d_49,2,4,data,0.1747369021177292,0.15195773541927338
robust_20d_49,2,5,information,0.15296566486358643,0.11437155306339264
robust_20d_49,2,6,ontological,0.12827233970165253,0.12157599627971649
robust_20d_49,2,7,formal,0.12030167877674103,0.18293407559394836
robust_20d_49,2,8,domain,0.11068207770586014,0.27737945318222046
robust_20d_49,2,9,based,0.10000677406787872,0.05572632700204849
robust_20d_49,2,10,representation,0.098310686647892,0.13720351457595825
robust_20d_49,2,11,formal ontology,0.09614281356334686,0.841825008392334
robust_20d_49,2,12,systems,0.0939173549413681,0.08292998373508453
robust_20d_49,3,1,ai,0.43074509501457214,0.5873745083808899
robust_20d_49,3,2,intelligence,0.3097790777683258,0.443938285112381
robust_20d_49,3,3,artificial,0.30694580078125,0.3899526298046112
robust_20d_49,3,4,artificial intelligence,0.22544312477111816,0.496383935213089
robust_20d_49,3,5,human,0.17475733160972595,0.08208406716585159
robust_20d_49,3,6,robots,0.1506751924753189,0.8583301901817322
robust_20d_49,3,7,machine,0.14676034450531006,0.2857511639595032
robust_20d_49,3,8,systems,0.1339331567287445,0.1182643473148346
robust_20d_49,3,9,robot,0.11514069885015488,0.8264021277427673
robust_20d_49,3,10,ethical,0.10771498084068298,0.09762367606163025
robust_20d_49,3,11,machines,0.10420327633619308,0.39223843812942505
robust_20d_49,3,12,moral,0.09610926359891891,0.049674198031425476
robust_20d_49,4,1,using,0.19069428741931915,0.14814600348472595
robust_20d_49,4,2,network,0.17503349483013153,0.4345414340496063
robust_20d_49,4,3,accuracy,0.1727491319179535,0.4809184968471527
robust_20d_49,4,4,data,0.1624756008386612,0.14129485189914703
robust_20d_49,4,5,dataset,0.16237078607082367,0.7026037573814392
robust_20d_49,4,6,model,0.16037246584892273,0.11586469411849976
robust_20d_49,4,7,neural,0.15510499477386475,0.378713458776474
robust_20d_49,4,8,expert,0.15226231515407562,0.5065521001815796
robust_20d_49,4,9,learning,0.14845168590545654,0.21992237865924835
robust_20d_49,4,10,neural network,0.14006121456623077,0.7242074608802795
robust_20d_49,4,11,disease,0.13073518872261047,0.33666157722473145
robust_20d_49,4,12,cloud,0.12366059422492981,0.7694541215896606
robust_20d_49,5,1,evolutionary,0.3259447515010834,0.6326305270195007
robust_20d_49,5,2,biology,0.31126993894577026,0.6272161602973938
robust_20d_49,5,3,evolution,0.27945855259895325,0.45954063534736633
robust_20d_49,5,4,biological,0.19940762221813202,0.36273208260536194
robust_20d_49,5,5,life,0.13313864171504974,0.06714151054620743
robust_20d_49,5,6,selection,0.13087593019008636,0.29099488258361816
robust_20d_49,5,7,science,0.12737135589122772,0.05347372218966484
robust_20d_49,5,8,natural,0.12696391344070435,0.10954823344945908
robust_20d_49,5,9,theory,0.12295783311128616,0.03853924944996834
robust_20d_49,5,10,systems,0.09733625501394272,0.08594891428947449
robust_20d_49,5,11,species,0.0916828140616417,0.20652642846107483
robust_20d_49,5,12,emergence,0.08847372233867645,0.3060276210308075
robust_20d_49,6,1,health,0.3044663667678833,0.3749559223651886
robust_20d_49,6,2,medical,0.20961785316467285,0.34001624584198
robust_20d_49,6,3,covid,0.16893479228019714,0.42595335841178894
robust_20d_49,6,4,covid 19,0.1649048775434494,0.44013118743896484
robust_20d_49,6,5,19,0.16183917224407196,0.3889089822769165
robust_20d_49,6,6,medicine,0.1508311778306961,0.4145432114601135
robust_20d_49,6,7,ethics,0.14883343875408173,0.09284495562314987
robust_20d_49,6,8,disability,0.14216721057891846,0.6655073761940002
robust_20d_49,6,9,care,0.14120638370513916,0.25499436259269714
robust_20d_49,6,10,patients,0.1380813866853714,0.40808501839637756
robust_20d_49,6,11,pandemic,0.12978991866111755,0.470691055059433
robust_20d_49,6,12,research,0.12770147621631622,0.06559604406356812
robust_20d_49,7,1,abortion,0.36409232020378113,0.8979403376579285
robust_20d_49,7,2,genetic,0.20506735146045685,0.5392299890518188
robust_20d_49,7,3,children,0.20448113977909088,0.3920091986656189
robust_20d_49,7,4,human,0.16099290549755096,0.07561887800693512
robust_20d_49,7,5,child,0.15834110975265503,0.5476828813552856
robust_20d_49,7,6,reproductive,0.14251583814620972,0.7854593992233276
robust_20d_49,7,7,parents,0.1419331282377243,0.6871826648712158
robust_20d_49,7,8,moral,0.13065338134765625,0.0675283744931221
robust_20d_49,7,9,ethics,0.1163766011595726,0.07259780168533325
robust_20d_49,7,10,organ,0.10985986888408661,0.8691747188568115
robust_20d_49,7,11,pregnancy,0.10407180339097977,0.8948286771774292
robust_20d_49,7,12,life,0.10259758681058884,0.05173972621560097
robust_20d_49,8,1,intuitions,0.40365421772003174,0.5506934523582458
robust_20d_49,8,2,experimental philosophy,0.32982680201530457,0.8182865977287292
robust_20d_49,8,3,experimental,0.31328678131103516,0.4255416989326477
robust_20d_49,8,4,thought experiments,0.28450319170951843,0.7638012766838074
robust_20d_49,8,5,experiments,0.27103912830352783,0.44966989755630493
robust_20d_49,8,6,philosophy,0.2372736930847168,0.07552031427621841
robust_20d_49,8,7,thought,0.18918928503990173,0.1486777514219284
robust_20d_49,8,8,intuition,0.18807712197303772,0.38336074352264404
robust_20d_49,8,9,philosophical,0.1851130574941635,0.09281269460916519
robust_20d_49,8,10,philosophers,0.1469535529613495,0.12820519506931305
robust_20d_49,8,11,evidence,0.09096325188875198,0.06849555671215057
robust_20d_49,8,12,expertise,0.07800646871328354,0.35771340131759644
robust_20d_49,9,1,controllers,0.26086893677711487,0.9923806190490723
robust_20d_49,9,2,using,0.22289077937602997,0.17315872013568878
robust_20d_49,9,3,controller,0.21952809393405914,0.9914110898971558
robust_20d_49,9,4,control,0.21453827619552612,0.2953895926475525
robust_20d_49,9,5,simulation,0.13031312823295593,0.4502091109752655
robust_20d_49,9,6,performance,0.12819816172122955,0.22939498722553253
robust_20d_49,9,7,optimal,0.1274457573890686,0.5162556767463684
robust_20d_49,9,8,design,0.11677718162536621,0.14593930542469025
robust_20d_49,9,9,comparison,0.11352571845054626,0.31531551480293274
robust_20d_49,9,10,results,0.11282490938901901,0.11431969702243805
robust_20d_49,9,11,energy,0.10918476432561874,0.3200087249279022
robust_20d_49,9,12,matlab,0.10844401270151138,0.9898560047149658
robust_20d_49,10,1,time,0.36025357246398926,0.2319125086069107
robust_20d_49,10,2,quantum,0.3458831012248993,0.6285183429718018
robust_20d_49,10,3,physics,0.1876993477344513,0.36727094650268555
robust_20d_49,10,4,mechanics,0.18409892916679382,0.6523334383964539
robust_20d_49,10,5,theory,0.17019224166870117,0.05334415286779404
robust_20d_49,10,6,quantum mechanics,0.15530522167682648,0.7119140028953552
robust_20d_49,10,7,space,0.15413761138916016,0.21253754198551178
robust_20d_49,10,8,relativity,0.1363162249326706,0.4656547009944916
robust_20d_49,10,9,temporal,0.13599207997322083,0.3114940822124481
robust_20d_49,10,10,physical,0.11258192360401154,0.1412355601787567
robust_20d_49,10,11,universe,0.10830523818731308,0.24606911838054657
robust_20d_49,10,12,paper,0.08798521012067795,0.02754315920174122
robust_20d_49,11,1,urban,0.31380704045295715,0.7822668552398682
robust_20d_49,11,2,architecture,0.2791738212108612,0.5893816351890564
robust_20d_49,11,3,architectural,0.19648371636867523,0.823858380317688
robust_20d_49,11,4,city,0.18947267532348633,0.6111747622489929
robust_20d_49,11,5,design,0.17960423231124878,0.2244558036327362
robust_20d_49,11,6,heritage,0.14920839667320251,0.7259992361068726
robust_20d_49,11,7,spatial,0.12616151571273804,0.3536045253276825
robust_20d_49,11,8,cities,0.1256036013364792,0.696323037147522
robust_20d_49,11,9,new,0.10766381025314331,0.04893466457724571
robust_20d_49,11,10,cultural,0.10385628044605255,0.16177032887935638
robust_20d_49,11,11,study,0.09745800495147705,0.06556864082813263
robust_20d_49,11,12,space,0.09408685564994812,0.12973465025424957
robust_20d_49,12,1,climate,0.43796512484550476,0.7049066424369812
robust_20d_49,12,2,environmental,0.3128262758255005,0.5163916945457458
robust_20d_49,12,3,climate change,0.2740741968154907,0.695334792137146
robust_20d_49,12,4,change,0.21634291112422943,0.23878797888755798
robust_20d_49,12,5,ecological,0.15758152306079865,0.47175973653793335
robust_20d_49,12,6,ethics,0.13162602484226227,0.08211066573858261
robust_20d_49,12,7,nature,0.12156277894973755,0.07181257754564285
robust_20d_49,12,8,human,0.10508955270051956,0.04936089366674423
robust_20d_49,12,9,global,0.09658648818731308,0.151590958237648
robust_20d_49,12,10,environment,0.09293372929096222,0.15772683918476105
robust_20d_49,12,11,carbon,0.08969631046056747,0.7135825753211975
robust_20d_49,12,12,ecology,0.08845175802707672,0.5518189072608948
robust_20d_49,13,1,animal,0.49749699234962463,0.7274814248085022
robust_20d_49,13,2,animals,0.47767946124076843,0.6700224280357361
robust_20d_49,13,3,food,0.20136244595050812,0.751807689666748
robust_20d_49,13,4,moral,0.1523783653974533,0.07875695824623108
robust_20d_49,13,5,ethics,0.14653973281383514,0.09141410142183304
robust_20d_49,13,6,rights,0.13539578020572662,0.24795466661453247
robust_20d_49,13,7,animal rights,0.13522489368915558,0.9555502533912659
robust_20d_49,13,8,human,0.12499107420444489,0.05870870128273964
robust_20d_49,13,9,meat,0.1221659705042839,0.9399233460426331
robust_20d_49,13,10,welfare,0.1144300252199173,0.2700151801109314
robust_20d_49,13,11,ethical,0.09552432596683502,0.08657510578632355
robust_20d_49,13,12,animal ethics,0.09128789603710175,0.9649884700775146
robust_20d_49,14,1,science,0.2771054804325104,0.1163358986377716
robust_20d_49,14,2,research,0.22142276167869568,0.11373759061098099
robust_20d_49,14,3,wisdom,0.2031680792570114,0.4614902436733246
robust_20d_49,14,4,academic,0.18822579085826874,0.42212390899658203
robust_20d_49,14,5,scientific,0.17708329856395721,0.10956306010484695
robust_20d_49,14,6,knowledge,0.14435908198356628,0.07709857821464539
robust_20d_49,14,7,problems,0.11576243489980698,0.08931205421686172
robust_20d_49,14,8,revolution,0.11160121858119965,0.3260607123374939
robust_20d_49,14,9,review,0.11093761026859283,0.057415321469306946
robust_20d_49,14,10,peer review,0.10925532877445221,0.9026618599891663
robust_20d_49,14,11,interdisciplinarity,0.10745194554328918,0.9011549353599548
robust_20d_49,14,12,world,0.10616026073694229,0.056321881711483
robust_20d_49,15,1,games,0.34912654757499695,0.7483142018318176
robust_20d_49,15,2,sport,0.3041289448738098,0.9834218621253967
robust_20d_49,15,3,game,0.29628852009773254,0.6186786890029907
robust_20d_49,15,4,virtual,0.23647849261760712,0.6459482908248901
robust_20d_49,15,5,sports,0.1800873726606369,0.9294622540473938
robust_20d_49,15,6,play,0.12151512503623962,0.19288942217826843
robust_20d_49,15,7,video,0.10366540402173996,0.49046221375465393
robust_20d_49,15,8,player,0.10224365442991257,0.8295694589614868
robust_20d_49,15,9,players,0.10167715698480606,0.8195798993110657
robust_20d_49,15,10,athletes,0.09987115859985352,0.9244976043701172
robust_20d_49,15,11,sporting,0.09636363387107849,0.9857768416404724
robust_20d_49,15,12,reality,0.09294071048498154,0.09402383118867874
robust_20d_49,16,1,mental,0.1931189000606537,0.18310332298278809
robust_20d_49,16,2,disorder,0.16522352397441864,0.7750735282897949
robust_20d_49,16,3,psychiatric,0.15672113001346588,0.8300422430038452
robust_20d_49,16,4,self,0.1378462314605713,0.09864343702793121
robust_20d_49,16,5,addiction,0.13460619747638702,0.7409188151359558
robust_20d_49,16,6,psychiatry,0.13049517571926117,0.8333220481872559
robust_20d_49,16,7,disorders,0.1265539973974228,0.720770537853241
robust_20d_49,16,8,depression,0.10128064453601837,0.7671358585357666
robust_20d_49,16,9,psychopathy,0.09705346822738647,0.8157020807266235
robust_20d_49,16,10,research,0.09695754945278168,0.049803901463747025
robust_20d_49,16,11,experience,0.09565422683954239,0.06936901807785034
robust_20d_49,16,12,illness,0.09311649948358536,0.5378074645996094
robust_20d_49,17,1,technology,0.2798493802547455,0.4276019334793091
robust_20d_49,17,2,digital,0.2264636605978012,0.39876076579093933
robust_20d_49,17,3,information,0.2141769528388977,0.16013889014720917
robust_20d_49,17,4,media,0.20608600974082947,0.4807784855365753
robust_20d_49,17,5,privacy,0.1875740885734558,0.6943577527999878
robust_20d_49,17,6,social,0.17952799797058105,0.10413921624422073
robust_20d_49,17,7,technologies,0.15775145590305328,0.33652812242507935
robust_20d_49,17,8,internet,0.14058883488178253,0.6119019389152527
robust_20d_49,17,9,ethics,0.13843469321727753,0.08635803312063217
robust_20d_49,17,10,technological,0.13710010051727295,0.4014323949813843
robust_20d_49,17,11,online,0.13485349714756012,0.40610793232917786
robust_20d_49,17,12,social media,0.12533360719680786,0.6464616060256958
robust_20d_49,18,1,collective,0.45463961362838745,0.542620062828064
robust_20d_49,18,2,group,0.3903007209300995,0.4293394386768341
robust_20d_49,18,3,agency,0.23646879196166992,0.2850361466407776
robust_20d_49,18,4,groups,0.21077488362789154,0.37190526723861694
robust_20d_49,18,5,action,0.19531048834323883,0.18677635490894318
robust_20d_49,18,6,agents,0.17384636402130127,0.2522488832473755
robust_20d_49,18,7,shared,0.15870057046413422,0.3092038035392761
robust_20d_49,18,8,individual,0.14970612525939941,0.17245306074619293
robust_20d_49,18,9,joint,0.1419605165719986,0.45619532465934753
robust_20d_49,18,10,shared agency,0.12000831216573715,0.9935137033462524
robust_20d_49,18,11,group agents,0.1193881705403328,0.9822565913200378
robust_20d_49,18,12,social,0.10353515297174454,0.0600578710436821
robust_20d_49,19,1,philosophy,0.210524782538414,0.06700657308101654
robust_20d_49,19,2,nature,0.11255858093500137,0.06649339199066162
robust_20d_49,19,3,book,0.1108359694480896,0.08189669251441956
robust_20d_49,19,4,world,0.11008010804653168,0.058401502668857574
robust_20d_49,19,5,theory,0.10371990501880646,0.032509416341781616
robust_20d_49,19,6,human,0.0949234738945961,0.044585853815078735
robust_20d_49,19,7,social,0.09285231679677963,0.05386105552315712
robust_20d_49,19,8,problem,0.08901848644018173,0.040954627096652985
robust_20d_49,19,9,life,0.08229643851518631,0.041501905769109726
robust_20d_49,19,10,philosophical,0.07558480650186539,0.03789700195193291
robust_20d_49,19,11,point,0.07442103326320648,0.08737330883741379
robust_20d_49,19,12,epistemology,0.07313039153814316,0.06950279325246811
robust_20d_49,20,1,political,0.2136586308479309,0.24357326328754425
robust_20d_49,20,2,education,0.1473482996225357,0.38079503178596497
robust_20d_49,20,3,social,0.1287117451429367,0.07466211915016174
robust_20d_49,20,4,study,0.12377894669771194,0.08327707648277283
robust_20d_49,20,5,law,0.11205603182315826,0.20326469838619232
robust_20d_49,20,6,justice,0.11202766001224518,0.18208745121955872
robust_20d_49,20,7,students,0.10451352596282959,0.30829861760139465
robust_20d_49,20,8,philosophy,0.10277634859085083,0.032712019979953766
robust_20d_49,20,9,theory,0.10208498686552048,0.03199697658419609
robust_20d_49,20,10,state,0.09628117084503174,0.117164246737957
robust_20d_49,20,11,paper,0.09434832632541656,0.029535088688135147
robust_20d_49,20,12,democracy,0.09414147585630417,0.37944066524505615
robust_20d_49,21,1,aggregation,0.3009147346019745,0.7529234886169434
robust_20d_49,21,2,decision,0.2767205238342285,0.3368843197822571
robust_20d_49,21,3,choice,0.22298099100589752,0.36204805970191956
robust_20d_49,21,4,judgment aggregation,0.19821272790431976,0.9264816641807556
robust_20d_49,21,5,utility,0.1936340034008026,0.5580389499664307
robust_20d_49,21,6,decision theory,0.17582331597805023,0.8132726550102234
robust_20d_49,21,7,theory,0.17455457150936127,0.05471145734190941
robust_20d_49,21,8,preferences,0.16323667764663696,0.4979236423969269
robust_20d_49,21,9,rationality,0.14294476807117462,0.20297519862651825
robust_20d_49,21,10,judgment,0.13729147613048553,0.2761456072330475
robust_20d_49,21,11,expected,0.13277186453342438,0.38606882095336914
robust_20d_49,21,12,rational,0.12484463304281235,0.16573216021060944
robust_20d_49,22,1,moral,0.5241526961326599,0.27090901136398315
robust_20d_49,22,2,ethics,0.17551571130752563,0.10948983579874039
robust_20d_49,22,3,reasons,0.16872312128543854,0.155748188495636
robust_20d_49,22,4,morality,0.13972729444503784,0.2469620555639267
robust_20d_49,22,5,free,0.12730512022972107,0.19008657336235046
robust_20d_49,22,6,normative,0.12300105392932892,0.1589740365743637
robust_20d_49,22,7,virtue,0.1166786402463913,0.2062896490097046
robust_20d_49,22,8,argue,0.11523982137441635,0.0445445254445076
robust_20d_49,22,9,kant,0.11260237544775009,0.12267955392599106
robust_20d_49,22,10,responsibility,0.1051407977938652,0.17303386330604553
robust_20d_49,22,11,action,0.10256786644458771,0.09808614104986191
robust_20d_49,22,12,good,0.09925083070993423,0.08058680593967438
robust_20d_49,23,1,emotions,0.6211341023445129,0.6774725317955017
robust_20d_49,23,2,emotion,0.41764554381370544,0.6393771767616272
robust_20d_49,23,3,emotional,0.21201229095458984,0.40178781747817993
robust_20d_49,23,4,affective,0.16288542747497559,0.4351474642753601
robust_20d_49,23,5,anger,0.16021716594696045,0.849316418170929
robust_20d_49,23,6,feeling,0.10289090871810913,0.34533584117889404
robust_20d_49,23,7,envy,0.09346375614404678,0.8265053629875183
robust_20d_49,23,8,moral,0.0907723531126976,0.04691581055521965
robust_20d_49,23,9,moods,0.07800285518169403,0.7389898300170898
robust_20d_49,23,10,account,0.07602096349000931,0.03684269264340401
robust_20d_49,23,11,theory,0.0721801146864891,0.022623751312494278
robust_20d_49,23,12,feelings,0.06892579793930054,0.2572419047355652
robust_20d_49,24,1,conditionals,0.5942031145095825,0.8538985848426819
robust_20d_49,24,2,counterfactuals,0.42714768648147583,0.7730688452720642
robust_20d_49,24,3,conditional,0.31690728664398193,0.6061314344406128
robust_20d_49,24,4,indicative,0.171683207154274,0.7931452393531799
robust_20d_49,24,5,indicative conditionals,0.15534327924251556,0.925171434879303
robust_20d_49,24,6,counterfactual,0.13186803460121155,0.36927103996276855
robust_20d_49,24,7,counterpossibles,0.11418469995260239,0.8390175104141235
robust_20d_49,24,8,semantics,0.10846341401338577,0.13622123003005981
robust_20d_49,24,9,antecedent,0.10058415681123734,0.7155940532684326
robust_20d_49,24,10,truth,0.0848526656627655,0.06034247577190399
robust_20d_49,24,11,stalnaker,0.07952708750963211,0.6116979718208313
robust_20d_49,24,12,theory,0.07356014102697372,0.02305630035698414
robust_20d_49,25,1,induction,0.5963953733444214,0.7569840550422668
robust_20d_49,25,2,bayesian,0.24759522080421448,0.5259703993797302
robust_20d_49,25,3,inductive,0.19433020055294037,0.6481437683105469
robust_20d_49,25,4,problem induction,0.16923141479492188,0.9599522352218628
robust_20d_49,25,5,problem,0.14047276973724365,0.06462713330984116
robust_20d_49,25,6,inference,0.11264107376337051,0.2160644829273224
robust_20d_49,25,7,statistical,0.10687420517206192,0.37114956974983215
robust_20d_49,25,8,randomness,0.10549712181091309,0.7973937392234802
robust_20d_49,25,9,random,0.10507230460643768,0.41274139285087585
robust_20d_49,25,10,fbst,0.10353141278028488,0.9148176908493042
robust_20d_49,25,11,evidence,0.10348106920719147,0.07792150974273682
robust_20d_49,25,12,probability,0.09733043611049652,0.2028495967388153
robust_20d_49,26,1,life,0.45925912261009216,0.23160332441329956
robust_20d_49,26,2,death,0.4220981001853943,0.5457075834274292
robust_20d_49,26,3,meaning life,0.358330637216568,0.7988548278808594
robust_20d_49,26,4,meaning,0.32295793294906616,0.2182382196187973
robust_20d_49,26,5,meaningful,0.14874199032783508,0.4724489748477936
robust_20d_49,26,6,lives,0.11195943504571915,0.20533598959445953
robust_20d_49,26,7,human,0.08658339083194733,0.04066849127411842
robust_20d_49,26,8,value,0.08205044269561768,0.052970800548791885
robust_20d_49,26,9,die,0.07905759662389755,0.34147778153419495
robust_20d_49,26,10,life meaningful,0.0734361931681633,0.8784164786338806
robust_20d_49,26,11,question,0.06657686084508896,0.044738635420799255
robust_20d_49,26,12,good,0.06629689037799835,0.053829822689294815
robust_20d_49,27,1,pleasure,0.3756677806377411,0.7051461935043335
robust_20d_49,27,2,happiness,0.27916932106018066,0.6958125233650208
robust_20d_49,27,3,hedonism,0.27597948908805847,0.923849880695343
robust_20d_49,27,4,desire,0.21484003961086273,0.37925195693969727
robust_20d_49,27,5,life,0.1831546127796173,0.09236445277929306
robust_20d_49,27,6,good,0.16925962269306183,0.13743051886558533
robust_20d_49,27,7,value,0.15794657170772552,0.1019684448838234
robust_20d_49,27,8,pleasures,0.15699830651283264,0.8008809685707092
robust_20d_49,27,9,pain,0.1517418622970581,0.3879554867744446
robust_20d_49,27,10,theories,0.15058092772960663,0.09604068100452423
robust_20d_49,27,11,welfare,0.120790034532547,0.2850225865840912
robust_20d_49,27,12,satisfaction,0.11526496708393097,0.5102859139442444
robust_20d_49,28,1,causation,0.5536206364631653,0.6679165363311768
robust_20d_49,28,2,causal,0.41359415650367737,0.41222578287124634
robust_20d_49,28,3,explanation,0.27561473846435547,0.2676217555999756
robust_20d_49,28,4,explanations,0.16546323895454407,0.3417589068412781
robust_20d_49,28,5,cause,0.14441393315792084,0.3185954988002777
robust_20d_49,28,6,explanatory,0.1438540816307068,0.25596970319747925
robust_20d_49,28,7,causes,0.13060031831264496,0.3018888235092163
robust_20d_49,28,8,scientific explanation,0.09354990720748901,0.7205398678779602
robust_20d_49,28,9,scientific,0.08806639909744263,0.05448748916387558
robust_20d_49,28,10,theory,0.087598517537117,0.027456413954496384
robust_20d_49,28,11,account,0.08383027464151382,0.040627382695674896
robust_20d_49,28,12,hume,0.0824626237154007,0.17229923605918884
robust_20d_49,29,1,scientific,0.4796634614467621,0.29677218198776245
robust_20d_49,29,2,science,0.40035831928253174,0.16808056831359863
robust_20d_49,29,3,realism,0.3125480115413666,0.30177271366119385
robust_20d_49,29,4,scientific realism,0.23337912559509277,0.881890058517456
robust_20d_49,29,5,theories,0.17670433223247528,0.11270221322774887
robust_20d_49,29,6,progress,0.17314064502716064,0.32970988750457764
robust_20d_49,29,7,scientific progress,0.13570678234100342,0.8685306310653687
robust_20d_49,29,8,popper,0.10728438943624496,0.6282696723937988
robust_20d_49,29,9,philosophy science,0.0985676497220993,0.2119704782962799
robust_20d_49,29,10,induction,0.09540838748216629,0.12109857052564621
robust_20d_49,29,11,scientific theories,0.0949142575263977,0.600291907787323
robust_20d_49,29,12,theory,0.08371847867965698,0.026240274310112
robust_20d_49,30,1,composition,0.5800592303276062,0.8253534436225891
robust_20d_49,30,2,identity,0.29747140407562256,0.29647067189216614
robust_20d_49,30,3,composition identity,0.2892516553401947,1.0
robust_20d_49,30,4,mereological,0.24987131357192993,0.8389960527420044
robust_20d_49,30,5,parts,0.1975572258234024,0.325979620218277
robust_20d_49,30,6,mereology,0.1664876490831375,0.8451854586601257
robust_20d_49,30,7,objects,0.15325061976909637,0.15111513435840607
robust_20d_49,30,8,material,0.13340771198272705,0.21247048676013947
robust_20d_49,30,9,simples,0.12819331884384155,0.8622468709945679
robust_20d_49,30,10,material constitution,0.09845941513776779,0.926749050617218
robust_20d_49,30,11,bundle theory,0.09155984222888947,0.9909089207649231
robust_20d_49,30,12,nihilism,0.08911850303411484,0.4115771949291229
robust_20d_49,31,1,phenomenology,0.37974250316619873,0.4283828139305115
robust_20d_49,31,2,husserl,0.3526669144630432,0.70041823387146
robust_20d_49,31,3,phenomenological,0.26110902428627014,0.41503775119781494
robust_20d_49,31,4,merleau ponty,0.22179993987083435,0.7547393441200256
robust_20d_49,31,5,ponty,0.2214677631855011,0.7547393441200256
robust_20d_49,31,6,merleau,0.22113896906375885,0.7320391535758972
robust_20d_49,31,7,heidegger,0.13857977092266083,0.2528839111328125
robust_20d_49,31,8,transcendental,0.13636915385723114,0.42050105333328247
robust_20d_49,31,9,experience,0.10786155611276627,0.07822185009717941
robust_20d_49,31,10,intersubjectivity,0.10432978719472885,0.5745214819908142
robust_20d_49,31,11,philosophy,0.10230914503335953,0.03256331756711006
robust_20d_49,31,12,metaphysics,0.0898216962814331,0.079334557056427
robust_20d_49,32,1,music,0.6667808890342712,0.8485645651817322
robust_20d_49,32,2,musical,0.4666712284088135,0.9039625525474548
robust_20d_49,32,3,sound,0.12410172075033188,0.41171449422836304
robust_20d_49,32,4,musical works,0.0928589478135109,0.9706562161445618
robust_20d_49,32,5,improvisation,0.08902393281459808,0.8869127631187439
robust_20d_49,32,6,art,0.079099141061306,0.07495403289794922
robust_20d_49,32,7,sounds,0.077545166015625,0.6499231457710266
robust_20d_49,32,8,listening,0.07393411546945572,0.7445772886276245
robust_20d_49,32,9,experience,0.07120361924171448,0.05163729190826416
robust_20d_49,32,10,performance,0.06774183362722397,0.12121575325727463
robust_20d_49,32,11,works,0.06547529995441437,0.10958153009414673
robust_20d_49,32,12,wittgenstein,0.06464263796806335,0.0885784775018692
robust_20d_49,33,1,memory,0.7664531469345093,0.7365556359291077
robust_20d_49,33,2,episodic,0.22254149615764618,0.871761679649353
robust_20d_49,33,3,remembering,0.19918620586395264,0.8561826944351196
robust_20d_49,33,4,episodic memory,0.167185440659523,0.9305983781814575
robust_20d_49,33,5,memories,0.15040414035320282,0.6722888350486755
robust_20d_49,33,6,past,0.13557083904743195,0.22172273695468903
robust_20d_49,33,7,forgetting,0.09972976893186569,0.8931831121444702
robust_20d_49,33,8,mental time,0.08807680010795593,0.9128542542457581
robust_20d_49,33,9,mental,0.08544827252626419,0.08101673424243927
robust_20d_49,33,10,philosophy memory,0.08327120542526245,1.0
robust_20d_49,33,11,time travel,0.07823650538921356,0.589279294013977
robust_20d_49,33,12,travel,0.07035479694604874,0.3554912209510803
robust_20d_49,34,1,film,0.6304229497909546,0.8183730244636536
robust_20d_49,34,2,films,0.264723002910614,0.8785829544067383
robust_20d_49,34,3,cinema,0.2630529999732971,0.9411701560020447
robust_20d_49,34,4,cinematic,0.12337308377027512,0.9664649367332458
robust_20d_49,34,5,review,0.11201599985361099,0.05797344073653221
robust_20d_49,34,6,philosophy,0.09573977440595627,0.030472395941615105
robust_20d_49,34,7,movie,0.09071145206689835,0.6836039423942566
robust_20d_49,34,8,art,0.0822133868932724,0.0779050812125206
robust_20d_49,34,9,movies,0.07931899279356003,0.7110589742660522
robust_20d_49,34,10,fiction,0.07830695062875748,0.0950559452176094
robust_20d_49,34,11,book,0.07635989785194397,0.05642232671380043
robust_20d_49,34,12,narrative,0.07097966223955154,0.15519140660762787
robust_20d_49,35,1,art,0.5412555932998657,0.5128916501998901
robust_20d_49,35,2,aesthetic,0.5012389421463013,0.641471803188324
robust_20d_49,35,3,aesthetics,0.2875787615776062,0.5036686062812805
robust_20d_49,35,4,beauty,0.17840293049812317,0.48273134231567383
robust_20d_49,35,5,artworks,0.10686563700437546,0.6327723264694214
robust_20d_49,35,6,kant,0.08322643488645554,0.09067466109991074
robust_20d_49,35,7,taste,0.08169269561767578,0.6475695967674255
robust_20d_49,35,8,experience,0.07910274714231491,0.0573657862842083
robust_20d_49,35,9,theory,0.0759538933634758,0.023806584998965263
robust_20d_49,35,10,artistic,0.0696721002459526,0.4041081368923187
robust_20d_49,35,11,value,0.06821214407682419,0.04403695464134216
robust_20d_49,35,12,work,0.06805602461099625,0.04431074112653732
robust_20d_49,36,1,ontology,0.6101388335227966,0.3537982702255249
robust_20d_49,36,2,ontological,0.34963443875312805,0.3313820958137512
robust_20d_49,36,3,existence,0.15696121752262115,0.14828462898731232
robust_20d_49,36,4,metaphysics,0.14016768336296082,0.12380239367485046
robust_20d_49,36,5,properties,0.10864849388599396,0.10834776610136032
robust_20d_49,36,6,objects,0.0976918488740921,0.09633054584264755
robust_20d_49,36,7,reality,0.09257455915212631,0.09365341067314148
robust_20d_49,36,8,carnap,0.08929860591888428,0.26526889204978943
robust_20d_49,36,9,metaontology,0.08292872458696365,0.7923028469085693
robust_20d_49,36,10,easy,0.0819234699010849,0.31836891174316406
robust_20d_49,36,11,review,0.08105745911598206,0.04195096716284752
robust_20d_49,36,12,things,0.0765640139579773,0.08027037233114243
robust_20d_49,37,1,fiction,0.5956273674964905,0.7230255007743835
robust_20d_49,37,2,fictional,0.4087412357330322,0.7575761675834656
robust_20d_49,37,3,fictions,0.20877933502197266,0.8017013669013977
robust_20d_49,37,4,fictionalism,0.1919902265071869,0.7539642453193665
robust_20d_49,37,5,imagining,0.10690280795097351,0.4853155314922333
robust_20d_49,37,6,mental fictionalism,0.10176127403974533,1.0
robust_20d_49,37,7,truth,0.09841717034578323,0.06998879462480545
robust_20d_49,37,8,mental,0.09111423045396805,0.08638884127140045
robust_20d_49,37,9,stories,0.09080840647220612,0.47663557529449463
robust_20d_49,37,10,fictional characters,0.08139727264642715,0.8747426271438599
robust_20d_49,37,11,story,0.07671038061380386,0.21956893801689148
robust_20d_49,37,12,characters,0.07273611426353455,0.3647070527076721
robust_20d_49,38,1,cognitive,0.3447761833667755,0.26081687211990356
robust_20d_49,38,2,mind,0.2712767422199249,0.21518100798130035
robust_20d_49,38,3,cognition,0.2608461380004883,0.4031289517879486
robust_20d_49,38,4,consciousness,0.17659121751785278,0.13627539575099945
robust_20d_49,38,5,cognitive science,0.16605588793754578,0.53279048204422
robust_20d_49,38,6,computational,0.16369864344596863,0.4492270350456238
robust_20d_49,38,7,science,0.15037880837917328,0.06313282996416092
robust_20d_49,38,8,systems,0.1248549297451973,0.11024818569421768
robust_20d_49,38,9,brain,0.11926528811454773,0.24260735511779785
robust_20d_49,38,10,embodied,0.11780247092247009,0.36796605587005615
robust_20d_49,38,11,artificial,0.1160588413476944,0.14744442701339722
robust_20d_49,38,12,representation,0.1072254329919815,0.14964504539966583
robust_20d_49,39,1,analytic,0.3270081877708435,0.4749116897583008
robust_20d_49,39,2,philosophy,0.2694331407546997,0.08575613796710968
robust_20d_49,39,3,analytic philosophy,0.24973244965076447,0.6593090295791626
robust_20d_49,39,4,wittgenstein,0.21465808153152466,0.294141560792923
robust_20d_49,39,5,kant,0.18807262182235718,0.20490390062332153
robust_20d_49,39,6,metaphysics,0.16093404591083527,0.14214417338371277
robust_20d_49,39,7,russell,0.1366354525089264,0.3028472065925598
robust_20d_49,39,8,quine,0.13482677936553955,0.43748146295547485
robust_20d_49,39,9,critique,0.1336842179298401,0.18921536207199097
robust_20d_49,39,10,carnap,0.13161665201187134,0.3909781575202942
robust_20d_49,39,11,logic,0.12044543772935867,0.08336857706308365
robust_20d_49,39,12,philosophical,0.10878869146108627,0.05454489216208458
robust_20d_49,40,1,philosophy,0.32367146015167236,0.10301930457353592
robust_20d_49,40,2,god,0.2543710172176361,0.2861088812351227
robust_20d_49,40,3,religion,0.2178444117307663,0.43717360496520996
robust_20d_49,40,4,religious,0.21757210791110992,0.38683027029037476
robust_20d_49,40,5,philosophical,0.14406856894493103,0.0722336545586586
robust_20d_49,40,6,faith,0.14357340335845947,0.4782610535621643
robust_20d_49,40,7,divine,0.12876980006694794,0.4132867753505707
robust_20d_49,40,8,plato,0.12731017172336578,0.2667955756187439
robust_20d_49,40,9,review,0.12184757739305496,0.06306173652410507
robust_20d_49,40,10,theology,0.10538550466299057,0.3105522394180298
robust_20d_49,40,11,christian,0.09895351529121399,0.2771720886230469
robust_20d_49,40,12,belief,0.09629575908184052,0.09018845856189728
robust_20d_49,41,1,disagreement,0.596550703048706,0.7430664896965027
robust_20d_49,41,2,epistemic,0.31386134028434753,0.18803012371063232
robust_20d_49,41,3,peer,0.26326099038124084,0.6263081431388855
robust_20d_49,41,4,peer disagreement,0.2569320797920227,0.981616735458374
robust_20d_49,41,5,epistemology,0.14506328105926514,0.1378674954175949
robust_20d_49,41,6,testimonial,0.130935400724411,0.606615424156189
robust_20d_49,41,7,evidence,0.114348404109478,0.08610463887453079
robust_20d_49,41,8,epistemology disagreement,0.1063171774148941,0.873762309551239
robust_20d_49,41,9,conciliationism,0.10063273459672928,0.9927628040313721
robust_20d_49,41,10,belief,0.09728062152862549,0.09111086279153824
robust_20d_49,41,11,authority,0.09656330943107605,0.31542569398880005
robust_20d_49,41,12,self,0.09403112530708313,0.06728912889957428
robust_20d_49,42,1,modal,0.542595624923706,0.6198053359985352
robust_20d_49,42,2,modality,0.3394734859466553,0.7256919741630554
robust_20d_49,42,3,worlds,0.22461463510990143,0.3553873896598816
robust_20d_49,42,4,necessity,0.18286800384521484,0.3902328908443451
robust_20d_49,42,5,essence,0.16848941147327423,0.41291534900665283
robust_20d_49,42,6,possible,0.15104927122592926,0.11449269950389862
robust_20d_49,42,7,possible worlds,0.1422920823097229,0.5028893351554871
robust_20d_49,42,8,possibility,0.13771244883537292,0.1763281375169754
robust_20d_49,42,9,logic,0.12036117166280746,0.08331025391817093
robust_20d_49,42,10,semantics,0.11605294048786163,0.14575307071208954
robust_20d_49,42,11,metaphysical,0.11222772300243378,0.14313958585262299
robust_20d_49,42,12,modal realism,0.10714386403560638,0.8125994801521301
robust_20d_49,43,1,logic,0.3881158232688904,0.2686416804790497
robust_20d_49,43,2,mathematics,0.2570571005344391,0.4599142074584961
robust_20d_49,43,3,truth,0.23442330956459045,0.16670876741409302
robust_20d_49,43,4,mathematical,0.1830136477947235,0.3496888279914856
robust_20d_49,43,5,logics,0.18292707204818726,0.552116870880127
robust_20d_49,43,6,theory,0.16391120851039886,0.051375459879636765
robust_20d_49,43,7,logical,0.1327570527791977,0.143499493598938
robust_20d_49,43,8,proof,0.12655802071094513,0.38718509674072266
robust_20d_49,43,9,vagueness,0.11882051825523376,0.4319736659526825
robust_20d_49,43,10,set,0.11643359810113907,0.12269004434347153
robust_20d_49,43,11,arithmetic,0.10235036909580231,0.7895714640617371
robust_20d_49,43,12,theorem,0.09991941601037979,0.30738112330436707
robust_20d_49,44,1,belief,0.34909534454345703,0.3269549012184143
robust_20d_49,44,2,knowledge,0.33986547589302063,0.18151366710662842
robust_20d_49,44,3,epistemic,0.3337985575199127,0.19997423887252808
robust_20d_49,44,4,evidence,0.15736325085163116,0.1184949278831482
robust_20d_49,44,5,justification,0.15434110164642334,0.23193353414535522
robust_20d_49,44,6,beliefs,0.14970621466636658,0.18530729413032532
robust_20d_49,44,7,epistemology,0.14062222838401794,0.13364674150943756
robust_20d_49,44,8,argue,0.1060236245393753,0.040982116013765335
robust_20d_49,44,9,truth,0.10083270072937012,0.07170658558607101
robust_20d_49,44,10,paper,0.09833913296461105,0.030784383416175842
robust_20d_49,44,11,doxastic,0.09788163006305695,0.463178426027298
robust_20d_49,44,12,rational,0.09514619410037994,0.12630726397037506
robust_20d_49,45,1,perception,0.39098861813545227,0.42904555797576904
robust_20d_49,45,2,perceptual,0.3687461316585541,0.5879830718040466
robust_20d_49,45,3,visual,0.25152429938316345,0.545297384262085
robust_20d_49,45,4,experience,0.20191967487335205,0.14643336832523346
robust_20d_49,45,5,color,0.16225296258926392,0.7226133346557617
robust_20d_49,45,6,phenomenal,0.14929577708244324,0.34193289279937744
robust_20d_49,45,7,content,0.1287216693162918,0.1480480581521988
robust_20d_49,45,8,sensory,0.12184096872806549,0.38710731267929077
robust_20d_49,45,9,attention,0.11102999746799469,0.1364278346300125
robust_20d_49,45,10,objects,0.10902413725852966,0.10750492662191391
robust_20d_49,45,11,vision,0.10760105401277542,0.3570745587348938
robust_20d_49,45,12,perceptual experience,0.09918800741434097,0.8138614296913147
robust_20d_49,46,1,consciousness,0.7078641057014465,0.5462585687637329
robust_20d_49,46,2,mind,0.18535743653774261,0.14702844619750977
robust_20d_49,46,3,conscious,0.1441131979227066,0.37164461612701416
robust_20d_49,46,4,problem,0.13498662412166595,0.06210312992334366
robust_20d_49,46,5,brain,0.11852426081895828,0.24109996855258942
robust_20d_49,46,6,theory,0.1135750263929367,0.035598352551460266
robust_20d_49,46,7,quantum,0.10350855439901352,0.18808963894844055
robust_20d_49,46,8,phenomenal,0.10251376032829285,0.23478779196739197
robust_20d_49,46,9,physical,0.10119521617889404,0.12695078551769257
robust_20d_49,46,10,problem consciousness,0.08085624873638153,0.6394466757774353
robust_20d_49,46,11,hard problem,0.07998570054769516,0.5879039764404297
robust_20d_49,46,12,experience,0.07540731132030487,0.05468583479523659
robust_20d_49,47,1,speech,0.3487362563610077,0.6496264934539795
robust_20d_49,47,2,conversational,0.2257864624261856,0.8373710513114929
robust_20d_49,47,3,speaker,0.1716194599866867,0.6192406415939331
robust_20d_49,47,4,communication,0.16477587819099426,0.31917062401771545
robust_20d_49,47,5,linguistic,0.1609908640384674,0.27543625235557556
robust_20d_49,47,6,acts,0.14964590966701508,0.34981241822242737
robust_20d_49,47,7,meaning,0.14880068600177765,0.1005517840385437
robust_20d_49,47,8,communicative,0.14394138753414154,0.685684859752655
robust_20d_49,47,9,implicatures,0.1356663703918457,0.8824974894523621
robust_20d_49,47,10,speech acts,0.1349438726902008,0.744167149066925
robust_20d_49,47,11,theory,0.12390723079442978,0.038836825639009476
robust_20d_49,47,12,speech act,0.12377628684043884,0.7868025302886963
robust_20d_49,48,1,language,0.32714587450027466,0.25106215476989746
robust_20d_49,48,2,semantics,0.25703707337379456,0.32281768321990967
robust_20d_49,48,3,meaning,0.2330927848815918,0.15751200914382935
robust_20d_49,48,4,semantic,0.21973420679569244,0.2870650887489319
robust_20d_49,48,5,linguistic,0.19537073373794556,0.334256112575531
robust_20d_49,48,6,reference,0.17959719896316528,0.24306419491767883
robust_20d_49,48,7,names,0.14758016169071198,0.46221497654914856
robust_20d_49,48,8,theory,0.13027721643447876,0.04083339869976044
robust_20d_49,48,9,truth,0.10755620896816254,0.0764879658818245
robust_20d_49,48,10,paper,0.1037602350115776,0.032481420785188675
robust_20d_49,48,11,sentences,0.09745141863822937,0.31137916445732117
robust_20d_49,48,12,descriptions,0.08204922825098038,0.3164759576320648
robust_20d_29,0,1,ontology,0.48337075114250183,0.5478890538215637
robust_20d_29,0,2,ontologies,0.33077871799468994,0.8535307049751282
robust_20d_29,0,3,biomedical,0.1901991069316864,0.6482945680618286
robust_20d_29,0,4,data,0.1747369021177292,0.18867316842079163
robust_20d_29,0,5,information,0.15296566486358643,0.1533394157886505
robust_20d_29,0,6,ontological,0.12827233970165253,0.2618117034435272
robust_20d_29,0,7,formal,0.12030167877674103,0.26337534189224243
robust_20d_29,0,8,domain,0.11068207770586014,0.35046467185020447
robust_20d_29,0,9,based,0.10000677406787872,0.08030364662408829
robust_20d_29,0,10,representation,0.098310686647892,0.2240988165140152
robust_20d_29,0,11,formal ontology,0.09614281356334686,0.9162769913673401
robust_20d_29,0,12,systems,0.0939173549413681,0.11294397711753845
robust_20d_29,1,1,ai,0.43074509501457214,0.7105447053909302
robust_20d_29,1,2,intelligence,0.3097790777683258,0.5727962851524353
robust_20d_29,1,3,artificial,0.30694580078125,0.5162703394889832
robust_20d_29,1,4,artificial intelligence,0.22544312477111816,0.6669986844062805
robust_20d_29,1,5,human,0.17475733160972595,0.10536331683397293
robust_20d_29,1,6,robots,0.1506751924753189,0.9296809434890747
robust_20d_29,1,7,machine,0.14676034450531006,0.39002299308776855
robust_20d_29,1,8,systems,0.1339331567287445,0.16106654703617096
robust_20d_29,1,9,robot,0.11514069885015488,0.8991907238960266
robust_20d_29,1,10,ethical,0.10771498084068298,0.11260279268026352
robust_20d_29,1,11,machines,0.10420327633619308,0.519074559211731
robust_20d_29,1,12,moral,0.09610926359891891,0.05730457603931427
robust_20d_29,2,1,using,0.19069428741931915,0.24021847546100616
robust_20d_29,2,2,network,0.17503349483013153,0.5384830236434937
robust_20d_29,2,3,accuracy,0.1727491319179535,0.6090203523635864
robust_20d_29,2,4,data,0.1624756008386612,0.1754339635372162
robust_20d_29,2,5,dataset,0.16237078607082367,0.715839147567749
robust_20d_29,2,6,model,0.16037246584892273,0.1666947603225708
robust_20d_29,2,7,neural,0.15510499477386475,0.5398614406585693
robust_20d_29,2,8,expert,0.15226231515407562,0.6028788089752197
robust_20d_29,2,9,learning,0.14845168590545654,0.26930001378059387
robust_20d_29,2,10,neural network,0.14006121456623077,0.8664621114730835
robust_20d_29,2,11,disease,0.13073518872261047,0.3411031663417816
robust_20d_29,2,12,cloud,0.12366059422492981,0.887839138507843
robust_20d_29,3,1,evolutionary,0.3259447515010834,0.7099754810333252
robust_20d_29,3,2,biology,0.31126993894577026,0.7346819639205933
robust_20d_29,3,3,evolution,0.27945855259895325,0.5797649621963501
robust_20d_29,3,4,biological,0.19940762221813202,0.43504634499549866
robust_20d_29,3,5,life,0.13313864171504974,0.08935850858688354
robust_20d_29,3,6,selection,0.13087593019008636,0.3992539048194885
robust_20d_29,3,7,science,0.12737135589122772,0.07320090383291245
robust_20d_29,3,8,natural,0.12696391344070435,0.15724697709083557
robust_20d_29,3,9,theory,0.12295783311128616,0.05747421085834503
robust_20d_29,3,10,systems,0.09733625501394272,0.1170555129647255
robust_20d_29,3,11,species,0.0916828140616417,0.2600277364253998
robust_20d_29,3,12,emergence,0.08847372233867645,0.37321406602859497
robust_20d_29,4,1,health,0.3044663667678833,0.3866390287876129
robust_20d_29,4,2,medical,0.20961785316467285,0.3665381968021393
robust_20d_29,4,3,covid,0.16893479228019714,0.4387066662311554
robust_20d_29,4,4,covid 19,0.1649048775434494,0.45310524106025696
robust_20d_29,4,5,19,0.16183917224407196,0.41482144594192505
robust_20d_29,4,6,medicine,0.1508311778306961,0.44967740774154663
robust_20d_29,4,7,ethics,0.14883343875408173,0.10605746507644653
robust_20d_29,4,8,disability,0.14216721057891846,0.6694828867912292
robust_20d_29,4,9,care,0.14120638370513916,0.3004029095172882
robust_20d_29,4,10,patients,0.1380813866853714,0.4413589537143707
robust_20d_29,4,11,pandemic,0.12978991866111755,0.48466283082962036
robust_20d_29,4,12,research,0.12770147621631622,0.08638949692249298
robust_20d_29,5,1,abortion,0.36409232020378113,0.9219174385070801
robust_20d_29,5,2,genetic,0.20506735146045685,0.6259783506393433
robust_20d_29,5,3,children,0.20448113977909088,0.4650285243988037
robust_20d_29,5,4,human,0.16099290549755096,0.09706457704305649
robust_20d_29,5,5,child,0.15834110975265503,0.6319107413291931
robust_20d_29,5,6,reproductive,0.14251583814620972,0.8278944492340088
robust_20d_29,5,7,parents,0.1419331282377243,0.7043681144714355
robust_20d_29,5,8,moral,0.13065338134765625,0.07790129631757736
robust_20d_29,5,9,ethics,0.1163766011595726,0.08292899280786514
robust_20d_29,5,10,organ,0.10985986888408661,0.8838846683502197
robust_20d_29,5,11,pregnancy,0.10407180339097977,0.8948286771774292
robust_20d_29,5,12,life,0.10259758681058884,0.06886030733585358
robust_20d_29,6,1,time,0.36025357246398926,0.3167215883731842
robust_20d_29,6,2,quantum,0.3458831012248993,0.7868186831474304
robust_20d_29,6,3,physics,0.1876993477344513,0.48472851514816284
robust_20d_29,6,4,mechanics,0.18409892916679382,0.7701928019523621
robust_20d_29,6,5,theory,0.17019224166870117,0.07955300062894821
robust_20d_29,6,6,quantum mechanics,0.15530522167682648,0.8452006578445435
robust_20d_29,6,7,space,0.15413761138916016,0.34346723556518555
robust_20d_29,6,8,relativity,0.1363162249326706,0.6293607354164124
robust_20d_29,6,9,temporal,0.13599207997322083,0.4304110109806061
robust_20d_29,6,10,physical,0.11258192360401154,0.20056340098381042
robust_20d_29,6,11,universe,0.10830523818731308,0.3659875988960266
robust_20d_29,6,12,paper,0.08798521012067795,0.042714111506938934
robust_20d_29,7,1,climate,0.43796512484550476,0.8091913461685181
robust_20d_29,7,2,environmental,0.3128262758255005,0.6536466479301453
robust_20d_29,7,3,climate change,0.2740741968154907,0.7967685461044312
robust_20d_29,7,4,change,0.21634291112422943,0.3161754310131073
robust_20d_29,7,5,ecological,0.15758152306079865,0.5817093849182129
robust_20d_29,7,6,ethics,0.13162602484226227,0.09379560500383377
robust_20d_29,7,7,nature,0.12156277894973755,0.1002407968044281
robust_20d_29,7,8,human,0.10508955270051956,0.06335976719856262
robust_20d_29,7,9,global,0.09658648818731308,0.18300949037075043
robust_20d_29,7,10,environment,0.09293372929096222,0.23300495743751526
robust_20d_29,7,11,carbon,0.08969631046056747,0.8373446464538574
robust_20d_29,7,12,ecology,0.08845175802707672,0.626134991645813
robust_20d_29,8,1,animal,0.49749699234962463,0.7507101893424988
robust_20d_29,8,2,animals,0.47767946124076843,0.7666999101638794
robust_20d_29,8,3,food,0.20136244595050812,0.7627546191215515
robust_20d_29,8,4,moral,0.1523783653974533,0.0908546894788742
robust_20d_29,8,5,ethics,0.14653973281383514,0.10442298650741577
robust_20d_29,8,6,rights,0.13539578020572662,0.2707078754901886
robust_20d_29,8,7,animal rights,0.13522489368915558,0.9539461731910706
robust_20d_29,8,8,human,0.12499107420444489,0.07535863667726517
robust_20d_29,8,9,meat,0.1221659705042839,0.9396296739578247
robust_20d_29,8,10,welfare,0.1144300252199173,0.34731030464172363
robust_20d_29,8,11,ethical,0.09552432596683502,0.09985896199941635
robust_20d_29,8,12,animal ethics,0.09128789603710175,0.9607991576194763
robust_20d_29,9,1,science,0.2771054804325104,0.159253790974617
robust_20d_29,9,2,research,0.22142276167869568,0.14979153871536255
robust_20d_29,9,3,wisdom,0.2031680792570114,0.5613086223602295
robust_20d_29,9,4,academic,0.18822579085826874,0.4918070435523987
robust_20d_29,9,5,scientific,0.17708329856395721,0.12954892218112946
robust_20d_29,9,6,knowledge,0.14435908198356628,0.1074802577495575
robust_20d_29,9,7,problems,0.11576243489980698,0.12632016837596893
robust_20d_29,9,8,revolution,0.11160121858119965,0.3747175931930542
robust_20d_29,9,9,review,0.11093761026859283,0.08929604291915894
robust_20d_29,9,10,peer review,0.10925532877445221,0.9071363806724548
robust_20d_29,9,11,interdisciplinarity,0.10745194554328918,0.902013897895813
robust_20d_29,9,12,world,0.10616026073694229,0.07983258366584778
robust_20d_29,10,1,games,0.34912654757499695,0.7773988842964172
robust_20d_29,10,2,sport,0.3041289448738098,0.9826851487159729
robust_20d_29,10,3,game,0.29628852009773254,0.724590003490448
robust_20d_29,10,4,virtual,0.23647849261760712,0.7188348174095154
robust_20d_29,10,5,sports,0.1800873726606369,0.9284741878509521
robust_20d_29,10,6,play,0.12151512503623962,0.2616052031517029
robust_20d_29,10,7,video,0.10366540402173996,0.616906464099884
robust_20d_29,10,8,player,0.10224365442991257,0.8359846472740173
robust_20d_29,10,9,players,0.10167715698480606,0.8400474190711975
robust_20d_29,10,10,athletes,0.09987115859985352,0.9256035089492798
robust_20d_29,10,11,sporting,0.09636363387107849,0.9857768416404724
robust_20d_29,10,12,reality,0.09294071048498154,0.14037968218326569
robust_20d_29,11,1,mental,0.1931189000606537,0.2945619821548462
robust_20d_29,11,2,disorder,0.16522352397441864,0.8037512302398682
robust_20d_29,11,3,psychiatric,0.15672113001346588,0.8454593420028687
robust_20d_29,11,4,self,0.1378462314605713,0.14119869470596313
robust_20d_29,11,5,addiction,0.13460619747638702,0.8773728013038635
robust_20d_29,11,6,psychiatry,0.13049517571926117,0.8275191783905029
robust_20d_29,11,7,disorders,0.1265539973974228,0.7418265342712402
robust_20d_29,11,8,depression,0.10128064453601837,0.7749226689338684
robust_20d_29,11,9,psychopathy,0.09705346822738647,0.9490379691123962
robust_20d_29,11,10,research,0.09695754945278168,0.06559136509895325
robust_20d_29,11,11,experience,0.09565422683954239,0.10902345180511475
robust_20d_29,11,12,illness,0.09311649948358536,0.5661658048629761
robust_20d_29,12,1,technology,0.2798493802547455,0.4699595272541046
robust_20d_29,12,2,digital,0.2264636605978012,0.4983025789260864
robust_20d_29,12,3,information,0.2141769528388977,0.21470026671886444
robust_20d_29,12,4,media,0.20608600974082947,0.5322907567024231
robust_20d_29,12,5,privacy,0.1875740885734558,0.7001771330833435
robust_20d_29,12,6,social,0.17952799797058105,0.13967160880565643
robust_20d_29,12,7,technologies,0.15775145590305328,0.39062201976776123
robust_20d_29,12,8,internet,0.14058883488178253,0.6254032850265503
robust_20d_29,12,9,ethics,0.13843469321727753,0.09864740073680878
robust_20d_29,12,10,technological,0.13710010051727295,0.4762560725212097
robust_20d_29,12,11,online,0.13485349714756012,0.4756091833114624
robust_20d_29,12,12,social media,0.12533360719680786,0.6908267140388489
robust_20d_29,13,1,philosophy,0.210524782538414,0.10585105419158936
robust_20d_29,13,2,nature,0.11255858093500137,0.09281592816114426
robust_20d_29,13,3,book,0.1108359694480896,0.1351265162229538
robust_20d_29,13,4,world,0.11008010804653168,0.08278031647205353
robust_20d_29,13,5,theory,0.10371990501880646,0.04848182201385498
robust_20d_29,13,6,human,0.0949234738945961,0.05723051726818085
robust_20d_29,13,7,social,0.09285231679677963,0.0722384974360466
robust_20d_29,13,8,problem,0.08901848644018173,0.06250248104333878
robust_20d_29,13,9,life,0.08229643851518631,0.05523480847477913
robust_20d_29,13,10,philosophical,0.07558480650186539,0.05986664071679115
robust_20d_29,13,11,point,0.07442103326320648,0.12950946390628815
robust_20d_29,13,12,epistemology,0.07313039153814316,0.11475089192390442
robust_20d_29,14,1,political,0.2136586308479309,0.3148795962333679
robust_20d_29,14,2,education,0.1473482996225357,0.4379429221153259
robust_20d_29,14,3,social,0.1287117451429367,0.100136898458004
robust_20d_29,14,4,study,0.12377894669771194,0.12317479401826859
robust_20d_29,14,5,law,0.11205603182315826,0.25066235661506653
robust_20d_29,14,6,justice,0.11202766001224518,0.23663261532783508
robust_20d_29,14,7,students,0.10451352596282959,0.37622010707855225
robust_20d_29,14,8,philosophy,0.10277634859085083,0.05167555436491966
robust_20d_29,14,9,theory,0.10208498686552048,0.047717612236738205
robust_20d_29,14,10,state,0.09628117084503174,0.16719241440296173
robust_20d_29,14,11,paper,0.09434832632541656,0.04580320790410042
robust_20d_29,14,12,democracy,0.09414147585630417,0.48888498544692993
robust_20d_29,15,1,aggregation,0.3009147346019745,0.835786759853363
robust_20d_29,15,2,decision,0.2767205238342285,0.4163395166397095
robust_20d_29,15,3,choice,0.22298099100589752,0.4354349672794342
robust_20d_29,15,4,judgment aggregation,0.19821272790431976,0.9407407641410828
robust_20d_29,15,5,utility,0.1936340034008026,0.6077519655227661
robust_20d_29,15,6,decision theory,0.17582331597805023,0.8485555648803711
robust_20d_29,15,7,theory,0.17455457150936127,0.08159209042787552
robust_20d_29,15,8,preferences,0.16323667764663696,0.5772972106933594
robust_20d_29,15,9,rationality,0.14294476807117462,0.27514418959617615
robust_20d_29,15,10,judgment,0.13729147613048553,0.3590615689754486
robust_20d_29,15,11,expected,0.13277186453342438,0.4704100787639618
robust_20d_29,15,12,rational,0.12484463304281235,0.22951863706111908
robust_20d_29,16,1,moral,0.5241526961326599,0.31252291798591614
robust_20d_29,16,2,ethics,0.17551571130752563,0.12507103383541107
robust_20d_29,16,3,reasons,0.16872312128543854,0.21833620965480804
robust_20d_29,16,4,morality,0.13972729444503784,0.30256158113479614
robust_20d_29,16,5,free,0.12730512022972107,0.26632601022720337
robust_20d_29,16,6,normative,0.12300105392932892,0.21042267978191376
robust_20d_29,16,7,virtue,0.1166786402463913,0.263621985912323
robust_20d_29,16,8,argue,0.11523982137441635,0.06791627407073975
robust_20d_29,16,9,kant,0.11260237544775009,0.17586803436279297
robust_20d_29,16,10,responsibility,0.1051407977938652,0.2249516099691391
robust_20d_29,16,11,action,0.10256786644458771,0.15039657056331635
robust_20d_29,16,12,good,0.09925083070993423,0.10836144536733627
robust_20d_29,17,1,consciousness,0.3355131149291992,0.5746157169342041
robust_20d_29,17,2,mind,0.20953252911567688,0.28844547271728516
robust_20d_29,17,3,perception,0.17089901864528656,0.37206849455833435
robust_20d_29,17,4,experience,0.1544007509946823,0.17598076164722443
robust_20d_29,17,5,perceptual,0.14847056567668915,0.5015850067138672
robust_20d_29,17,6,cognitive,0.12916073203086853,0.18042932450771332
robust_20d_29,17,7,self,0.11770714074373245,0.12056981027126312
robust_20d_29,17,8,phenomenal,0.11698804795742035,0.49804896116256714
robust_20d_29,17,9,mental,0.1163354367017746,0.17744506895542145
robust_20d_29,17,10,conscious,0.11504115164279938,0.4690609872341156
robust_20d_29,17,11,memory,0.11232268065214157,0.4640619158744812
robust_20d_29,17,12,theory,0.10993828624486923,0.05138847976922989
robust_20d_29,18,1,emotions,0.6211341023445129,0.7635542154312134
robust_20d_29,18,2,emotion,0.41764554381370544,0.7382745146751404
robust_20d_29,18,3,emotional,0.21201229095458984,0.5084173083305359
robust_20d_29,18,4,affective,0.16288542747497559,0.507418692111969
robust_20d_29,18,5,anger,0.16021716594696045,0.8581298589706421
robust_20d_29,18,6,feeling,0.10289090871810913,0.40044641494750977
robust_20d_29,18,7,envy,0.09346375614404678,0.8805755376815796
robust_20d_29,18,8,moral,0.0907723531126976,0.054122474044561386
robust_20d_29,18,9,moods,0.07800285518169403,0.7494221925735474
robust_20d_29,18,10,account,0.07602096349000931,0.05669314041733742
robust_20d_29,18,11,theory,0.0721801146864891,0.03373916819691658
robust_20d_29,18,12,feelings,0.06892579793930054,0.3741775453090668
robust_20d_29,19,1,life,0.40196168422698975,0.269784152507782
robust_20d_29,19,2,death,0.3006606698036194,0.5121225118637085
robust_20d_29,19,3,meaning life,0.2515485882759094,0.8432475924491882
robust_20d_29,19,4,meaning,0.24328632652759552,0.24954578280448914
robust_20d_29,19,5,pleasure,0.2129100263118744,0.618338942527771
robust_20d_29,19,6,happiness,0.16581742465496063,0.6325189471244812
robust_20d_29,19,7,value,0.15080299973487854,0.12917309999465942
robust_20d_29,19,8,hedonism,0.13324807584285736,0.8839322328567505
robust_20d_29,19,9,good,0.13096340000629425,0.1429850310087204
robust_20d_29,19,10,desire,0.12872932851314545,0.35646405816078186
robust_20d_29,19,11,lives,0.1252923309803009,0.2998760938644409
robust_20d_29,19,12,pain,0.09782668203115463,0.34425264596939087
robust_20d_29,20,1,causation,0.5536206364631653,0.7543848156929016
robust_20d_29,20,2,causal,0.41359415650367737,0.5195209980010986
robust_20d_29,20,3,explanation,0.27561473846435547,0.36879608035087585
robust_20d_29,20,4,explanations,0.16546323895454407,0.3974730670452118
robust_20d_29,20,5,cause,0.14441393315792084,0.3677722215652466
robust_20d_29,20,6,explanatory,0.1438540816307068,0.36309975385665894
robust_20d_29,20,7,causes,0.13060031831264496,0.3702203035354614
robust_20d_29,20,8,scientific explanation,0.09354990720748901,0.7864892482757568
robust_20d_29,20,9,scientific,0.08806639909744263,0.06442678719758987
robust_20d_29,20,10,theory,0.087598517537117,0.040946196764707565
robust_20d_29,20,11,account,0.08383027464151382,0.06251698732376099
robust_20d_29,20,12,hume,0.0824626237154007,0.29010429978370667
robust_20d_29,21,1,scientific,0.4796634614467621,0.35090768337249756
robust_20d_29,21,2,science,0.40035831928253174,0.2300877720117569
robust_20d_29,21,3,realism,0.3125480115413666,0.3867930471897125
robust_20d_29,21,4,scientific realism,0.23337912559509277,0.8940104842185974
robust_20d_29,21,5,theories,0.17670433223247528,0.1684153527021408
robust_20d_29,21,6,progress,0.17314064502716064,0.39127159118652344
robust_20d_29,21,7,scientific progress,0.13570678234100342,0.8690981268882751
robust_20d_29,21,8,popper,0.10728438943624496,0.6849160194396973
robust_20d_29,21,9,philosophy science,0.0985676497220993,0.29668498039245605
robust_20d_29,21,10,induction,0.09540838748216629,0.549801766872406
robust_20d_29,21,11,scientific theories,0.0949142575263977,0.7164206504821777
robust_20d_29,21,12,theory,0.08371847867965698,0.03913255035877228
robust_20d_29,22,1,philosophy,0.33692678809165955,0.1694054901599884
robust_20d_29,22,2,god,0.22027522325515747,0.34366023540496826
robust_20d_29,22,3,religious,0.17607185244560242,0.39508017897605896
robust_20d_29,22,4,religion,0.16539932787418365,0.4199230372905731
robust_20d_29,22,5,philosophical,0.15528827905654907,0.12299545854330063
robust_20d_29,22,6,history,0.12309733778238297,0.16781820356845856
robust_20d_29,22,7,review,0.11539433896541595,0.09288336336612701
robust_20d_29,22,8,faith,0.10989376902580261,0.496245414018631
robust_20d_29,22,9,divine,0.10908106714487076,0.532620906829834
robust_20d_29,22,10,plato,0.10237301886081696,0.288869172334671
robust_20d_29,22,11,theology,0.09682659059762955,0.40072721242904663
robust_20d_29,22,12,paper,0.08983010053634644,0.043609749525785446
robust_20d_29,23,1,art,0.5097782015800476,0.6057050228118896
robust_20d_29,23,2,aesthetic,0.448297381401062,0.7425817251205444
robust_20d_29,23,3,aesthetics,0.26842883229255676,0.608224093914032
robust_20d_29,23,4,beauty,0.16937404870986938,0.5622808337211609
robust_20d_29,23,5,film,0.12210225313901901,0.6377077102661133
robust_20d_29,23,6,artworks,0.09890859574079514,0.8718903064727783
robust_20d_29,23,7,experience,0.08005794137716293,0.09124733507633209
robust_20d_29,23,8,philosophy,0.07968448847532272,0.04006505385041237
robust_20d_29,23,9,theory,0.07573314756155014,0.035399965941905975
robust_20d_29,23,10,kant,0.07436730712652206,0.11615058779716492
robust_20d_29,23,11,artistic,0.07371147722005844,0.5330896377563477
robust_20d_29,23,12,work,0.07257963716983795,0.06666871160268784
robust_20d_29,24,1,music,0.6667808890342712,0.8719774484634399
robust_20d_29,24,2,musical,0.4666712284088135,0.9503130912780762
robust_20d_29,24,3,sound,0.12410172075033188,0.48555096983909607
robust_20d_29,24,4,musical works,0.0928589478135109,0.9749222993850708
robust_20d_29,24,5,improvisation,0.08902393281459808,0.9317381381988525
robust_20d_29,24,6,art,0.079099141061306,0.09398351609706879
robust_20d_29,24,7,sounds,0.077545166015625,0.7070598006248474
robust_20d_29,24,8,listening,0.07393411546945572,0.7652572393417358
robust_20d_29,24,9,experience,0.07120361924171448,0.08115547895431519
robust_20d_29,24,10,performance,0.06774183362722397,0.17846287786960602
robust_20d_29,24,11,works,0.06547529995441437,0.17008672654628754
robust_20d_29,24,12,wittgenstein,0.06464263796806335,0.1604752093553543
robust_20d_29,25,1,modal,0.542595624923706,0.746544599533081
robust_20d_29,25,2,modality,0.3394734859466553,0.842631995677948
robust_20d_29,25,3,worlds,0.22461463510990143,0.5176083445549011
robust_20d_29,25,4,necessity,0.18286800384521484,0.49815574288368225
robust_20d_29,25,5,essence,0.16848941147327423,0.5223433375358582
robust_20d_29,25,6,possible,0.15104927122592926,0.1694745123386383
robust_20d_29,25,7,possible worlds,0.1422920823097229,0.7498949766159058
robust_20d_29,25,8,possibility,0.13771244883537292,0.2371351718902588
robust_20d_29,25,9,logic,0.12036117166280746,0.1300496757030487
robust_20d_29,25,10,semantics,0.11605294048786163,0.2326960265636444
robust_20d_29,25,11,metaphysical,0.11222772300243378,0.22278636693954468
robust_20d_29,25,12,modal realism,0.10714386403560638,0.8762189149856567
robust_20d_29,26,1,logic,0.3881158232688904,0.4193573296070099
robust_20d_29,26,2,mathematics,0.2570571005344391,0.5791031718254089
robust_20d_29,26,3,truth,0.23442330956459045,0.2547365725040436
robust_20d_29,26,4,mathematical,0.1830136477947235,0.4375312328338623
robust_20d_29,26,5,logics,0.18292707204818726,0.7187627553939819
robust_20d_29,26,6,theory,0.16391120851039886,0.0766170546412468
robust_20d_29,26,7,logical,0.1327570527791977,0.2487359344959259
robust_20d_29,26,8,proof,0.12655802071094513,0.48509445786476135
robust_20d_29,26,9,vagueness,0.11882051825523376,0.6231364607810974
robust_20d_29,26,10,set,0.11643359810113907,0.19546175003051758
robust_20d_29,26,11,arithmetic,0.10235036909580231,0.8096189498901367
robust_20d_29,26,12,theorem,0.09991941601037979,0.42067253589630127
robust_20d_29,27,1,belief,0.34909534454345703,0.4790942668914795
robust_20d_29,27,2,knowledge,0.33986547589302063,0.25304141640663147
robust_20d_29,27,3,epistemic,0.3337985575199127,0.33208659291267395
robust_20d_29,27,4,evidence,0.15736325085163116,0.2005675733089447
robust_20d_29,27,5,justification,0.15434110164642334,0.363359659910202
robust_20d_29,27,6,beliefs,0.14970621466636658,0.29094770550727844
robust_20d_29,27,7,epistemology,0.14062222838401794,0.2206541746854782
robust_20d_29,27,8,argue,0.1060236245393753,0.0624847337603569
robust_20d_29,27,9,truth,0.10083270072937012,0.10957005620002747
robust_20d_29,27,10,paper,0.09833913296461105,0.047740623354911804
robust_20d_29,27,11,doxastic,0.09788163006305695,0.6442136764526367
robust_20d_29,27,12,rational,0.09514619410037994,0.17492002248764038
robust_20d_29,28,1,language,0.3392150104045868,0.358268678188324
robust_20d_29,28,2,meaning,0.21969455480575562,0.22534702718257904
robust_20d_29,28,3,linguistic,0.20197060704231262,0.6139925718307495
robust_20d_29,28,4,semantics,0.19915476441383362,0.3993222713470459
robust_20d_29,28,5,semantic,0.18590380251407623,0.3536050617694855
robust_20d_29,28,6,reference,0.14706411957740784,0.32123056054115295
robust_20d_29,28,7,theory,0.12581095099449158,0.058807846158742905
robust_20d_29,28,8,paper,0.11738960444927216,0.05698904022574425
robust_20d_29,28,9,truth,0.10776819288730621,0.11710652709007263
robust_20d_29,28,10,names,0.10488665848970413,0.612544059753418
robust_20d_29,28,11,speech,0.09962360560894012,0.4199616312980652
robust_20d_29,28,12,pragmatics,0.08891866356134415,0.8715111017227173
direct_2d_70,0,1,nietzsche,0.1260865479707718,0.18194596469402313
direct_2d_70,0,2,philosophy,0.11683646589517593,0.024971356615424156
direct_2d_70,0,3,problem,0.11313951760530472,0.038369566202163696
direct_2d_70,0,4,human,0.11259041726589203,0.034622132778167725
direct_2d_70,0,5,theory,0.09885255247354507,0.02106696180999279
direct_2d_70,0,6,moral,0.09792586416006088,0.03403302654623985
direct_2d_70,0,7,wonder,0.08416523784399033,0.4432113766670227
direct_2d_70,0,8,new,0.08186138421297073,0.026580151170492172
direct_2d_70,0,9,article,0.07995885610580444,0.03542184829711914
direct_2d_70,0,10,democratic,0.0788344070315361,0.13882052898406982
direct_2d_70,0,11,argue,0.07850255817174911,0.02145794965326786
direct_2d_70,0,12,non,0.07724340260028839,0.03154294565320015
direct_2d_70,1,1,neutrosophic,0.7449208498001099,0.9632017016410828
direct_2d_70,1,2,set,0.15763792395591736,0.10658677667379379
direct_2d_70,1,3,sets,0.14927811920642853,0.21549475193023682
direct_2d_70,1,4,fuzzy,0.14613176882266998,0.6033568382263184
direct_2d_70,1,5,neutrosophic set,0.12245666980743408,1.0
direct_2d_70,1,6,neutrosophic sets,0.11960969120264053,0.869167149066925
direct_2d_70,1,7,soft,0.09776276350021362,0.49990400671958923
direct_2d_70,1,8,valued neutrosophic,0.08881523460149765,1.0
direct_2d_70,1,9,paper,0.08859055489301682,0.019041066989302635
direct_2d_70,1,10,valued,0.08815295994281769,0.3495555818080902
direct_2d_70,1,11,structures,0.08093354105949402,0.13802412152290344
direct_2d_70,1,12,applications,0.08004197478294373,0.14379443228244781
direct_2d_70,2,1,using,0.21210819482803345,0.12225120514631271
direct_2d_70,2,2,tutoring,0.20852752029895782,0.9963458180427551
direct_2d_70,2,3,controllers,0.20692241191864014,0.9870027303695679
direct_2d_70,2,4,intelligent tutoring,0.2059008777141571,1.0
direct_2d_70,2,5,cloud,0.17743432521820068,0.7871037125587463
direct_2d_70,2,6,controller,0.1762417107820511,0.996001124382019
direct_2d_70,2,7,control,0.17468251287937164,0.16868625581264496
direct_2d_70,2,8,intelligent,0.17296549677848816,0.4117434620857239
direct_2d_70,2,9,computing,0.15336088836193085,0.52064049243927
direct_2d_70,2,10,cloud computing,0.125090554356575,0.955332338809967
direct_2d_70,2,11,designed,0.11786539107561111,0.24054233729839325
direct_2d_70,2,12,paper,0.11263754963874817,0.02420956827700138
direct_2d_70,3,1,games,0.3728814125061035,0.640310525894165
direct_2d_70,3,2,game,0.35132619738578796,0.6068284511566162
direct_2d_70,3,3,sport,0.29194849729537964,0.963311493396759
direct_2d_70,3,4,sports,0.17060716450214386,0.8834773302078247
direct_2d_70,3,5,play,0.10479531437158585,0.13251696527004242
direct_2d_70,3,6,player,0.10005117952823639,0.7696858644485474
direct_2d_70,3,7,players,0.09981024265289307,0.65040123462677
direct_2d_70,3,8,athletes,0.09461371600627899,0.9115379452705383
direct_2d_70,3,9,sporting,0.09129084646701813,0.9870046377182007
direct_2d_70,3,10,social,0.08518610894680023,0.029179604724049568
direct_2d_70,3,11,video,0.08377622812986374,0.34590569138526917
direct_2d_70,3,12,dilemma,0.07962129265069962,0.13795410096645355
direct_2d_70,4,1,ontology,0.4817279279232025,0.2497699111700058
direct_2d_70,4,2,ontologies,0.3236759603023529,0.7019744515419006
direct_2d_70,4,3,biomedical,0.1809038668870926,0.5454303622245789
direct_2d_70,4,4,data,0.1710607260465622,0.10540782660245895
direct_2d_70,4,5,information,0.15711279213428497,0.08540770411491394
direct_2d_70,4,6,ontological,0.12511476874351501,0.09059207886457443
direct_2d_70,4,7,formal,0.11963940411806107,0.12638913094997406
direct_2d_70,4,8,domain,0.10527294129133224,0.18565796315670013
direct_2d_70,4,9,based,0.10406375676393509,0.04121994227170944
direct_2d_70,4,10,representation,0.10023357719182968,0.10976205766201019
direct_2d_70,4,11,systems,0.0930853933095932,0.0645192340016365
direct_2d_70,4,12,formal ontology,0.09144419431686401,0.6197182536125183
direct_2d_70,5,1,collective,0.4440394937992096,0.4253229796886444
direct_2d_70,5,2,group,0.39992013573646545,0.34529873728752136
direct_2d_70,5,3,agency,0.22573406994342804,0.20080360770225525
direct_2d_70,5,4,groups,0.20357061922550201,0.2674923241138458
direct_2d_70,5,5,action,0.19141262769699097,0.11882331967353821
direct_2d_70,5,6,agents,0.16582445800304413,0.17627668380737305
direct_2d_70,5,7,joint,0.16167472302913666,0.44675448536872864
direct_2d_70,5,8,shared,0.15956349670886993,0.23546120524406433
direct_2d_70,5,9,individual,0.14709196984767914,0.10975482314825058
direct_2d_70,5,10,shared agency,0.11548543721437454,0.9924080967903137
direct_2d_70,5,11,social,0.11295892298221588,0.038692887872457504
direct_2d_70,5,12,group agents,0.1096029281616211,0.9209703207015991
direct_2d_70,6,1,technology,0.3643374741077423,0.35128992795944214
direct_2d_70,6,2,technological,0.21745099127292633,0.4410229027271271
direct_2d_70,6,3,information,0.20517206192016602,0.11153309047222137
direct_2d_70,6,4,technologies,0.1846771091222763,0.2799595594406128
direct_2d_70,6,5,human,0.16602839529514313,0.051054585725069046
direct_2d_70,6,6,ethics,0.1639237254858017,0.065193772315979
direct_2d_70,6,7,digital,0.1491713672876358,0.1961720585823059
direct_2d_70,6,8,design,0.14768576622009277,0.1642339527606964
direct_2d_70,6,9,virtual,0.13268405199050903,0.3544195890426636
direct_2d_70,6,10,ethical,0.12852807343006134,0.07751616090536118
direct_2d_70,6,11,philosophy,0.12247035652399063,0.02617548406124115
direct_2d_70,6,12,new,0.09778647869825363,0.031750984489917755
direct_2d_70,7,1,accuracy,0.19231931865215302,0.45965126156806946
direct_2d_70,7,2,dataset,0.18612171709537506,0.6451451182365417
direct_2d_70,7,3,using,0.1838012933731079,0.10593616962432861
direct_2d_70,7,4,model,0.17886386811733246,0.08713269978761673
direct_2d_70,7,5,neural,0.17418652772903442,0.31660738587379456
direct_2d_70,7,6,expert,0.17238198220729828,0.4544984698295593
direct_2d_70,7,7,learning,0.1620354950428009,0.15117999911308289
direct_2d_70,7,8,neural network,0.1584819108247757,0.7359815239906311
direct_2d_70,7,9,network,0.1485598087310791,0.2682742178440094
direct_2d_70,7,10,disease,0.14287026226520538,0.27806365489959717
direct_2d_70,7,11,deep learning,0.1412430852651596,0.8684285879135132
direct_2d_70,7,12,data,0.1339646428823471,0.08254917711019516
direct_2d_70,8,1,media,0.3249772787094116,0.47664499282836914
direct_2d_70,8,2,privacy,0.25225937366485596,0.606689989566803
direct_2d_70,8,3,social,0.2206350862979889,0.07557622343301773
direct_2d_70,8,4,digital,0.2153327614068985,0.28317946195602417
direct_2d_70,8,5,social media,0.20349711179733276,0.6591041088104248
direct_2d_70,8,6,online,0.19380232691764832,0.3770277500152588
direct_2d_70,8,7,internet,0.17218786478042603,0.4423080086708069
direct_2d_70,8,8,information,0.15088225901126862,0.08202073723077774
direct_2d_70,8,9,data,0.11898503452539444,0.0733187273144722
direct_2d_70,8,10,news,0.10381703078746796,0.4557282030582428
direct_2d_70,8,11,public,0.09742767363786697,0.07686322182416916
direct_2d_70,8,12,pornography,0.09537910670042038,0.6495069861412048
direct_2d_70,9,1,evolutionary,0.3371456563472748,0.5181660056114197
direct_2d_70,9,2,evolution,0.3027174770832062,0.3520317077636719
direct_2d_70,9,3,biology,0.2951759099960327,0.5642670392990112
direct_2d_70,9,4,biological,0.1918790638446808,0.28935426473617554
direct_2d_70,9,5,life,0.13359129428863525,0.05323466286063194
direct_2d_70,9,6,natural,0.1305750161409378,0.0778229758143425
direct_2d_70,9,7,science,0.126022070646286,0.03807544708251953
direct_2d_70,9,8,selection,0.12467283755540848,0.24081675708293915
direct_2d_70,9,9,theory,0.12123745679855347,0.025837520137429237
direct_2d_70,9,10,human,0.10683519393205643,0.03285237029194832
direct_2d_70,9,11,species,0.09826333075761795,0.14857280254364014
direct_2d_70,9,12,systems,0.09314685314893723,0.06456183642148972
direct_2d_70,10,1,animal,0.5266340374946594,0.5150288343429565
direct_2d_70,10,2,animals,0.5020536780357361,0.5290191769599915
direct_2d_70,10,3,moral,0.15527278184890747,0.053963299840688705
direct_2d_70,10,4,ethics,0.14493823051452637,0.05764308571815491
direct_2d_70,10,5,animal rights,0.1430198699235916,0.870324432849884
direct_2d_70,10,6,rights,0.13927535712718964,0.1323925256729126
direct_2d_70,10,7,human,0.1258714199066162,0.038706108927726746
direct_2d_70,10,8,meat,0.12254848331212997,0.8244398832321167
direct_2d_70,10,9,welfare,0.11888644844293594,0.2537544369697571
direct_2d_70,10,10,food,0.10912173241376877,0.22513167560100555
direct_2d_70,10,11,animal ethics,0.09603238850831985,0.901531457901001
direct_2d_70,10,12,humans,0.09486474841833115,0.12786561250686646
direct_2d_70,11,1,food,0.25702163577079773,0.5302675366401672
direct_2d_70,11,2,study,0.16570352017879486,0.06790266931056976
direct_2d_70,11,3,energy,0.14635877311229706,0.2805657386779785
direct_2d_70,11,4,species,0.14405198395252228,0.21780462563037872
direct_2d_70,11,5,agricultural,0.13234825432300568,0.6857703924179077
direct_2d_70,11,6,different,0.11777505278587341,0.04803958162665367
direct_2d_70,11,7,buildings,0.11084068566560745,0.8526464700698853
direct_2d_70,11,8,agriculture,0.1068885549902916,0.5781340003013611
direct_2d_70,11,9,fish,0.10021597146987915,0.576524019241333
direct_2d_70,11,10,using,0.09727893024682999,0.05606792867183685
direct_2d_70,11,11,production,0.09603316336870193,0.19001014530658722
direct_2d_70,11,12,water,0.09214993566274643,0.24304670095443726
direct_2d_70,12,1,conditionals,0.5817432403564453,0.8667928576469421
direct_2d_70,12,2,counterfactuals,0.41467955708503723,0.726116418838501
direct_2d_70,12,3,conditional,0.3207998275756836,0.55926913022995
direct_2d_70,12,4,indicative,0.17888247966766357,0.7679679989814758
direct_2d_70,12,5,indicative conditionals,0.16318807005882263,0.9519338011741638
direct_2d_70,12,6,counterfactual,0.14302310347557068,0.388705849647522
direct_2d_70,12,7,counterpossibles,0.12410574406385422,0.8054081797599792
direct_2d_70,12,8,semantics,0.11451824009418488,0.1154990941286087
direct_2d_70,12,9,antecedent,0.10607453435659409,0.676407516002655
direct_2d_70,12,10,stalnaker,0.09534484148025513,0.5853046178817749
direct_2d_70,12,11,truth,0.08386028558015823,0.041458576917648315
direct_2d_70,12,12,theory,0.07542581856250763,0.016074374318122864
direct_2d_70,13,1,climate,0.6569355130195618,0.6191554069519043
direct_2d_70,13,2,climate change,0.38914382457733154,0.5956248641014099
direct_2d_70,13,3,change,0.2919311225414276,0.20896120369434357
direct_2d_70,13,4,carbon,0.14038877189159393,0.6979464292526245
direct_2d_70,13,5,geoengineering,0.12706023454666138,0.9567172527313232
direct_2d_70,13,6,emissions,0.11864679306745529,0.740541398525238
direct_2d_70,13,7,justice,0.07915807515382767,0.06253305077552795
direct_2d_70,13,8,global,0.07786726951599121,0.06635452061891556
direct_2d_70,13,9,climate science,0.07305778563022614,0.9255242347717285
direct_2d_70,13,10,ethics,0.06135713681578636,0.02440222166478634
direct_2d_70,13,11,policy,0.06009049713611603,0.07804454863071442
direct_2d_70,13,12,moral,0.060021039098501205,0.02085963264107704
direct_2d_70,14,1,environmental,0.4265911877155304,0.49859651923179626
direct_2d_70,14,2,ecological,0.25121039152145386,0.5576691627502441
direct_2d_70,14,3,nature,0.17312297224998474,0.06924272328615189
direct_2d_70,14,4,ecology,0.14598281681537628,0.5137922167778015
direct_2d_70,14,5,ethics,0.1454995572566986,0.057866331189870834
direct_2d_70,14,6,conservation,0.14038778841495514,0.4693778157234192
direct_2d_70,14,7,environment,0.13306264579296112,0.15957584977149963
direct_2d_70,14,8,human,0.12924686074256897,0.03974407538771629
direct_2d_70,14,9,climate,0.11415079981088638,0.10758602619171143
direct_2d_70,14,10,sustainability,0.11337317526340485,0.4399018883705139
direct_2d_70,14,11,environmental ethics,0.11187545955181122,0.7295029759407043
direct_2d_70,14,12,biodiversity,0.1050330325961113,0.6062648892402649
direct_2d_70,15,1,health,0.3146302103996277,0.2649337351322174
direct_2d_70,15,2,medical,0.26046594977378845,0.3059326112270355
direct_2d_70,15,3,medicine,0.2241162806749344,0.4503234624862671
direct_2d_70,15,4,care,0.18018318712711334,0.2372499406337738
direct_2d_70,15,5,ethics,0.16809135675430298,0.06685126572847366
direct_2d_70,15,6,research,0.16060955822467804,0.060312844812870026
direct_2d_70,15,7,clinical,0.14416630566120148,0.3084816634654999
direct_2d_70,15,8,patient,0.1430997997522354,0.38349848985671997
direct_2d_70,15,9,patients,0.13007430732250214,0.3468760550022125
direct_2d_70,15,10,ethical,0.1280924677848816,0.07725343853235245
direct_2d_70,15,11,consent,0.12676474452018738,0.23085688054561615
direct_2d_70,15,12,euthanasia,0.12441594898700714,0.7247054576873779
direct_2d_70,16,1,covid,0.3812108635902405,0.5071784853935242
direct_2d_70,16,2,covid 19,0.3754027485847473,0.5197187066078186
direct_2d_70,16,3,19,0.36092931032180786,0.4679054915904999
direct_2d_70,16,4,pandemic,0.2682116627693176,0.4686169922351837
direct_2d_70,16,5,vaccine,0.220831036567688,0.9071500897407532
direct_2d_70,16,6,vaccination,0.19042912125587463,0.9387367367744446
direct_2d_70,16,7,health,0.14523382484912872,0.12229384481906891
direct_2d_70,16,8,19 pandemic,0.11789528280496597,0.4413292706012726
direct_2d_70,16,9,vaccines,0.11185276508331299,0.8951625823974609
direct_2d_70,16,10,virus,0.09318606555461884,0.4755454957485199
direct_2d_70,16,11,disease,0.0900859534740448,0.17533130943775177
direct_2d_70,16,12,risk,0.08700867742300034,0.09970340877771378
direct_2d_70,17,1,abortion,0.4328731894493103,0.9122632145881653
direct_2d_70,17,2,genetic,0.2552209794521332,0.5958399176597595
direct_2d_70,17,3,human,0.16856710612773895,0.05183525010943413
direct_2d_70,17,4,reproductive,0.166568785905838,0.7194287776947021
direct_2d_70,17,5,fetus,0.12478478252887726,0.9410644173622131
direct_2d_70,17,6,ethics,0.12437987327575684,0.04946686327457428
direct_2d_70,17,7,moral,0.1196850836277008,0.04159519821405411
direct_2d_70,17,8,pregnancy,0.11826018989086151,0.8452650904655457
direct_2d_70,17,9,eugenics,0.11563806980848312,0.796668529510498
direct_2d_70,17,10,ethical,0.10628556460142136,0.06410154700279236
direct_2d_70,17,11,enhancement,0.1021304503083229,0.28016397356987
direct_2d_70,17,12,argument,0.09778779000043869,0.033785223960876465
direct_2d_70,18,1,science,0.3703136146068573,0.11188402026891708
direct_2d_70,18,2,scientific,0.29345229268074036,0.13211604952812195
direct_2d_70,18,3,research,0.22011910378932953,0.08266014605760574
direct_2d_70,18,4,review,0.1396317481994629,0.046557605266571045
direct_2d_70,18,5,social,0.13328395783901215,0.0456550158560276
direct_2d_70,18,6,peer,0.12042646110057831,0.4785979092121124
direct_2d_70,18,7,peer review,0.1133636087179184,0.8840617537498474
direct_2d_70,18,8,philosophy science,0.11136988550424576,0.1589389592409134
direct_2d_70,18,9,academic,0.11111968010663986,0.1915738433599472
direct_2d_70,18,10,interdisciplinarity,0.10951144993305206,0.8428919315338135
direct_2d_70,18,11,publishing,0.10846156626939774,0.5231555104255676
direct_2d_70,18,12,epistemic,0.10172084718942642,0.05409441888332367
direct_2d_70,19,1,sexual,0.6233504414558411,0.7163419127464294
direct_2d_70,19,2,sex,0.3480139374732971,0.4812900424003601
direct_2d_70,19,3,marriage,0.2796837091445923,0.7505159378051758
direct_2d_70,19,4,consent,0.2293456345796585,0.41767147183418274
direct_2d_70,19,5,rape,0.15171098709106445,0.7433176040649414
direct_2d_70,19,6,sexuality,0.11999457329511642,0.6137639284133911
direct_2d_70,19,7,sexual orientation,0.10953055322170258,0.8577569723129272
direct_2d_70,19,8,women,0.09217720478773117,0.11043639481067657
direct_2d_70,19,9,harassment,0.091840960085392,0.7662688493728638
direct_2d_70,19,10,orientation,0.08974316716194153,0.2782234847545624
direct_2d_70,19,11,prostitution,0.08676592260599136,0.7300189733505249
direct_2d_70,19,12,sexual harassment,0.07941251248121262,0.8957295417785645
direct_2d_70,20,1,gender,0.4622267782688141,0.5174426436424255
direct_2d_70,20,2,feminist,0.4117300808429718,0.6113429665565491
direct_2d_70,20,3,women,0.33311575651168823,0.39910197257995605
direct_2d_70,20,4,feminism,0.2100670039653778,0.7135231494903564
direct_2d_70,20,5,philosophy,0.12537944316864014,0.02679724059998989
direct_2d_70,20,6,woman,0.1127641499042511,0.5274405479431152
direct_2d_70,20,7,trans,0.11048699170351028,0.5047451257705688
direct_2d_70,20,8,social,0.1103605329990387,0.037802837789058685
direct_2d_70,20,9,sex,0.09858174622058868,0.13633480668067932
direct_2d_70,20,10,gendered,0.0832221508026123,0.734643816947937
direct_2d_70,20,11,identity,0.08296371251344681,0.04651513695716858
direct_2d_70,20,12,oppression,0.08094830065965652,0.35435572266578674
direct_2d_70,21,1,aggregation,0.28770825266838074,0.7532130479812622
direct_2d_70,21,2,decision,0.2546306252479553,0.22654220461845398
direct_2d_70,21,3,choice,0.21378928422927856,0.24716195464134216
direct_2d_70,21,4,risk,0.20970332622528076,0.24029943346977234
direct_2d_70,21,5,judgment aggregation,0.17846977710723877,0.9172075390815735
direct_2d_70,21,6,utility,0.17592737078666687,0.4730568528175354
direct_2d_70,21,7,theory,0.15688684582710266,0.03343494236469269
direct_2d_70,21,8,decision theory,0.15261903405189514,0.7464954257011414
direct_2d_70,21,9,preferences,0.14661811292171478,0.3877958357334137
direct_2d_70,21,10,rationality,0.14288108050823212,0.15775322914123535
direct_2d_70,21,11,expected,0.1296928972005844,0.3036525547504425
direct_2d_70,21,12,rational,0.12399113178253174,0.12403222918510437
direct_2d_70,22,1,kant,0.5458528399467468,0.25857046246528625
direct_2d_70,22,2,idealism,0.38431230187416077,0.5820646286010742
direct_2d_70,22,3,transcendental,0.21244074404239655,0.33911609649658203
direct_2d_70,22,4,deduction,0.15943756699562073,0.4316213130950928
direct_2d_70,22,5,intuition,0.12168937176465988,0.22550895810127258
direct_2d_70,22,6,kantian,0.10868815332651138,0.1662081480026245
direct_2d_70,22,7,transcendental idealism,0.09111381322145462,0.6141375303268433
direct_2d_70,22,8,understanding,0.09095103293657303,0.039120323956012726
direct_2d_70,22,9,transcendental deduction,0.09075982123613358,0.8451709151268005
direct_2d_70,22,10,cognition,0.08940175920724869,0.0836336612701416
direct_2d_70,22,11,critique,0.08861290663480759,0.07382333278656006
direct_2d_70,22,12,categories,0.08749662339687347,0.14163322746753693
direct_2d_70,23,1,memory,0.7591900825500488,0.6483163833618164
direct_2d_70,23,2,episodic,0.22088953852653503,0.8196570873260498
direct_2d_70,23,3,remembering,0.19690655171871185,0.7488772869110107
direct_2d_70,23,4,episodic memory,0.16563677787780762,0.8566123843193054
direct_2d_70,23,5,memories,0.1455542892217636,0.6233463287353516
direct_2d_70,23,6,past,0.1419491469860077,0.158283069729805
direct_2d_70,23,7,forgetting,0.09969724714756012,0.7552148103713989
direct_2d_70,23,8,mental time,0.08804808557033539,0.8801232576370239
direct_2d_70,23,9,mental,0.08542042970657349,0.06195572018623352
direct_2d_70,23,10,philosophy memory,0.08324407786130905,1.0
direct_2d_70,23,11,time travel,0.07821100205183029,0.3672160506248474
direct_2d_70,23,12,remember,0.07112816721200943,0.6678489446640015
direct_2d_70,24,1,music,0.6443375945091248,0.7758558988571167
direct_2d_70,24,2,musical,0.45914676785469055,0.846535861492157
direct_2d_70,24,3,sound,0.12701983749866486,0.3106299936771393
direct_2d_70,24,4,musical works,0.09207707643508911,0.9728921055793762
direct_2d_70,24,5,art,0.08422593772411346,0.07181134074926376
direct_2d_70,24,6,sounds,0.07810209691524506,0.48549267649650574
direct_2d_70,24,7,experience,0.07770567387342453,0.04227447882294655
direct_2d_70,24,8,performance,0.07444901019334793,0.09166557341814041
direct_2d_70,24,9,improvisation,0.07312683761119843,0.7378329038619995
direct_2d_70,24,10,listening,0.07118918746709824,0.5127694606781006
direct_2d_70,24,11,works,0.06781765818595886,0.08423974364995956
direct_2d_70,24,12,emotions,0.06450174003839493,0.07049460709095001
direct_2d_70,25,1,ai,0.46174687147140503,0.5640095472335815
direct_2d_70,25,2,artificial,0.32249152660369873,0.34460681676864624
direct_2d_70,25,3,intelligence,0.3102288842201233,0.37953221797943115
direct_2d_70,25,4,artificial intelligence,0.23889726400375366,0.4392946660518646
direct_2d_70,25,5,human,0.17555856704711914,0.05398516356945038
direct_2d_70,25,6,machine,0.15369917452335358,0.24649815261363983
direct_2d_70,25,7,robots,0.13950058817863464,0.8007528185844421
direct_2d_70,25,8,robot,0.11973188072443008,0.7660211324691772
direct_2d_70,25,9,systems,0.11592824012041092,0.08035203814506531
direct_2d_70,25,10,machines,0.10716404765844345,0.3002485930919647
direct_2d_70,25,11,ethical,0.0972176343202591,0.05863261967897415
direct_2d_70,25,12,moral,0.09678243845701218,0.033635642379522324
direct_2d_70,26,1,quantum,0.6248209476470947,0.5614516139030457
direct_2d_70,26,2,mechanics,0.32931405305862427,0.5544161796569824
direct_2d_70,26,3,quantum mechanics,0.2957548201084137,0.6253575086593628
direct_2d_70,26,4,physics,0.1953693926334381,0.2205735594034195
direct_2d_70,26,5,theory,0.13400356471538544,0.028558170422911644
direct_2d_70,26,6,quantum theory,0.11245176941156387,0.6986252665519714
direct_2d_70,26,7,physical,0.09740665555000305,0.09119988232851028
direct_2d_70,26,8,wave,0.09448011964559555,0.3095056116580963
direct_2d_70,26,9,measurement,0.08481240272521973,0.275430291891098
direct_2d_70,26,10,interpretation,0.08476313203573227,0.05431238189339638
direct_2d_70,26,11,wave function,0.0817030519247055,0.6739345192909241
direct_2d_70,26,12,classical,0.08157957345247269,0.0968327447772026
direct_2d_70,27,1,time,0.6181681752204895,0.22886794805526733
direct_2d_70,27,2,temporal,0.3056359887123108,0.4279772937297821
direct_2d_70,27,3,future,0.17394712567329407,0.11344100534915924
direct_2d_70,27,4,presentism,0.1602756530046463,0.8039730787277222
direct_2d_70,27,5,past,0.1404571682214737,0.15661941468715668
direct_2d_70,27,6,present,0.11439552903175354,0.05945635214447975
direct_2d_70,27,7,theory,0.10812846571207047,0.0230437982827425
direct_2d_70,27,8,passage,0.10764911770820618,0.38914164900779724
direct_2d_70,27,9,space,0.10420317202806473,0.10203589498996735
direct_2d_70,27,10,aristotle,0.09298862516880035,0.09372296184301376
direct_2d_70,27,11,view,0.09241420030593872,0.03157662972807884
direct_2d_70,27,12,tense,0.08429640531539917,0.59743732213974
direct_2d_70,28,1,relativity,0.276409387588501,0.5836670398712158
direct_2d_70,28,2,quantum,0.26681631803512573,0.2397557944059372
direct_2d_70,28,3,time,0.2270263284444809,0.08405326306819916
direct_2d_70,28,4,physics,0.18815113604068756,0.21242409944534302
direct_2d_70,28,5,space,0.1874675452709198,0.18356849253177643
direct_2d_70,28,6,gravity,0.17303821444511414,0.7661573886871338
direct_2d_70,28,7,universe,0.17161376774311066,0.2457774579524994
direct_2d_70,28,8,theory,0.1699301153421402,0.03621465712785721
direct_2d_70,28,9,spacetime,0.1640060395002365,0.8032719492912292
direct_2d_70,28,10,cosmology,0.13395674526691437,0.6303653717041016
direct_2d_70,28,11,mechanics,0.13230179250240326,0.22273649275302887
direct_2d_70,28,12,einstein,0.11770684272050858,0.4847029745578766
direct_2d_70,29,1,love,0.4058590233325958,0.4595358669757843
direct_2d_70,29,2,life,0.37017732858657837,0.14751160144805908
direct_2d_70,29,3,death,0.34163638949394226,0.38681158423423767
direct_2d_70,29,4,meaning life,0.23539692163467407,0.6634732484817505
direct_2d_70,29,5,meaning,0.23185484111309052,0.11716727167367935
direct_2d_70,29,6,immortality,0.09846729785203934,0.5492608547210693
direct_2d_70,29,7,lives,0.09706385433673859,0.139901265501976
direct_2d_70,29,8,meaningful,0.08920709043741226,0.22662818431854248
direct_2d_70,29,9,human,0.08695600926876068,0.026739420369267464
direct_2d_70,29,10,value,0.08689498156309128,0.04488075524568558
direct_2d_70,29,11,god,0.08654064685106277,0.05487426742911339
direct_2d_70,29,12,suffering,0.07558349519968033,0.189783975481987
direct_2d_70,30,1,art,0.5302786827087402,0.45211753249168396
direct_2d_70,30,2,aesthetic,0.4714890718460083,0.613874614238739
direct_2d_70,30,3,aesthetics,0.2829340100288391,0.5198113918304443
direct_2d_70,30,4,beauty,0.1793752908706665,0.4545714259147644
direct_2d_70,30,5,artworks,0.10468845814466476,0.7273867726325989
direct_2d_70,30,6,kant,0.0816207006573677,0.03866371884942055
direct_2d_70,30,7,experience,0.07972361892461777,0.04337230697274208
direct_2d_70,30,8,artistic,0.07854943722486496,0.36443856358528137
direct_2d_70,30,9,taste,0.07757878303527832,0.4746055006980896
direct_2d_70,30,10,theory,0.0731406956911087,0.015587379224598408
direct_2d_70,30,11,work,0.0724579393863678,0.02973242662847042
direct_2d_70,30,12,philosophy,0.06947523355484009,0.014848882332444191
direct_2d_70,31,1,film,0.48296087980270386,0.7596603631973267
direct_2d_70,31,2,dance,0.2201233059167862,0.8247110247612
direct_2d_70,31,3,films,0.2010558545589447,0.8442680835723877
direct_2d_70,31,4,cinema,0.1876598298549652,0.8695458173751831
direct_2d_70,31,5,philosophy,0.13252770900726318,0.02832503244280815
direct_2d_70,31,6,art,0.11664572358131409,0.09945257008075714
direct_2d_70,31,7,dancing,0.1115855798125267,0.9027122855186462
direct_2d_70,31,8,review,0.09013459086418152,0.030053701251745224
direct_2d_70,31,9,human,0.08462856709957123,0.02602371945977211
direct_2d_70,31,10,essay,0.08039409667253494,0.061553750187158585
direct_2d_70,31,11,philosophical,0.07731616497039795,0.02732541598379612
direct_2d_70,31,12,life,0.07592951506376266,0.030257077887654305
direct_2d_70,32,1,composition,0.571312665939331,0.7489047050476074
direct_2d_70,32,2,composition identity,0.28415337204933167,0.9825393557548523
direct_2d_70,32,3,identity,0.28366219997406006,0.1590404510498047
direct_2d_70,32,4,mereological,0.24172180891036987,0.7759178876876831
direct_2d_70,32,5,parts,0.21902278065681458,0.2846803367137909
direct_2d_70,32,6,objects,0.16504967212677002,0.12866279482841492
direct_2d_70,32,7,mereology,0.14447510242462158,0.8079611659049988
direct_2d_70,32,8,material,0.13283641636371613,0.16711467504501343
direct_2d_70,32,9,simples,0.11205253005027771,0.8451875448226929
direct_2d_70,32,10,nihilism,0.10407250374555588,0.42588964104652405
direct_2d_70,32,11,material constitution,0.0967240035533905,0.9101676344871521
direct_2d_70,32,12,theory,0.08231402188539505,0.01754235289990902
direct_2d_70,33,1,scientific,0.4591805040836334,0.20672905445098877
direct_2d_70,33,2,science,0.4031214416027069,0.12179635465145111
direct_2d_70,33,3,realism,0.326953262090683,0.23658205568790436
direct_2d_70,33,4,scientific realism,0.2243877649307251,0.782550573348999
direct_2d_70,33,5,theories,0.182061105966568,0.08414880931377411
direct_2d_70,33,6,progress,0.1474299132823944,0.22126469016075134
direct_2d_70,33,7,scientific progress,0.11722385883331299,0.7240798473358154
direct_2d_70,33,8,philosophy science,0.11140664666891098,0.15899142622947693
direct_2d_70,33,9,popper,0.11033394187688828,0.5380502939224243
direct_2d_70,33,10,scientific theories,0.09335087239742279,0.45031026005744934
direct_2d_70,33,11,induction,0.0931401327252388,0.22577418386936188
direct_2d_70,33,12,philosophy,0.09263382852077484,0.01979854889214039
direct_2d_70,34,1,consciousness,0.3087158799171448,0.16988329589366913
direct_2d_70,34,2,mind,0.2219560742378235,0.11248642206192017
direct_2d_70,34,3,animal,0.20780953764915466,0.2032301425933838
direct_2d_70,34,4,cognition,0.17411614954471588,0.16288237273693085
direct_2d_70,34,5,brain,0.1651981621980667,0.2088567316532135
direct_2d_70,34,6,cognitive,0.14337827265262604,0.08043291419744492
direct_2d_70,34,7,human,0.13733085989952087,0.042229946702718735
direct_2d_70,34,8,animals,0.12564826011657715,0.1323968768119812
direct_2d_70,34,9,social,0.11834175884723663,0.04053672403097153
direct_2d_70,34,10,animal consciousness,0.11099076271057129,0.9057384729385376
direct_2d_70,34,11,evolution,0.11031769216060638,0.12828901410102844
direct_2d_70,34,12,self,0.10552845150232315,0.04297221079468727
direct_2d_70,35,1,analytic,0.338361531496048,0.36504703760147095
direct_2d_70,35,2,philosophy,0.2811442017555237,0.060088708996772766
direct_2d_70,35,3,analytic philosophy,0.26561403274536133,0.5503464341163635
direct_2d_70,35,4,wittgenstein,0.22627469897270203,0.1876104772090912
direct_2d_70,35,5,quine,0.1634947806596756,0.3037291169166565
direct_2d_70,35,6,russell,0.13411960005760193,0.21725581586360931
direct_2d_70,35,7,philosophical,0.1259344071149826,0.04450828954577446
direct_2d_70,35,8,science,0.12354407459497452,0.03732676059007645
direct_2d_70,35,9,kant,0.12334761023521423,0.05842975527048111
direct_2d_70,35,10,frege,0.1200757697224617,0.1817432940006256
direct_2d_70,35,11,logical,0.1192258670926094,0.0863475352525711
direct_2d_70,35,12,logic,0.10539033263921738,0.04783942177891731
direct_2d_70,36,1,phenomenology,0.36825594305992126,0.2803901135921478
direct_2d_70,36,2,husserl,0.2765820324420929,0.4660705626010895
direct_2d_70,36,3,heidegger,0.24333125352859497,0.2605067193508148
direct_2d_70,36,4,merleau ponty,0.210661843419075,0.4923734962940216
direct_2d_70,36,5,ponty,0.2103463113307953,0.49237343668937683
direct_2d_70,36,6,merleau,0.21003402769565582,0.48127180337905884
direct_2d_70,36,7,phenomenological,0.15938839316368103,0.22556835412979126
direct_2d_70,36,8,transcendental,0.1442558318376541,0.2302735149860382
direct_2d_70,36,9,time,0.13419196009635925,0.04968265816569328
direct_2d_70,36,10,philosophy,0.13405537605285645,0.028651541098952293
direct_2d_70,36,11,self,0.12696360051631927,0.051700811833143234
direct_2d_70,36,12,experience,0.09667518734931946,0.05259452760219574
direct_2d_70,37,1,education,0.3792858421802521,0.46040281653404236
direct_2d_70,37,2,students,0.26502716541290283,0.3481449782848358
direct_2d_70,37,3,learning,0.20952428877353668,0.19548730552196503
direct_2d_70,37,4,study,0.19648665189743042,0.08051711320877075
direct_2d_70,37,5,teaching,0.16833102703094482,0.36265817284584045
direct_2d_70,37,6,educational,0.1617225706577301,0.46718984842300415
direct_2d_70,37,7,teachers,0.15312562882900238,0.6463923454284668
direct_2d_70,37,8,school,0.14465749263763428,0.34536808729171753
direct_2d_70,37,9,research,0.12105799466371536,0.045460257679224014
direct_2d_70,37,10,philosophy,0.10217586159706116,0.021837959066033363
direct_2d_70,37,11,schools,0.0980377346277237,0.43476158380508423
direct_2d_70,37,12,data,0.09591251611709595,0.0591014102101326
direct_2d_70,38,1,fiction,0.5208848118782043,0.6213675141334534
direct_2d_70,38,2,fictional,0.3943032920360565,0.7128592729568481
direct_2d_70,38,3,fictionalism,0.18167898058891296,0.638435423374176
direct_2d_70,38,4,fictions,0.18024002015590668,0.7161973714828491
direct_2d_70,38,5,narrative,0.12482581287622452,0.20209595561027527
direct_2d_70,38,6,stories,0.10883022099733353,0.36605748534202576
direct_2d_70,38,7,mental fictionalism,0.1030273362994194,1.0
direct_2d_70,38,8,truth,0.0924287959933281,0.04569464921951294
direct_2d_70,38,9,literature,0.09229911118745804,0.07395165413618088
direct_2d_70,38,10,mental,0.08497151732444763,0.06163012236356735
direct_2d_70,38,11,science,0.08359646052122116,0.025257261469960213
direct_2d_70,38,12,empathy,0.08011133223772049,0.1500704139471054
direct_2d_70,39,1,philosophy,0.22098973393440247,0.047231946140527725
direct_2d_70,39,2,curiosity,0.14764980971813202,0.6432682871818542
direct_2d_70,39,3,book,0.12066780030727386,0.06250400096178055
direct_2d_70,39,4,world,0.10884024202823639,0.04013936221599579
direct_2d_70,39,5,theory,0.0966036319732666,0.020587682723999023
direct_2d_70,39,6,life,0.08300509303808212,0.03307661786675453
direct_2d_70,39,7,human,0.0817464292049408,0.02513744682073593
direct_2d_70,39,8,epistemology,0.08020801842212677,0.0597275085747242
direct_2d_70,39,9,problem,0.07995500415563583,0.027115538716316223
direct_2d_70,39,10,social,0.07977510243654251,0.027326121926307678
direct_2d_70,39,11,imagination,0.07723014056682587,0.16026349365711212
direct_2d_70,39,12,people,0.07568811625242233,0.04312131926417351
direct_2d_70,40,1,religious,0.4070700705051422,0.380405992269516
direct_2d_70,40,2,god,0.3425106406211853,0.21718141436576843
direct_2d_70,40,3,faith,0.2814646363258362,0.4903707206249237
direct_2d_70,40,4,belief,0.25525012612342834,0.17907467484474182
direct_2d_70,40,5,theism,0.1850682646036148,0.4948463439941406
direct_2d_70,40,6,divine,0.18503810465335846,0.31734511256217957
direct_2d_70,40,7,disagreement,0.12896524369716644,0.2531002163887024
direct_2d_70,40,8,evil,0.12880796194076538,0.26428431272506714
direct_2d_70,40,9,beliefs,0.12800313532352448,0.12070080637931824
direct_2d_70,40,10,religious belief,0.12633220851421356,0.7638278007507324
direct_2d_70,40,11,argument,0.12491966038942337,0.043159157037734985
direct_2d_70,40,12,evidence,0.10561006516218185,0.0672871470451355
direct_2d_70,41,1,free,0.7320511937141418,0.44976383447647095
direct_2d_70,41,2,determinism,0.20795921981334686,0.44196847081184387
direct_2d_70,41,3,freedom,0.1837041676044464,0.17776267230510712
direct_2d_70,41,4,argument,0.12494325637817383,0.04316730797290802
direct_2d_70,41,5,compatibilism,0.1215989887714386,0.6825280785560608
direct_2d_70,41,6,agent,0.10242893546819687,0.10851392149925232
direct_2d_70,41,7,responsibility,0.09118977189064026,0.09095415472984314
direct_2d_70,41,8,moral responsibility,0.08543200045824051,0.2850068509578705
direct_2d_70,41,9,incompatibilism,0.08428595215082169,0.7650157809257507
direct_2d_70,41,10,indeterminism,0.08096037060022354,0.5276763439178467
direct_2d_70,41,11,libertarian,0.07923014461994171,0.3492453098297119
direct_2d_70,41,12,causal,0.0722561851143837,0.06275859475135803
direct_2d_70,42,1,epistemic,0.3455903232097626,0.18378247320652008
direct_2d_70,42,2,knowledge,0.3452509045600891,0.13222219049930573
direct_2d_70,42,3,belief,0.3235890865325928,0.22701893746852875
direct_2d_70,42,4,epistemology,0.15358439087867737,0.1143677830696106
direct_2d_70,42,5,beliefs,0.14350156486034393,0.13531507551670074
direct_2d_70,42,6,evidence,0.13592323660850525,0.08660052716732025
direct_2d_70,42,7,justification,0.12362127006053925,0.15459874272346497
direct_2d_70,42,8,argue,0.11427920311689377,0.0312371663749218
direct_2d_70,42,9,paper,0.10517244786024094,0.02260506898164749
direct_2d_70,42,10,truth,0.10011936724185944,0.049496691673994064
direct_2d_70,42,11,disagreement,0.09951335936784744,0.19529953598976135
direct_2d_70,42,12,account,0.09601795673370361,0.03358502313494682
direct_2d_70,43,1,economic,0.27277684211730957,0.2987067401409149
direct_2d_70,43,2,business,0.1977359503507614,0.3790137469768524
direct_2d_70,43,3,economics,0.1957729160785675,0.4383575916290283
direct_2d_70,43,4,market,0.17954272031784058,0.4980073869228363
direct_2d_70,43,5,financial,0.13632163405418396,0.4818131625652313
direct_2d_70,43,6,development,0.13103048503398895,0.08382870256900787
direct_2d_70,43,7,social,0.1273767352104187,0.04363156110048294
direct_2d_70,43,8,economy,0.1246163472533226,0.34719374775886536
direct_2d_70,43,9,corporate,0.10667333006858826,0.38477322459220886
direct_2d_70,43,10,markets,0.09699001908302307,0.6150017976760864
direct_2d_70,43,11,study,0.09499488770961761,0.03892739489674568
direct_2d_70,43,12,research,0.09043426811695099,0.03396029397845268
direct_2d_70,44,1,study,0.22698381543159485,0.09301436692476273
direct_2d_70,44,2,employees,0.21968260407447815,0.8526122570037842
direct_2d_70,44,3,management,0.20619988441467285,0.2739107608795166
direct_2d_70,44,4,leadership,0.20155459642410278,0.6979556083679199
direct_2d_70,44,5,organizational,0.18846309185028076,0.6372433304786682
direct_2d_70,44,6,work,0.15655627846717834,0.06424137949943542
direct_2d_70,44,7,business,0.1304849535226822,0.2501092553138733
direct_2d_70,44,8,performance,0.12132594734430313,0.14938294887542725
direct_2d_70,44,9,research,0.11054696887731552,0.0415131077170372
direct_2d_70,44,10,job,0.10847700387239456,0.45610037446022034
direct_2d_70,44,11,results,0.1008087694644928,0.0681329146027565
direct_2d_70,44,12,employee,0.1003769189119339,0.8067692518234253
direct_2d_70,45,1,speech,0.32815030217170715,0.4247032701969147
direct_2d_70,45,2,conversational,0.24874094128608704,0.841602623462677
direct_2d_70,45,3,communication,0.17053748667240143,0.20143243670463562
direct_2d_70,45,4,implicatures,0.15615405142307281,0.863471269607544
direct_2d_70,45,5,speaker,0.15192462503910065,0.4483388364315033
direct_2d_70,45,6,acts,0.14965878427028656,0.24209284782409668
direct_2d_70,45,7,linguistic,0.1322462409734726,0.13065320253372192
direct_2d_70,45,8,theory,0.13200528919696808,0.028132308274507523
direct_2d_70,45,9,speech acts,0.12631814181804657,0.5809375047683716
direct_2d_70,45,10,communicative,0.11738938093185425,0.49517473578453064
direct_2d_70,45,11,speech act,0.1169290840625763,0.5766897201538086
direct_2d_70,45,12,language,0.11316850781440735,0.043365228921175
direct_2d_70,46,1,reasons,0.581413984298706,0.2978958189487457
direct_2d_70,46,2,reason,0.20397956669330597,0.11949944496154785
direct_2d_70,46,3,normative,0.19361533224582672,0.15519477427005768
direct_2d_70,46,4,action,0.19266098737716675,0.11959826201200485
direct_2d_70,46,5,practical,0.16547036170959473,0.1498425155878067
direct_2d_70,46,6,desire,0.14086446166038513,0.1834953874349594
direct_2d_70,46,7,intention,0.13920415937900543,0.26228925585746765
direct_2d_70,46,8,rational,0.1333681046962738,0.13341231644153595
direct_2d_70,46,9,trust,0.12839707732200623,0.19845809042453766
direct_2d_70,46,10,desires,0.12179454416036606,0.24757850170135498
direct_2d_70,46,11,normative reasons,0.12143665552139282,0.8166013956069946
direct_2d_70,46,12,agent,0.11136668175458908,0.11798263341188431
direct_2d_70,47,1,ontology,0.4562891721725464,0.2365802377462387
direct_2d_70,47,2,ontological,0.41121602058410645,0.29774993658065796
direct_2d_70,47,3,ontological argument,0.17440679669380188,0.6482428312301636
direct_2d_70,47,4,ontological arguments,0.15476129949092865,0.8837659358978271
direct_2d_70,47,5,metaphysics,0.15113244950771332,0.08789853751659393
direct_2d_70,47,6,existence,0.14677883684635162,0.09604523330926895
direct_2d_70,47,7,arguments,0.13480731844902039,0.07022298127412796
direct_2d_70,47,8,argument,0.13047777116298676,0.04507945850491524
direct_2d_70,47,9,nominalism,0.11651736497879028,0.7556001543998718
direct_2d_70,47,10,universals,0.11440307646989822,0.40233439207077026
direct_2d_70,47,11,properties,0.09150724112987518,0.07762020081281662
direct_2d_70,47,12,objects,0.08371102064847946,0.06525607407093048
direct_2d_70,48,1,causation,0.4286053478717804,0.5558087229728699
direct_2d_70,48,2,causal,0.3471069931983948,0.30148211121559143
direct_2d_70,48,3,explanation,0.2723102271556854,0.19260430335998535
direct_2d_70,48,4,induction,0.16690406203269958,0.40457993745803833
direct_2d_70,48,5,aristotle,0.15937010943889618,0.16062866151332855
direct_2d_70,48,6,explanatory,0.13697510957717896,0.18397407233715057
direct_2d_70,48,7,cause,0.12886910140514374,0.19756008684635162
direct_2d_70,48,8,explanations,0.12879399955272675,0.20344361662864685
direct_2d_70,48,9,causes,0.12446016073226929,0.20366907119750977
direct_2d_70,48,10,theory,0.09918578714132309,0.02113797888159752
direct_2d_70,48,11,hume,0.09850149601697922,0.139572873711586
direct_2d_70,48,12,problem,0.0957895964384079,0.03248560056090355
direct_2d_70,49,1,moral,0.5861409902572632,0.20370666682720184
direct_2d_70,49,2,ethics,0.19705960154533386,0.07837217301130295
direct_2d_70,49,3,morality,0.1522645354270935,0.1791844516992569
direct_2d_70,49,4,virtue,0.13604164123535156,0.14925220608711243
direct_2d_70,49,5,kant,0.12658043205738068,0.059961140155792236
direct_2d_70,49,6,argue,0.10832706838846207,0.029610205441713333
direct_2d_70,49,7,responsibility,0.10777632892131805,0.10749784857034683
direct_2d_70,49,8,good,0.1027979627251625,0.06249626725912094
direct_2d_70,49,9,normative,0.10040505230426788,0.0804809182882309
direct_2d_70,49,10,theory,0.0959625393152237,0.020451057702302933
direct_2d_70,49,11,ethical,0.09443113952875137,0.056952062994241714
direct_2d_70,49,12,account,0.09062904864549637,0.031700100749731064
direct_2d_70,50,1,mental,0.21229338645935059,0.15397709608078003
direct_2d_70,50,2,addiction,0.17821133136749268,0.7036352157592773
direct_2d_70,50,3,psychiatric,0.17237746715545654,0.8480826020240784
direct_2d_70,50,4,disorder,0.1687271147966385,0.6795623898506165
direct_2d_70,50,5,psychiatry,0.1609443575143814,0.8022417426109314
direct_2d_70,50,6,disorders,0.13832789659500122,0.6570780873298645
direct_2d_70,50,7,self,0.13201142847537994,0.05375633388757706
direct_2d_70,50,8,depression,0.12251356244087219,0.6399955153465271
direct_2d_70,50,9,psychology,0.10542425513267517,0.0862879753112793
direct_2d_70,50,10,research,0.10365451127290726,0.038924820721149445
direct_2d_70,50,11,therapy,0.10158145427703857,0.4910646975040436
direct_2d_70,50,12,illness,0.0986970067024231,0.49147093296051025
direct_2d_70,51,1,emotions,0.5941189527511597,0.6493186354637146
direct_2d_70,51,2,emotion,0.412471204996109,0.5921226143836975
direct_2d_70,51,3,emotional,0.22711119055747986,0.36213159561157227
direct_2d_70,51,4,affective,0.1499539613723755,0.3114290237426758
direct_2d_70,51,5,anger,0.11760517209768295,0.7051307559013367
direct_2d_70,51,6,moral,0.11692964285612106,0.04063757508993149
direct_2d_70,51,7,feeling,0.10037414729595184,0.25291451811790466
direct_2d_70,51,8,envy,0.09673954546451569,0.6636834144592285
direct_2d_70,51,9,account,0.07903070747852325,0.027643248438835144
direct_2d_70,51,10,theory,0.07682814449071884,0.016373230144381523
direct_2d_70,51,11,argue,0.07358144223690033,0.020112808793783188
direct_2d_70,51,12,moods,0.07353247702121735,0.6887819766998291
direct_2d_70,52,1,pleasure,0.3569694459438324,0.613146960735321
direct_2d_70,52,2,empathy,0.23945127427577972,0.44855764508247375
direct_2d_70,52,3,hedonism,0.21948322653770447,0.9148849248886108
direct_2d_70,52,4,pleasures,0.21206481754779816,0.8143942356109619
direct_2d_70,52,5,happiness,0.20456326007843018,0.5329593420028687
direct_2d_70,52,6,desire,0.17758521437644958,0.23132923245429993
direct_2d_70,52,7,life,0.1759912669658661,0.07013058662414551
direct_2d_70,52,8,good,0.14914949238300323,0.09067579358816147
direct_2d_70,52,9,theories,0.14273563027381897,0.06597253680229187
direct_2d_70,52,10,pain,0.14170090854167938,0.33228135108947754
direct_2d_70,52,11,value,0.1323799341917038,0.06837347149848938
direct_2d_70,52,12,argue,0.10222753882408142,0.027942953631281853
direct_2d_70,53,1,modal,0.39679601788520813,0.4347144663333893
direct_2d_70,53,2,grounding,0.2779938876628876,0.48071521520614624
direct_2d_70,53,3,modality,0.25251299142837524,0.5510609149932861
direct_2d_70,53,4,truth,0.22943106293678284,0.11342538893222809
direct_2d_70,53,5,worlds,0.1689814031124115,0.24970100820064545
direct_2d_70,53,6,necessity,0.16457028687000275,0.28310728073120117
direct_2d_70,53,7,essence,0.15481549501419067,0.29946741461753845
direct_2d_70,53,8,metaphysical,0.14990957081317902,0.13835826516151428
direct_2d_70,53,9,possible,0.1244933232665062,0.07066555321216583
direct_2d_70,53,10,truthmaker,0.12066878378391266,0.6566946506500244
direct_2d_70,53,11,possibility,0.11191486567258835,0.09833252429962158
direct_2d_70,53,12,possible worlds,0.10575229674577713,0.38215193152427673
direct_2d_70,54,1,language,0.4870333671569824,0.1866271197795868
direct_2d_70,54,2,translation,0.2711801528930664,0.47275063395500183
direct_2d_70,54,3,linguistic,0.1616358458995819,0.1596887856721878
direct_2d_70,54,4,philosophy,0.15253564715385437,0.032601311802864075
direct_2d_70,54,5,meaning,0.12211120128631592,0.06170859560370445
direct_2d_70,54,6,words,0.10113277286291122,0.12522265315055847
direct_2d_70,54,7,philosophical,0.09882104396820068,0.03492576628923416
direct_2d_70,54,8,paper,0.09421419352293015,0.020249774679541588
direct_2d_70,54,9,speech,0.0887957513332367,0.11492247879505157
direct_2d_70,54,10,english,0.08840937912464142,0.1329694390296936
direct_2d_70,54,11,reading,0.08763313293457031,0.08294469118118286
direct_2d_70,54,12,languages,0.08696678280830383,0.19438688457012177
direct_2d_70,55,1,language,0.5481997728347778,0.2100655734539032
direct_2d_70,55,2,linguistic,0.2570876479148865,0.2539907693862915
direct_2d_70,55,3,meaning,0.23099862039089203,0.1167345866560936
direct_2d_70,55,4,linguistics,0.20320677757263184,0.5108399987220764
direct_2d_70,55,5,philosophy,0.12046084553003311,0.025745993480086327
direct_2d_70,55,6,ordinary language,0.10270077735185623,0.5905424952507019
direct_2d_70,55,7,meanings,0.09187643229961395,0.2110111117362976
direct_2d_70,55,8,wittgenstein,0.0905754566192627,0.07509856671094894
direct_2d_70,55,9,peirce,0.08664105087518692,0.20923161506652832
direct_2d_70,55,10,review,0.08124827593564987,0.02709072455763817
direct_2d_70,55,11,ordinary,0.08104737102985382,0.12749816477298737
direct_2d_70,55,12,philosophy language,0.0793365016579628,0.3006945550441742
direct_2d_70,56,1,semantics,0.30793267488479614,0.3105701208114624
direct_2d_70,56,2,semantic,0.26459455490112305,0.28076043725013733
direct_2d_70,56,3,reference,0.21448610723018646,0.22406567633152008
direct_2d_70,56,4,meaning,0.2093620002269745,0.1058005690574646
direct_2d_70,56,5,language,0.1719127744436264,0.06587553769350052
direct_2d_70,56,6,names,0.1544879525899887,0.4089561402797699
direct_2d_70,56,7,truth,0.14864593744277954,0.07348710298538208
direct_2d_70,56,8,theory,0.13005420565605164,0.0277165025472641
direct_2d_70,56,9,linguistic,0.1276676058769226,0.12612973153591156
direct_2d_70,56,10,sentences,0.11632345616817474,0.2491082400083542
direct_2d_70,56,11,paper,0.10801859945058823,0.02321680262684822
direct_2d_70,56,12,context,0.10289708524942398,0.06665307283401489
direct_2d_70,57,1,logic,0.5223920345306396,0.2371273785829544
direct_2d_70,57,2,logics,0.26949766278266907,0.6577624082565308
direct_2d_70,57,3,logical,0.19266045093536377,0.13953141868114471
direct_2d_70,57,4,truth,0.18278980255126953,0.09036703407764435
direct_2d_70,57,5,modal,0.18146902322769165,0.19881048798561096
direct_2d_70,57,6,semantics,0.14001551270484924,0.1412147432565689
direct_2d_70,57,7,theory,0.11091627925634384,0.0236379224807024
direct_2d_70,57,8,classical,0.10771524906158447,0.1278550773859024
direct_2d_70,57,9,paradox,0.10757352411746979,0.1146409809589386
direct_2d_70,57,10,proof,0.10216297954320908,0.17124037444591522
direct_2d_70,57,11,paper,0.09238073229789734,0.01985570229589939
direct_2d_70,57,12,formal,0.08985788375139236,0.09492742270231247
direct_2d_70,58,1,law,0.4341776371002197,0.31984448432922363
direct_2d_70,58,2,legal,0.42145994305610657,0.4466009736061096
direct_2d_70,58,3,punishment,0.25978848338127136,0.6599481701850891
direct_2d_70,58,4,criminal,0.17837178707122803,0.5392964482307434
direct_2d_70,58,5,justice,0.13382460176944733,0.10571833699941635
direct_2d_70,58,6,rights,0.10458458214998245,0.09941612184047699
direct_2d_70,58,7,moral,0.0993591696023941,0.03453115373849869
direct_2d_70,58,8,theory,0.09888731688261032,0.02107437141239643
direct_2d_70,58,9,crime,0.08686649054288864,0.46998322010040283
direct_2d_70,58,10,police,0.08486366271972656,0.4107218384742737
direct_2d_70,58,11,evidence,0.07824847102165222,0.049854304641485214
direct_2d_70,58,12,proof,0.07082850486040115,0.11871913075447083
direct_2d_70,59,1,immigration,0.4627422094345093,0.9136495590209961
direct_2d_70,59,2,borders,0.29667001962661743,0.8672935962677002
direct_2d_70,59,3,justice,0.22333548963069916,0.1764298677444458
direct_2d_70,59,4,global,0.20622727274894714,0.17573636770248413
direct_2d_70,59,5,open borders,0.1694466471672058,1.0
direct_2d_70,59,6,global justice,0.15604838728904724,0.7264333963394165
direct_2d_70,59,7,rights,0.15066613256931305,0.14322037994861603
direct_2d_70,59,8,migration,0.1503232717514038,0.6332681179046631
direct_2d_70,59,9,right,0.1276424527168274,0.10038534551858902
direct_2d_70,59,10,immigrants,0.11392439156770706,0.7753946185112
direct_2d_70,59,11,gun,0.10972491651773453,0.8190336227416992
direct_2d_70,59,12,states,0.10475671291351318,0.07944374531507492
direct_2d_70,60,1,mathematical,0.31394311785697937,0.27140769362449646
direct_2d_70,60,2,mathematics,0.270245760679245,0.2034795880317688
direct_2d_70,60,3,set,0.24863171577453613,0.1681121587753296
direct_2d_70,60,4,logic,0.2468191236257553,0.11203764379024506
direct_2d_70,60,5,theory,0.16814596951007843,0.035834427922964096
direct_2d_70,60,6,set theory,0.1673569232225418,0.5518760681152344
direct_2d_70,60,7,theorem,0.13894739747047424,0.26518183946609497
direct_2d_70,60,8,proof,0.12547622621059418,0.21031685173511505
direct_2d_70,60,9,sets,0.10883310437202454,0.15710918605327606
direct_2d_70,60,10,logical,0.10789286345243454,0.0781397745013237
direct_2d_70,60,11,proofs,0.10734106600284576,0.37017789483070374
direct_2d_70,60,12,formal,0.10191100090742111,0.10766053944826126
direct_2d_70,61,1,mathematics,0.6148946285247803,0.4629804491996765
direct_2d_70,61,2,mathematical,0.3327347934246063,0.2876533269882202
direct_2d_70,61,3,philosophy mathematics,0.17860892415046692,0.763725757598877
direct_2d_70,61,4,philosophy,0.1438964307308197,0.03075486049056053
direct_2d_70,61,5,arithmetic,0.13778050243854523,0.442507266998291
direct_2d_70,61,6,numbers,0.12948578596115112,0.3032713532447815
direct_2d_70,61,7,frege,0.12609171867370605,0.19084885716438293
direct_2d_70,61,8,theory,0.12167039513587952,0.025929786264896393
direct_2d_70,61,9,geometry,0.09852170944213867,0.39474987983703613
direct_2d_70,61,10,number,0.094302698969841,0.0821882039308548
direct_2d_70,61,11,logic,0.08273398876190186,0.03755511716008186
direct_2d_70,61,12,hilbert,0.0797920897603035,0.3799498379230499
direct_2d_70,62,1,philosophy,0.3593427836894989,0.07680202275514603
direct_2d_70,62,2,religion,0.18169182538986206,0.25274309515953064
direct_2d_70,62,3,god,0.17965339124202728,0.11391581594944
direct_2d_70,62,4,philosophical,0.15207672119140625,0.053747620433568954
direct_2d_70,62,5,plato,0.14403025805950165,0.16957074403762817
direct_2d_70,62,6,history,0.14300747215747833,0.09440014511346817
direct_2d_70,62,7,religious,0.12718138098716736,0.1188506931066513
direct_2d_70,62,8,review,0.12375492602586746,0.041263774037361145
direct_2d_70,62,9,divine,0.10574860870838165,0.1813616007566452
direct_2d_70,62,10,theology,0.10384561121463776,0.19418463110923767
direct_2d_70,62,11,book,0.09179925173521042,0.04755055159330368
direct_2d_70,62,12,thought,0.08882325887680054,0.05081486329436302
direct_2d_70,63,1,philosophy,0.31127768754959106,0.06652911007404327
direct_2d_70,63,2,kant,0.2740262448787689,0.12980620563030243
direct_2d_70,63,3,metaphysics,0.2722182273864746,0.15832194685935974
direct_2d_70,63,4,philosophical,0.1517399251461029,0.0536285862326622
direct_2d_70,63,5,wittgenstein,0.14647464454174042,0.12144609540700912
direct_2d_70,63,6,reason,0.13629218935966492,0.07984545081853867
direct_2d_70,63,7,hegel,0.13529257476329803,0.1637350469827652
direct_2d_70,63,8,deleuze,0.12122492492198944,0.2671082615852356
direct_2d_70,63,9,critique,0.11532487720251083,0.09607704728841782
direct_2d_70,63,10,god,0.11223077028989792,0.07116403430700302
direct_2d_70,63,11,existence,0.10032413899898529,0.06564744561910629
direct_2d_70,63,12,review,0.09982664883136749,0.033285338431596756
direct_2d_70,64,1,war,0.4795782268047333,0.6411380171775818
direct_2d_70,64,2,military,0.19610725343227386,0.599637508392334
direct_2d_70,64,3,just war,0.186004638671875,0.9477933049201965
direct_2d_70,64,4,just,0.16393622756004333,0.12844638526439667
direct_2d_70,64,5,terrorism,0.16351677477359772,0.707374095916748
direct_2d_70,64,6,international,0.15725785493850708,0.22032368183135986
direct_2d_70,64,7,peace,0.1408470869064331,0.5622120499610901
direct_2d_70,64,8,moral,0.13144589960575104,0.04568253457546234
direct_2d_70,64,9,political,0.11926762014627457,0.06816151738166809
direct_2d_70,64,10,war theory,0.11235995590686798,0.9720759987831116
direct_2d_70,64,11,wars,0.10641992837190628,0.570200502872467
direct_2d_70,64,12,ethics,0.10273978114128113,0.04086042940616608
direct_2d_70,65,1,political,0.4604421555995941,0.26314297318458557
direct_2d_70,65,2,democracy,0.2230667769908905,0.37650471925735474
direct_2d_70,65,3,politics,0.1607869267463684,0.23025383055210114
direct_2d_70,65,4,democratic,0.16057445108890533,0.28275763988494873
direct_2d_70,65,5,theory,0.12042991071939468,0.025665421038866043
direct_2d_70,65,6,social,0.12008783221244812,0.041134823113679886
direct_2d_70,65,7,liberalism,0.10776674002408981,0.31639522314071655
direct_2d_70,65,8,state,0.10387790948152542,0.07431208342313766
direct_2d_70,65,9,justice,0.10063439607620239,0.07949884235858917
direct_2d_70,65,10,public,0.09895699471235275,0.07806974649429321
direct_2d_70,65,11,philosophy,0.09649604558944702,0.02062401734292507
direct_2d_70,65,12,rights,0.09575479477643967,0.09102269262075424
direct_2d_70,66,1,personal identity,0.3299398124217987,0.6403924822807312
direct_2d_70,66,2,identity,0.3281804323196411,0.1840004175901413
direct_2d_70,66,3,personal,0.30616700649261475,0.26541489362716675
direct_2d_70,66,4,paper focuses,0.2597794532775879,0.7472610473632812
direct_2d_70,66,5,focuses,0.1985616236925125,0.2921265959739685
direct_2d_70,66,6,awareness,0.19717514514923096,0.2695715129375458
direct_2d_70,66,7,self,0.17114131152629852,0.06969040632247925
direct_2d_70,66,8,person,0.15994329750537872,0.1282886266708374
direct_2d_70,66,9,paper,0.1590534895658493,0.03418590500950813
direct_2d_70,66,10,phenomenology,0.1551983803510666,0.11816805601119995
direct_2d_70,66,11,persons,0.12916481494903564,0.2049493044614792
direct_2d_70,66,12,focuses phenomenology,0.1276421844959259,0.982210099697113
direct_2d_70,67,1,perception,0.4133879244327545,0.3650243878364563
direct_2d_70,67,2,perceptual,0.4097680449485779,0.5644382238388062
direct_2d_70,67,3,visual,0.25894156098365784,0.5236056447029114
direct_2d_70,67,4,experience,0.211143359541893,0.11486902832984924
direct_2d_70,67,5,content,0.12845180928707123,0.1105089858174324
direct_2d_70,67,6,sensory,0.12360469251871109,0.34342092275619507
direct_2d_70,67,7,attention,0.12094304710626602,0.10531836748123169
direct_2d_70,67,8,phenomenal,0.1108798012137413,0.21048690378665924
direct_2d_70,67,9,vision,0.10348837077617645,0.24214062094688416
direct_2d_70,67,10,perceptual experience,0.10211081802845001,0.7791270017623901
direct_2d_70,67,11,objects,0.10071637481451035,0.07851243019104004
direct_2d_70,67,12,seeing,0.09277452528476715,0.3066718280315399
direct_2d_70,68,1,cognitive,0.3299298584461212,0.18508537113666534
direct_2d_70,68,2,mind,0.22127394378185272,0.1121407225728035
direct_2d_70,68,3,cognition,0.20305576920509338,0.18995484709739685
direct_2d_70,68,4,consciousness,0.19259800016880035,0.10598476976156235
direct_2d_70,68,5,brain,0.16082769632339478,0.20333124697208405
direct_2d_70,68,6,predictive,0.15251053869724274,0.46788403391838074
direct_2d_70,68,7,cognitive science,0.14169009029865265,0.3636443614959717
direct_2d_70,68,8,science,0.13167859613895416,0.039784468710422516
direct_2d_70,68,9,computational,0.12534455955028534,0.26916763186454773
direct_2d_70,68,10,systems,0.11745541542768478,0.08141055703163147
direct_2d_70,68,11,processing,0.10275248438119888,0.22509364783763885
direct_2d_70,68,12,models,0.09596993029117584,0.07734984904527664
direct_2d_70,69,1,consciousness,0.6203927397727966,0.3413959741592407
direct_2d_70,69,2,mind,0.25481370091438293,0.1291385293006897
direct_2d_70,69,3,conscious,0.18107560276985168,0.2775473892688751
direct_2d_70,69,4,problem,0.13577651977539062,0.04604656621813774
direct_2d_70,69,5,phenomenal,0.1245916336774826,0.236516535282135
direct_2d_70,69,6,mental,0.11982748657464981,0.08691127598285675
direct_2d_70,69,7,brain,0.11894982308149338,0.15038588643074036
direct_2d_70,69,8,theory,0.1008131206035614,0.02148478850722313
direct_2d_70,69,9,experience,0.09289282560348511,0.05053679645061493
direct_2d_70,69,10,self,0.09283081442117691,0.03780160844326019
direct_2d_70,69,11,physical,0.09051265567541122,0.08474516868591309
direct_2d_70,69,12,science,0.0860353484749794,0.025994131341576576
direct_2d_historical_params,0,1,neutrosophic,0.7422277927398682,0.9628911018371582
direct_2d_historical_params,0,2,set,0.16624844074249268,0.11991916596889496
direct_2d_historical_params,0,3,fuzzy,0.1487545371055603,0.6144430041313171
direct_2d_historical_params,0,4,sets,0.14873841404914856,0.22584542632102966
direct_2d_historical_params,0,5,neutrosophic set,0.12201392650604248,1.0
direct_2d_historical_params,0,6,neutrosophic sets,0.11917725950479507,0.8675251603126526
direct_2d_historical_params,0,7,soft,0.09740933030843735,0.5636895895004272
direct_2d_historical_params,0,8,valued neutrosophic,0.08849414438009262,1.0
direct_2d_historical_params,0,9,paper,0.08827023208141327,0.021402250975370407
direct_2d_historical_params,0,10,valued,0.08783424645662308,0.3186801075935364
direct_2d_historical_params,0,11,structures,0.08064094930887222,0.13071706891059875
direct_2d_historical_params,0,12,applications,0.0797525942325592,0.1584458202123642
direct_2d_historical_params,1,1,using,0.19007089734077454,0.1163465604186058
direct_2d_historical_params,1,2,learning,0.1819346845149994,0.1772417575120926
direct_2d_historical_params,1,3,accuracy,0.17286287248134613,0.4394383728504181
direct_2d_historical_params,1,4,expert,0.1631675809621811,0.39333492517471313
direct_2d_historical_params,1,5,dataset,0.1606784611940384,0.632941484451294
direct_2d_historical_params,1,6,neural,0.158930703997612,0.4001176059246063
direct_2d_historical_params,1,7,model,0.15120887756347656,0.08216749876737595
direct_2d_historical_params,1,8,tutoring,0.15006457269191742,0.9868701696395874
direct_2d_historical_params,1,9,intelligent tutoring,0.14804665744304657,0.9918341040611267
direct_2d_historical_params,1,10,neural network,0.14274241030216217,0.7195735573768616
direct_2d_historical_params,1,11,network,0.1385623663663864,0.3219042122364044
direct_2d_historical_params,1,12,disease,0.13258659839630127,0.2863226532936096
direct_2d_historical_params,2,1,nietzsche,0.12026441842317581,0.21993745863437653
direct_2d_historical_params,2,2,philosophy,0.11809811741113663,0.029578516259789467
direct_2d_historical_params,2,3,problem,0.11645153164863586,0.046196527779102325
direct_2d_historical_params,2,4,human,0.10983918607234955,0.03507743775844574
direct_2d_historical_params,2,5,theory,0.10246869176626205,0.02457023598253727
direct_2d_historical_params,2,6,moral,0.09534551203250885,0.03327970579266548
direct_2d_historical_params,2,7,wonder,0.08507411181926727,0.46754008531570435
direct_2d_historical_params,2,8,new,0.07980678230524063,0.02891225926578045
direct_2d_historical_params,2,9,democratic,0.07968571037054062,0.14728935062885284
direct_2d_historical_params,2,10,non,0.0780775249004364,0.03755665197968483
direct_2d_historical_params,2,11,article,0.07583446055650711,0.0371362529695034
direct_2d_historical_params,2,12,book,0.07375018298625946,0.04313847795128822
direct_2d_historical_params,3,1,robots,0.5091536045074463,0.8991618752479553
direct_2d_historical_params,3,2,robot,0.40457823872566223,0.8852025866508484
direct_2d_historical_params,3,3,human,0.2027534544467926,0.06474985927343369
direct_2d_historical_params,3,4,olfactory,0.18806900084018707,0.8866541981697083
direct_2d_historical_params,3,5,robotics,0.14774946868419647,0.6716833710670471
direct_2d_historical_params,3,6,moral,0.14321200549602509,0.04998718202114105
direct_2d_historical_params,3,7,olfaction,0.142731711268425,0.9765502214431763
direct_2d_historical_params,3,8,artificial,0.13776366412639618,0.11548162251710892
direct_2d_historical_params,3,9,ai,0.12611275911331177,0.09663622826337814
direct_2d_historical_params,3,10,ethical,0.11659267544746399,0.07031978666782379
direct_2d_historical_params,3,11,smell,0.09720057249069214,0.8211643695831299
direct_2d_historical_params,3,12,ethics,0.09313937276601791,0.03979571908712387
direct_2d_historical_params,4,1,ontology,0.48175573348999023,0.30164748430252075
direct_2d_historical_params,4,2,ontologies,0.3305031657218933,0.7287154793739319
direct_2d_historical_params,4,3,biomedical,0.1859961450099945,0.6002621054649353
direct_2d_historical_params,4,4,data,0.1735459715127945,0.12067359685897827
direct_2d_historical_params,4,5,information,0.13467849791049957,0.08703609555959702
direct_2d_historical_params,4,6,formal,0.12292660027742386,0.13681960105895996
direct_2d_historical_params,4,7,ontological,0.1168365478515625,0.10883572697639465
direct_2d_historical_params,4,8,domain,0.1059475913643837,0.21452230215072632
direct_2d_historical_params,4,9,based,0.10455487668514252,0.04692251607775688
direct_2d_historical_params,4,10,systems,0.09734706580638885,0.0679594874382019
direct_2d_historical_params,4,11,formal ontology,0.09479852020740509,0.6286964416503906
direct_2d_historical_params,4,12,representation,0.09108220040798187,0.11277002841234207
direct_2d_historical_params,5,1,music,0.6772716641426086,0.7702723741531372
direct_2d_historical_params,5,2,musical,0.465500146150589,0.8630125522613525
direct_2d_historical_params,5,3,sound,0.11585244536399841,0.33009517192840576
direct_2d_historical_params,5,4,musical works,0.09280066937208176,0.9713345170021057
direct_2d_historical_params,5,5,improvisation,0.07616038620471954,0.8236064910888672
direct_2d_historical_params,5,6,art,0.07531839609146118,0.06403230130672455
direct_2d_historical_params,5,7,listening,0.07388772815465927,0.5481456518173218
direct_2d_historical_params,5,8,sounds,0.07367993146181107,0.49244973063468933
direct_2d_historical_params,5,9,experience,0.07276152074337006,0.04497433081269264
direct_2d_historical_params,5,10,performance,0.06987081468105316,0.07876843214035034
direct_2d_historical_params,5,11,works,0.06550217419862747,0.08824053406715393
direct_2d_historical_params,5,12,wittgenstein,0.0646020844578743,0.05831138417124748
direct_2d_historical_params,6,1,animal,0.5229128003120422,0.6332873106002808
direct_2d_historical_params,6,2,animals,0.4980985224246979,0.6205634474754333
direct_2d_historical_params,6,3,moral,0.1566123217344284,0.05466447398066521
direct_2d_historical_params,6,4,ethics,0.14733225107192993,0.0629507452249527
direct_2d_historical_params,6,5,animal rights,0.13899481296539307,0.8901965618133545
direct_2d_historical_params,6,6,rights,0.1336200088262558,0.13264551758766174
direct_2d_historical_params,6,7,food,0.13000406324863434,0.4068235158920288
direct_2d_historical_params,6,8,meat,0.1244533360004425,0.8681103587150574
direct_2d_historical_params,6,9,human,0.12200771272182465,0.03896348923444748
direct_2d_historical_params,6,10,welfare,0.12025482952594757,0.2651272416114807
direct_2d_historical_params,6,11,animal ethics,0.09624866396188736,0.9295415878295898
direct_2d_historical_params,6,12,humans,0.09088746458292007,0.12241224199533463
direct_2d_historical_params,7,1,controllers,0.27152884006500244,0.99659663438797
direct_2d_historical_params,7,2,using,0.22878271341323853,0.14004291594028473
direct_2d_historical_params,7,3,controller,0.2284986972808838,0.9968410134315491
direct_2d_historical_params,7,4,control,0.2207605242729187,0.23106805980205536
direct_2d_historical_params,7,5,simulation,0.13563814759254456,0.2867482304573059
direct_2d_historical_params,7,6,optimal,0.1326536238193512,0.5005055069923401
direct_2d_historical_params,7,7,performance,0.1325126439332962,0.14938731491565704
direct_2d_historical_params,7,8,comparison,0.11498101055622101,0.2689277231693268
direct_2d_historical_params,7,9,energy,0.11349432915449142,0.3040890693664551
direct_2d_historical_params,7,10,matlab,0.11287538707256317,0.9677975177764893
direct_2d_historical_params,7,11,designed,0.11199712008237839,0.22625941038131714
direct_2d_historical_params,7,12,results,0.10856971144676208,0.07987488061189651
direct_2d_historical_params,8,1,games,0.4518166184425354,0.5973148941993713
direct_2d_historical_params,8,2,virtual,0.4009292423725128,0.6677437424659729
direct_2d_historical_params,8,3,game,0.32040154933929443,0.40607890486717224
direct_2d_historical_params,8,4,reality,0.16496732831001282,0.12774044275283813
direct_2d_historical_params,8,5,video,0.14546474814414978,0.560182511806488
direct_2d_historical_params,8,6,virtual reality,0.14298176765441895,0.786506712436676
direct_2d_historical_params,8,7,player,0.11179685592651367,0.565679669380188
direct_2d_historical_params,8,8,video games,0.10676150768995285,0.9462127089500427
direct_2d_historical_params,8,9,vr,0.10423480719327927,0.742585301399231
direct_2d_historical_params,8,10,players,0.1018526628613472,0.6481041312217712
direct_2d_historical_params,8,11,play,0.10177537798881531,0.12166226655244827
direct_2d_historical_params,8,12,videogames,0.09056875854730606,0.9888055920600891
direct_2d_historical_params,9,1,sport,0.5088844299316406,0.9427782297134399
direct_2d_historical_params,9,2,sports,0.30786868929862976,0.9163969159126282
direct_2d_historical_params,9,3,athletes,0.17213837802410126,0.9499654173851013
direct_2d_historical_params,9,4,sporting,0.16609279811382294,0.9854958653450012
direct_2d_historical_params,9,5,athlete,0.11346833407878876,0.9139457941055298
direct_2d_historical_params,9,6,performance,0.10179530829191208,0.11475832015275955
direct_2d_historical_params,9,7,game,0.10155293345451355,0.12870880961418152
direct_2d_historical_params,9,8,research,0.10060185194015503,0.03867588937282562
direct_2d_historical_params,9,9,running,0.08149529993534088,0.4872521460056305
direct_2d_historical_params,9,10,embodiment,0.07366113364696503,0.28318485617637634
direct_2d_historical_params,9,11,article,0.0732116550207138,0.0358518622815609
direct_2d_historical_params,9,12,physical,0.06957409530878067,0.07724735885858536
direct_2d_historical_params,10,1,design,0.3067111372947693,0.2542579472064972
direct_2d_historical_params,10,2,architecture,0.2864709496498108,0.5882375240325928
direct_2d_historical_params,10,3,urban,0.22564691305160522,0.6649398803710938
direct_2d_historical_params,10,4,architectural,0.21330228447914124,0.8770711421966553
direct_2d_historical_params,10,5,city,0.15185479819774628,0.4501330256462097
direct_2d_historical_params,10,6,space,0.12634024024009705,0.13644008338451385
direct_2d_historical_params,10,7,heritage,0.1249641701579094,0.6172760725021362
direct_2d_historical_params,10,8,spatial,0.12223027646541595,0.3224472403526306
direct_2d_historical_params,10,9,new,0.09435947984457016,0.03418438509106636
direct_2d_historical_params,10,10,study,0.09043128788471222,0.04074401780962944
direct_2d_historical_params,10,11,practice,0.08840642869472504,0.07460471242666245
direct_2d_historical_params,10,12,paper,0.08711075037717819,0.02112112008035183
direct_2d_historical_params,11,1,research,0.24134819209575653,0.09278512746095657
direct_2d_historical_params,11,2,scientific,0.22551696002483368,0.11711650341749191
direct_2d_historical_params,11,3,science,0.22080636024475098,0.07961998134851456
direct_2d_historical_params,11,4,publishing,0.18604423105716705,0.663831889629364
direct_2d_historical_params,11,5,academic,0.16004225611686707,0.24720700085163116
direct_2d_historical_params,11,6,peer review,0.1568603515625,0.9176962375640869
direct_2d_historical_params,11,7,peer,0.15259656310081482,0.4489457309246063
direct_2d_historical_params,11,8,retractions,0.14207826554775238,0.9575910568237305
direct_2d_historical_params,11,9,review,0.13334491848945618,0.05460664629936218
direct_2d_historical_params,11,10,retraction,0.13205914199352264,0.9217780232429504
direct_2d_historical_params,11,11,journals,0.13132864236831665,0.6151077151298523
direct_2d_historical_params,11,12,journal,0.11724541336297989,0.25475093722343445
direct_2d_historical_params,12,1,science,0.4957509934902191,0.1787615269422531
direct_2d_historical_params,12,2,scientific,0.4527122676372528,0.23510460555553436
direct_2d_historical_params,12,3,realism,0.23169954121112823,0.20656460523605347
direct_2d_historical_params,12,4,scientific realism,0.17015333473682404,0.833995521068573
direct_2d_historical_params,12,5,philosophy science,0.1633884310722351,0.2624688148498535
direct_2d_historical_params,12,6,philosophy,0.155879944562912,0.039041243493556976
direct_2d_historical_params,12,7,theories,0.13138537108898163,0.07259418815374374
direct_2d_historical_params,12,8,progress,0.12047849595546722,0.19981350004673004
direct_2d_historical_params,12,9,kuhn,0.1017206609249115,0.6611581444740295
direct_2d_historical_params,12,10,scientific progress,0.09467378258705139,0.7540985345840454
direct_2d_historical_params,12,11,popper,0.08516843616962433,0.509576141834259
direct_2d_historical_params,12,12,theory,0.07929670065641403,0.019013989716768265
direct_2d_historical_params,13,1,abortion,0.4414311945438385,0.8793372511863708
direct_2d_historical_params,13,2,genetic,0.2383487969636917,0.5917473435401917
direct_2d_historical_params,13,3,human,0.18561509251594543,0.059276677668094635
direct_2d_historical_params,13,4,reproductive,0.16835680603981018,0.7431656718254089
direct_2d_historical_params,13,5,pregnancy,0.13358567655086517,0.9084252715110779
direct_2d_historical_params,13,6,fetus,0.13211923837661743,0.9428245425224304
direct_2d_historical_params,13,7,moral,0.1302931010723114,0.04547792673110962
direct_2d_historical_params,13,8,eugenics,0.12333043664693832,0.8822814226150513
direct_2d_historical_params,13,9,ethics,0.1151040568947792,0.04918058589100838
direct_2d_historical_params,13,10,editing,0.10639146715402603,0.6237072348594666
direct_2d_historical_params,13,11,enhancement,0.1057295873761177,0.3188658058643341
direct_2d_historical_params,13,12,argument,0.10557926446199417,0.04419666901230812
direct_2d_historical_params,14,1,health,0.3253726363182068,0.3139643669128418
direct_2d_historical_params,14,2,medical,0.2501242160797119,0.32718542218208313
direct_2d_historical_params,14,3,medicine,0.21646612882614136,0.5274754166603088
direct_2d_historical_params,14,4,care,0.18276657164096832,0.2666988670825958
direct_2d_historical_params,14,5,ethics,0.15230125188827515,0.06507385522127151
direct_2d_historical_params,14,6,clinical,0.1464342474937439,0.3355611562728882
direct_2d_historical_params,14,7,patient,0.14565527439117432,0.44117075204849243
direct_2d_historical_params,14,8,research,0.14145541191101074,0.0543818399310112
direct_2d_historical_params,14,9,patients,0.1361112743616104,0.3844156265258789
direct_2d_historical_params,14,10,ethical,0.134457066655159,0.08109422773122787
direct_2d_historical_params,14,11,consent,0.1277938187122345,0.44640815258026123
direct_2d_historical_params,14,12,euthanasia,0.12464878708124161,0.6761951446533203
direct_2d_historical_params,15,1,covid,0.39651286602020264,0.541826605796814
direct_2d_historical_params,15,2,covid 19,0.3877001702785492,0.556248664855957
direct_2d_historical_params,15,3,19,0.3730029761791229,0.504712700843811
direct_2d_historical_params,15,4,pandemic,0.27768534421920776,0.5207865238189697
direct_2d_historical_params,15,5,vaccine,0.2293936312198639,0.9152194261550903
direct_2d_historical_params,15,6,vaccination,0.19566747546195984,0.953005850315094
direct_2d_historical_params,15,7,health,0.1238718256354332,0.11952861398458481
direct_2d_historical_params,15,8,vaccines,0.11817742884159088,0.9253339171409607
direct_2d_historical_params,15,9,19 pandemic,0.11579786986112595,0.45385220646858215
direct_2d_historical_params,15,10,coronavirus,0.09217405319213867,0.6695800423622131
direct_2d_historical_params,15,11,disease,0.08906477689743042,0.19233664870262146
direct_2d_historical_params,15,12,public,0.08379081636667252,0.06806942820549011
direct_2d_historical_params,16,1,climate,0.3786265254020691,0.6007909178733826
direct_2d_historical_params,16,2,environmental,0.3003579080104828,0.44278043508529663
direct_2d_historical_params,16,3,climate change,0.24182137846946716,0.6374323964118958
direct_2d_historical_params,16,4,change,0.19445525109767914,0.16814211010932922
direct_2d_historical_params,16,5,ecological,0.15176640450954437,0.3997943699359894
direct_2d_historical_params,16,6,ethics,0.12982872128486633,0.0554720014333725
direct_2d_historical_params,16,7,nature,0.11513473093509674,0.052437011152505875
direct_2d_historical_params,16,8,human,0.11166086792945862,0.035659197717905045
direct_2d_historical_params,16,9,global,0.09996313601732254,0.11736295372247696
direct_2d_historical_params,16,10,environment,0.08952715247869492,0.1209159642457962
direct_2d_historical_params,16,11,conservation,0.08732212334871292,0.3257698118686676
direct_2d_historical_params,16,12,ecology,0.08629268407821655,0.4381386935710907
direct_2d_historical_params,17,1,pain,0.21912600100040436,0.38870829343795776
direct_2d_historical_params,17,2,mental,0.18755307793617249,0.17482717335224152
direct_2d_historical_params,17,3,disorder,0.15969617664813995,0.7000512480735779
direct_2d_historical_params,17,4,psychiatric,0.14104287326335907,0.7789257168769836
direct_2d_historical_params,17,5,addiction,0.13398736715316772,0.6485081315040588
direct_2d_historical_params,17,6,psychiatry,0.13118082284927368,0.8167595267295837
direct_2d_historical_params,17,7,self,0.12035664916038513,0.061187390238046646
direct_2d_historical_params,17,8,disorders,0.11879855394363403,0.640044629573822
direct_2d_historical_params,17,9,experience,0.11176376044750214,0.0690818503499031
direct_2d_historical_params,17,10,depression,0.09724675863981247,0.5963294506072998
direct_2d_historical_params,17,11,psychoanalysis,0.09611968696117401,0.59886234998703
direct_2d_historical_params,17,12,therapy,0.09459410607814789,0.48717641830444336
direct_2d_historical_params,18,1,philosophy,0.20497296750545502,0.05133694410324097
direct_2d_historical_params,18,2,theory,0.10888481140136719,0.02610871195793152
direct_2d_historical_params,18,3,book,0.1079622283577919,0.06315002590417862
direct_2d_historical_params,18,4,world,0.10512546449899673,0.047168515622615814
direct_2d_historical_params,18,5,human,0.10264966636896133,0.0327814444899559
direct_2d_historical_params,18,6,social,0.10053272545337677,0.03641444444656372
direct_2d_historical_params,18,7,nature,0.09929528087377548,0.045223087072372437
direct_2d_historical_params,18,8,problem,0.09127788990736008,0.03621010109782219
direct_2d_historical_params,18,9,society,0.08018302172422409,0.08011609315872192
direct_2d_historical_params,18,10,point,0.07530991733074188,0.06796883791685104
direct_2d_historical_params,18,11,philosophical,0.07369837164878845,0.029174359515309334
direct_2d_historical_params,18,12,beauty,0.07190697640180588,0.17059096693992615
direct_2d_historical_params,19,1,evolutionary,0.3385770320892334,0.5633596777915955
direct_2d_historical_params,19,2,biology,0.31146204471588135,0.5502402186393738
direct_2d_historical_params,19,3,evolution,0.2860450744628906,0.37334108352661133
direct_2d_historical_params,19,4,biological,0.1901279240846634,0.2990519106388092
direct_2d_historical_params,19,5,selection,0.1343652456998825,0.2701142132282257
direct_2d_historical_params,19,6,life,0.13093876838684082,0.058992184698581696
direct_2d_historical_params,19,7,natural,0.12594804167747498,0.0813804343342781
direct_2d_historical_params,19,8,science,0.12178517132997513,0.04391419142484665
direct_2d_historical_params,19,9,theory,0.1212642565369606,0.029077092185616493
direct_2d_historical_params,19,10,systems,0.09484109282493591,0.06621003150939941
direct_2d_historical_params,19,11,species,0.0931411013007164,0.1743699163198471
direct_2d_historical_params,19,12,darwin,0.09247075766324997,0.5664955973625183
direct_2d_historical_params,20,1,time,0.36768126487731934,0.18812952935695648
direct_2d_historical_params,20,2,quantum,0.3440621495246887,0.6671945452690125
direct_2d_historical_params,20,3,physics,0.19082897901535034,0.31232795119285583
direct_2d_historical_params,20,4,mechanics,0.18473978340625763,0.6371631622314453
direct_2d_historical_params,20,5,theory,0.17228682339191437,0.04131142795085907
direct_2d_historical_params,20,6,space,0.15868830680847168,0.17137411236763
direct_2d_historical_params,20,7,quantum mechanics,0.15498720109462738,0.7563179135322571
direct_2d_historical_params,20,8,relativity,0.13745051622390747,0.4780982732772827
direct_2d_historical_params,20,9,temporal,0.13581334054470062,0.29886797070503235
direct_2d_historical_params,20,10,physical,0.11061390489339828,0.12281341105699539
direct_2d_historical_params,20,11,universe,0.10659570246934891,0.23218011856079102
direct_2d_historical_params,20,12,paper,0.0878552496433258,0.0213016327470541
direct_2d_historical_params,21,1,personal identity,0.4536503553390503,0.7594629526138306
direct_2d_historical_params,21,2,identity,0.43880945444107056,0.2420831173658371
direct_2d_historical_params,21,3,personal,0.376830518245697,0.33655381202697754
direct_2d_historical_params,21,4,persons,0.16352488100528717,0.2621208727359772
direct_2d_historical_params,21,5,psychological,0.14616835117340088,0.15065601468086243
direct_2d_historical_params,21,6,skill,0.14365823566913605,0.4939415454864502
direct_2d_historical_params,21,7,self,0.13402783870697021,0.06813760101795197
direct_2d_historical_params,21,8,person,0.13308706879615784,0.12519460916519165
direct_2d_historical_params,21,9,psychological continuity,0.1280776709318161,0.9331818222999573
direct_2d_historical_params,21,10,continuity,0.11184369027614594,0.28281670808792114
direct_2d_historical_params,21,11,skills,0.10033408552408218,0.2248360514640808
direct_2d_historical_params,21,12,narrative,0.08946844935417175,0.11814495921134949
direct_2d_historical_params,22,1,conditionals,0.5825064182281494,0.8187254071235657
direct_2d_historical_params,22,2,counterfactuals,0.4292421042919159,0.7653284072875977
direct_2d_historical_params,22,3,conditional,0.30477938055992126,0.49121397733688354
direct_2d_historical_params,22,4,indicative,0.17784975469112396,0.7524236440658569
direct_2d_historical_params,22,5,indicative conditionals,0.16188697516918182,0.9418439865112305
direct_2d_historical_params,22,6,counterfactual,0.14020198583602905,0.4061901569366455
direct_2d_historical_params,22,7,semantics,0.11121681332588196,0.1193976029753685
direct_2d_historical_params,22,8,counterpossibles,0.10681737959384918,0.7164463996887207
direct_2d_historical_params,22,9,antecedent,0.09954829514026642,0.6950876712799072
direct_2d_historical_params,22,10,truth,0.08717451244592667,0.045348718762397766
direct_2d_historical_params,22,11,theory,0.07982523739337921,0.01914072409272194
direct_2d_historical_params,22,12,stalnaker,0.07779009640216827,0.6241359710693359
direct_2d_historical_params,23,1,collective,0.3913043439388275,0.4210169315338135
direct_2d_historical_params,23,2,group,0.36173802614212036,0.3534301519393921
direct_2d_historical_params,23,3,agency,0.20724786818027496,0.19377443194389343
direct_2d_historical_params,23,4,agents,0.19027723371982574,0.20230825245380402
direct_2d_historical_params,23,5,groups,0.18589776754379272,0.25737234950065613
direct_2d_historical_params,23,6,action,0.18409447371959686,0.13747358322143555
direct_2d_historical_params,23,7,social,0.14917922019958496,0.05403492599725723
direct_2d_historical_params,23,8,shared,0.14646537601947784,0.24797384440898895
direct_2d_historical_params,23,9,game,0.12978507578372955,0.16449040174484253
direct_2d_historical_params,23,10,individual,0.12967553734779358,0.11408472061157227
direct_2d_historical_params,23,11,joint,0.12252633273601532,0.34252434968948364
direct_2d_historical_params,23,12,group agents,0.11922784894704819,0.9427400827407837
direct_2d_historical_params,24,1,intuitions,0.2926698327064514,0.4038948714733124
direct_2d_historical_params,24,2,experimental philosophy,0.291126012802124,0.7496241927146912
direct_2d_historical_params,24,3,experimental,0.2712820768356323,0.3484099209308624
direct_2d_historical_params,24,4,knowledge,0.21998344361782074,0.08282347023487091
direct_2d_historical_params,24,5,luck,0.21320341527462006,0.5300412178039551
direct_2d_historical_params,24,6,philosophy,0.2106083184480667,0.05274835601449013
direct_2d_historical_params,24,7,knowing,0.1579541563987732,0.29249948263168335
direct_2d_historical_params,24,8,intuition,0.1570434868335724,0.29033809900283813
direct_2d_historical_params,24,9,philosophical,0.150895357131958,0.059733688831329346
direct_2d_historical_params,24,10,epistemic,0.1499498188495636,0.0699848160147667
direct_2d_historical_params,24,11,virtue,0.12889541685581207,0.15148194134235382
direct_2d_historical_params,24,12,philosophers,0.12286672741174698,0.08726920187473297
direct_2d_historical_params,25,1,philosophy,0.33436354994773865,0.08374373614788055
direct_2d_historical_params,25,2,wittgenstein,0.2858235836029053,0.2579911947250366
direct_2d_historical_params,25,3,pragmatism,0.25457531213760376,0.5288058519363403
direct_2d_historical_params,25,4,analytic,0.2253575474023819,0.3374097943305969
direct_2d_historical_params,25,5,analytic philosophy,0.1668531447649002,0.5247278809547424
direct_2d_historical_params,25,6,philosophical,0.13364984095096588,0.05290684849023819
direct_2d_historical_params,25,7,kant,0.12242772430181503,0.10426483303308487
direct_2d_historical_params,25,8,russell,0.11966162919998169,0.259380042552948
direct_2d_historical_params,25,9,metaphysics,0.11652084439992905,0.09055224061012268
direct_2d_historical_params,25,10,quine,0.11162787675857544,0.33635666966438293
direct_2d_historical_params,25,11,simplicity,0.10348695516586304,0.46619686484336853
direct_2d_historical_params,25,12,divine simplicity,0.10347972810268402,0.9465436339378357
direct_2d_historical_params,26,1,education,0.3826572299003601,0.47344303131103516
direct_2d_historical_params,26,2,students,0.25941112637519836,0.37062811851501465
direct_2d_historical_params,26,3,learning,0.20721527934074402,0.20187024772167206
direct_2d_historical_params,26,4,study,0.19659066200256348,0.0885743573307991
direct_2d_historical_params,26,5,educational,0.16460776329040527,0.44168394804000854
direct_2d_historical_params,26,6,teaching,0.1628149002790451,0.3787791430950165
direct_2d_historical_params,26,7,teachers,0.15438824892044067,0.6817585825920105
direct_2d_historical_params,26,8,school,0.1489870697259903,0.37994155287742615
direct_2d_historical_params,26,9,research,0.1229436844587326,0.04726509749889374
direct_2d_historical_params,26,10,philosophy,0.1078428104519844,0.027010001242160797
direct_2d_historical_params,26,11,schools,0.09879687428474426,0.4743710458278656
direct_2d_historical_params,26,12,data,0.0949028730392456,0.06598983705043793
direct_2d_historical_params,27,1,composition,0.5712923407554626,0.7924241423606873
direct_2d_historical_params,27,2,identity,0.2974211871623993,0.16408181190490723
direct_2d_historical_params,27,3,composition identity,0.2835383415222168,0.995887815952301
direct_2d_historical_params,27,4,parts,0.2335958480834961,0.3277236819267273
direct_2d_historical_params,27,5,mereological,0.2170262187719345,0.762690544128418
direct_2d_historical_params,27,6,objects,0.16636860370635986,0.13666941225528717
direct_2d_historical_params,27,7,material,0.13713490962982178,0.18860390782356262
direct_2d_historical_params,27,8,mereology,0.11069311201572418,0.802548885345459
direct_2d_historical_params,27,9,nihilism,0.107725128531456,0.4320681393146515
direct_2d_historical_params,27,10,simples,0.10684742778539658,0.8536097407341003
direct_2d_historical_params,27,11,material constitution,0.09364637732505798,0.9210923910140991
direct_2d_historical_params,27,12,composition question,0.08309280127286911,0.989184558391571
direct_2d_historical_params,28,1,intelligence,0.41250845789909363,0.34564223885536194
direct_2d_historical_params,28,2,ai,0.3039622902870178,0.2329167127609253
direct_2d_historical_params,28,3,artificial,0.2901833653450012,0.24324879050254822
direct_2d_historical_params,28,4,artificial intelligence,0.23885546624660492,0.3143184781074524
direct_2d_historical_params,28,5,machine,0.17101499438285828,0.2556401193141937
direct_2d_historical_params,28,6,human,0.16462667286396027,0.05257396772503853
direct_2d_historical_params,28,7,simulation,0.14680269360542297,0.31035083532333374
direct_2d_historical_params,28,8,machines,0.13052095472812653,0.287308931350708
direct_2d_historical_params,28,9,agent,0.126115620136261,0.1506190150976181
direct_2d_historical_params,28,10,computer,0.11724104732275009,0.20841717720031738
direct_2d_historical_params,28,11,simulations,0.11317578703165054,0.5876088738441467
direct_2d_historical_params,28,12,intelligent,0.1104411855340004,0.22497332096099854
direct_2d_historical_params,29,1,ai,0.5673057436943054,0.43470847606658936
direct_2d_historical_params,29,2,artificial,0.2906167805194855,0.2436121106147766
direct_2d_historical_params,29,3,intelligence,0.22418521344661713,0.18784555792808533
direct_2d_historical_params,29,4,artificial intelligence,0.21465949714183807,0.28247812390327454
direct_2d_historical_params,29,5,systems,0.13405610620975494,0.09358663856983185
direct_2d_historical_params,29,6,moral,0.12536156177520752,0.04375660791993141
direct_2d_historical_params,29,7,machine,0.12497404217720032,0.1868162304162979
direct_2d_historical_params,29,8,ethics,0.1243891790509224,0.05314784497022629
direct_2d_historical_params,29,9,algorithmic,0.11323029547929764,0.5074951648712158
direct_2d_historical_params,29,10,human,0.1123444214463234,0.035877492278814316
direct_2d_historical_params,29,11,ai systems,0.09568814188241959,0.48586782813072205
direct_2d_historical_params,29,12,machines,0.09290371835231781,0.2045040726661682
direct_2d_historical_params,30,1,causation,0.44776907563209534,0.5854151844978333
direct_2d_historical_params,30,2,causal,0.3445761203765869,0.3082357347011566
direct_2d_historical_params,30,3,explanation,0.27176040410995483,0.21237947046756744
direct_2d_historical_params,30,4,disagreement,0.2647186815738678,0.41019144654273987
direct_2d_historical_params,30,5,explanations,0.15730096399784088,0.26143860816955566
direct_2d_historical_params,30,6,explanatory,0.15090300142765045,0.23233124613761902
direct_2d_historical_params,30,7,cause,0.12404584139585495,0.22179676592350006
direct_2d_historical_params,30,8,causes,0.11206027865409851,0.21753709018230438
direct_2d_historical_params,30,9,peer disagreement,0.10747732222080231,0.9328847527503967
direct_2d_historical_params,30,10,peer,0.10581982135772705,0.3113265037536621
direct_2d_historical_params,30,11,scientific,0.10113269835710526,0.05252069607377052
direct_2d_historical_params,30,12,epistemic,0.09678205847740173,0.04517027363181114
direct_2d_historical_params,31,1,perception,0.41695743799209595,0.37739071249961853
direct_2d_historical_params,31,2,perceptual,0.39755958318710327,0.5660421252250671
direct_2d_historical_params,31,3,visual,0.2576828896999359,0.4941655695438385
direct_2d_historical_params,31,4,experience,0.20580247044563293,0.12720774114131927
direct_2d_historical_params,31,5,content,0.13060632348060608,0.134539395570755
direct_2d_historical_params,31,6,attention,0.12575168907642365,0.11345162987709045
direct_2d_historical_params,31,7,sensory,0.12402381747961044,0.36954158544540405
direct_2d_historical_params,31,8,phenomenal,0.10884643346071243,0.2693578004837036
direct_2d_historical_params,31,9,objects,0.108474500477314,0.08911023288965225
direct_2d_historical_params,31,10,vision,0.10682366043329239,0.2729572355747223
direct_2d_historical_params,31,11,perceptual experience,0.10536620020866394,0.7377399802207947
direct_2d_historical_params,31,12,seeing,0.10397884249687195,0.30546078085899353
direct_2d_historical_params,32,1,employees,0.2490740269422531,0.862697184085846
direct_2d_historical_params,32,2,study,0.24016931653022766,0.10820881277322769
direct_2d_historical_params,32,3,management,0.22607316076755524,0.3268383741378784
direct_2d_historical_params,32,4,organizational,0.2127351611852646,0.6659401059150696
direct_2d_historical_params,32,5,job,0.12137860804796219,0.45297738909721375
direct_2d_historical_params,32,6,gaza,0.11906550824642181,0.7865312695503235
direct_2d_historical_params,32,7,performance,0.11598149687051773,0.13075102865695953
direct_2d_historical_params,32,8,employee,0.11378060281276703,0.8499835729598999
direct_2d_historical_params,32,9,sample,0.10934658348560333,0.34613868594169617
direct_2d_historical_params,32,10,work,0.10731279104948044,0.04765690118074417
direct_2d_historical_params,32,11,results,0.10726198554039001,0.07891278713941574
direct_2d_historical_params,32,12,research,0.09983748197555542,0.03838203102350235
direct_2d_historical_params,33,1,media,0.29085007309913635,0.463609904050827
direct_2d_historical_params,33,2,information,0.2625240683555603,0.1696563959121704
direct_2d_historical_params,33,3,digital,0.2456369251012802,0.3508758842945099
direct_2d_historical_params,33,4,social,0.21838589012622833,0.07910261303186417
direct_2d_historical_params,33,5,online,0.19342146813869476,0.39802491664886475
direct_2d_historical_params,33,6,social media,0.19153892993927002,0.6909040212631226
direct_2d_historical_params,33,7,privacy,0.18969687819480896,0.6189635992050171
direct_2d_historical_params,33,8,internet,0.18293550610542297,0.6026365160942078
direct_2d_historical_params,33,9,technology,0.12640510499477386,0.09470321983098984
direct_2d_historical_params,33,10,ethics,0.11483810842037201,0.04906695336103439
direct_2d_historical_params,33,11,technologies,0.10116042196750641,0.1458113193511963
direct_2d_historical_params,33,12,news,0.10034413635730743,0.42525702714920044
direct_2d_historical_params,34,1,business,0.3295769691467285,0.4797602891921997
direct_2d_historical_params,34,2,innovation,0.26308712363243103,0.5005244016647339
direct_2d_historical_params,34,3,corporate,0.17780619859695435,0.5122342109680176
direct_2d_historical_params,34,4,responsible,0.15535709261894226,0.25034263730049133
direct_2d_historical_params,34,5,research,0.14177334308624268,0.054504066705703735
direct_2d_historical_params,34,6,responsible innovation,0.13448955118656158,0.7786694169044495
direct_2d_historical_params,34,7,ethics,0.11743000894784927,0.050174396485090256
direct_2d_historical_params,34,8,marketing,0.11701976507902145,0.7169391512870789
direct_2d_historical_params,34,9,entrepreneurship,0.11451830714941025,0.7055625915527344
direct_2d_historical_params,34,10,social,0.11403775960206985,0.04130616784095764
direct_2d_historical_params,34,11,study,0.11167018860578537,0.05031324923038483
direct_2d_historical_params,34,12,business ethics,0.10775414854288101,0.6136072874069214
direct_2d_historical_params,35,1,technology,0.558773934841156,0.41863569617271423
direct_2d_historical_params,35,2,technological,0.2917281985282898,0.4388734996318817
direct_2d_historical_params,35,3,human,0.1526322066783905,0.04874350503087044
direct_2d_historical_params,35,4,philosophy technology,0.14749540388584137,0.8104680180549622
direct_2d_historical_params,35,5,technologies,0.1472862958908081,0.21229656040668488
direct_2d_historical_params,35,6,philosophy,0.12122581899166107,0.030361872166395187
direct_2d_historical_params,35,7,ethics,0.11957379430532455,0.05109037086367607
direct_2d_historical_params,35,8,heidegger,0.10350287705659866,0.16965435445308685
direct_2d_historical_params,35,9,design,0.10183142125606537,0.08441638946533203
direct_2d_historical_params,35,10,ethical,0.09597934782505035,0.05788740515708923
direct_2d_historical_params,35,11,social,0.09555913507938385,0.03461293503642082
direct_2d_historical_params,35,12,science,0.09410231560468674,0.03393210470676422
direct_2d_historical_params,36,1,film,0.5987342000007629,0.7820137143135071
direct_2d_historical_params,36,2,films,0.25599610805511475,0.8700861930847168
direct_2d_historical_params,36,3,cinema,0.2087317854166031,0.8942399621009827
direct_2d_historical_params,36,4,philosophy,0.10015575587749481,0.02508472464978695
direct_2d_historical_params,36,5,review,0.09907231479883194,0.04057152569293976
direct_2d_historical_params,36,6,cinematic,0.09846140444278717,0.9545975923538208
direct_2d_historical_params,36,7,art,0.09090321511030197,0.07728181034326553
direct_2d_historical_params,36,8,narrative,0.08965928852558136,0.11839696764945984
direct_2d_historical_params,36,9,book,0.0842568501830101,0.049284111708402634
direct_2d_historical_params,36,10,movie,0.0816725566983223,0.600656270980835
direct_2d_historical_params,36,11,time,0.07425380498170853,0.03799305111169815
direct_2d_historical_params,36,12,fiction,0.0734936073422432,0.09032292664051056
direct_2d_historical_params,37,1,art,0.5237748026847839,0.4452897012233734
direct_2d_historical_params,37,2,aesthetic,0.500491201877594,0.6048413515090942
direct_2d_historical_params,37,3,aesthetics,0.2893020212650299,0.4766976833343506
direct_2d_historical_params,37,4,beauty,0.189003124833107,0.448388010263443
direct_2d_historical_params,37,5,artworks,0.10551480948925018,0.6263032555580139
direct_2d_historical_params,37,6,taste,0.08637166768312454,0.5555950403213501
direct_2d_historical_params,37,7,kant,0.08498235791921616,0.07237471640110016
direct_2d_historical_params,37,8,experience,0.07850595563650131,0.04852500185370445
direct_2d_historical_params,37,9,theory,0.07817283272743225,0.01874450594186783
direct_2d_historical_params,37,10,artistic,0.07517220824956894,0.35675564408302307
direct_2d_historical_params,37,11,value,0.07214874029159546,0.03776774927973747
direct_2d_historical_params,37,12,work,0.07077004015445709,0.0314285084605217
direct_2d_historical_params,38,1,love,0.4485015869140625,0.5280429720878601
direct_2d_historical_params,38,2,life,0.3658606708049774,0.16483215987682343
direct_2d_historical_params,38,3,meaning life,0.274262398481369,0.7297707796096802
direct_2d_historical_params,38,4,meaning,0.2730361819267273,0.1670949012041092
direct_2d_historical_params,38,5,death,0.23420564830303192,0.3327302634716034
direct_2d_historical_params,38,6,forgiveness,0.2255346029996872,0.8284284472465515
direct_2d_historical_params,38,7,meaningful,0.11359137296676636,0.2929379940032959
direct_2d_historical_params,38,8,lives,0.10635048896074295,0.17078249156475067
direct_2d_historical_params,38,9,value,0.09823233634233475,0.051421746611595154
direct_2d_historical_params,38,10,argue,0.08775915205478668,0.02646748162806034
direct_2d_historical_params,38,11,reasons,0.07046608626842499,0.04569954797625542
direct_2d_historical_params,38,12,forgive,0.07016167044639587,0.7972249984741211
direct_2d_historical_params,39,1,consciousness,0.4609690308570862,0.4673520624637604
direct_2d_historical_params,39,2,mind,0.28810426592826843,0.22570791840553284
direct_2d_historical_params,39,3,cognitive,0.13942840695381165,0.09983453899621964
direct_2d_historical_params,39,4,mental,0.13863204419612885,0.12922553718090057
direct_2d_historical_params,39,5,brain,0.134255513548851,0.3141742944717407
direct_2d_historical_params,39,6,conscious,0.1321059763431549,0.3283972144126892
direct_2d_historical_params,39,7,self,0.1312800645828247,0.06674067676067352
direct_2d_historical_params,39,8,problem,0.11396810412406921,0.04521134868264198
direct_2d_historical_params,39,9,body,0.11001864820718765,0.13785019516944885
direct_2d_historical_params,39,10,theory,0.10689173638820648,0.025630807504057884
direct_2d_historical_params,39,11,phenomenal,0.10177317261695862,0.251853883266449
direct_2d_historical_params,39,12,science,0.09721431136131287,0.03505425155162811
direct_2d_historical_params,40,1,memory,0.7552390098571777,0.7420066595077515
direct_2d_historical_params,40,2,episodic,0.22905853390693665,0.8485459685325623
direct_2d_historical_params,40,3,remembering,0.20654623210430145,0.7850089073181152
direct_2d_historical_params,40,4,episodic memory,0.17066556215286255,0.9058623313903809
direct_2d_historical_params,40,5,memories,0.14861294627189636,0.6149057745933533
direct_2d_historical_params,40,6,past,0.1423305720090866,0.18908078968524933
direct_2d_historical_params,40,7,forgetting,0.09836672246456146,0.8103323578834534
direct_2d_historical_params,40,8,mental time,0.09268239885568619,0.8939669728279114
direct_2d_historical_params,40,9,philosophy memory,0.08762552589178085,1.0
direct_2d_historical_params,40,10,mental,0.08472444117069244,0.07897569239139557
direct_2d_historical_params,40,11,time travel,0.08232755213975906,0.5636519193649292
direct_2d_historical_params,40,12,travel,0.0740337073802948,0.3144821524620056
direct_2d_historical_params,41,1,emotions,0.6216275691986084,0.6019434332847595
direct_2d_historical_params,41,2,emotion,0.4332100450992584,0.5731537342071533
direct_2d_historical_params,41,3,emotional,0.22831857204437256,0.34681034088134766
direct_2d_historical_params,41,4,affective,0.17793534696102142,0.39234015345573425
direct_2d_historical_params,41,5,feeling,0.12147999554872513,0.325104296207428
direct_2d_historical_params,41,6,moods,0.10556662082672119,0.7500090003013611
direct_2d_historical_params,41,7,theory,0.08517280220985413,0.020422978326678276
direct_2d_historical_params,41,8,feelings,0.08432281762361526,0.26025551557540894
direct_2d_historical_params,41,9,experience,0.0821804627776146,0.05079623684287071
direct_2d_historical_params,41,10,account,0.07083509117364883,0.027648448944091797
direct_2d_historical_params,41,11,affect,0.07023079693317413,0.1471714824438095
direct_2d_historical_params,41,12,intentionality,0.06895504891872406,0.18696442246437073
direct_2d_historical_params,42,1,empathy,0.42815065383911133,0.6613144874572754
direct_2d_historical_params,42,2,anger,0.1987772285938263,0.7602328062057495
direct_2d_historical_params,42,3,pleasure,0.1979428231716156,0.49621349573135376
direct_2d_historical_params,42,4,hedonism,0.1494554579257965,0.8411155939102173
direct_2d_historical_params,42,5,happiness,0.14027689397335052,0.4629053473472595
direct_2d_historical_params,42,6,envy,0.1321106106042862,0.7784817814826965
direct_2d_historical_params,42,7,good,0.1300552636384964,0.08510749042034149
direct_2d_historical_params,42,8,desire,0.12827527523040771,0.2008724808692932
direct_2d_historical_params,42,9,value,0.12577739357948303,0.06584077328443527
direct_2d_historical_params,42,10,emotions,0.12270228564739227,0.11881685256958008
direct_2d_historical_params,42,11,life,0.1214655339717865,0.054724182933568954
direct_2d_historical_params,42,12,moral,0.11088158935308456,0.03870246931910515
direct_2d_historical_params,43,1,philosophy,0.29182201623916626,0.07308890670537949
direct_2d_historical_params,43,2,god,0.22603458166122437,0.23207958042621613
direct_2d_historical_params,43,3,religious,0.1990557610988617,0.28903043270111084
direct_2d_historical_params,43,4,religion,0.19616980850696564,0.33068808913230896
direct_2d_historical_params,43,5,philosophical,0.13591447472572327,0.05380333214998245
direct_2d_historical_params,43,6,divine,0.1267533004283905,0.3111710846424103
direct_2d_historical_params,43,7,history,0.12605172395706177,0.09305799007415771
direct_2d_historical_params,43,8,review,0.1221131980419159,0.05000709742307663
direct_2d_historical_params,43,9,faith,0.11245188117027283,0.34324929118156433
direct_2d_historical_params,43,10,plato,0.11229395121335983,0.1966433972120285
direct_2d_historical_params,43,11,theology,0.09139176458120346,0.2439940720796585
direct_2d_historical_params,43,12,christian,0.08806407451629639,0.2166071981191635
direct_2d_historical_params,44,1,fiction,0.497968465089798,0.6119983792304993
direct_2d_historical_params,44,2,fictional,0.4309920370578766,0.7270623445510864
direct_2d_historical_params,44,3,fictionalism,0.21080191433429718,0.7916697859764099
direct_2d_historical_params,44,4,fictions,0.19061891734600067,0.6789315938949585
direct_2d_historical_params,44,5,narrative,0.13394002616405487,0.17687061429023743
direct_2d_historical_params,44,6,mental fictionalism,0.12437526136636734,1.0
direct_2d_historical_params,44,7,stories,0.12333934009075165,0.4408148527145386
direct_2d_historical_params,44,8,truth,0.11399640142917633,0.05930162966251373
direct_2d_historical_params,44,9,mental,0.09723091870546341,0.0906335785984993
direct_2d_historical_params,44,10,fictional characters,0.09559915959835052,0.9160048961639404
direct_2d_historical_params,44,11,story,0.08028747886419296,0.18065348267555237
direct_2d_historical_params,44,12,characters,0.07980552315711975,0.3043527603149414
direct_2d_historical_params,45,1,decision,0.23740127682685852,0.22269299626350403
direct_2d_historical_params,45,2,aggregation,0.23466891050338745,0.7142071723937988
direct_2d_historical_params,45,3,choice,0.1898125261068344,0.23445798456668854
direct_2d_historical_params,45,4,rational,0.16466136276721954,0.18224862217903137
direct_2d_historical_params,45,5,rationality,0.16350717842578888,0.21709132194519043
direct_2d_historical_params,45,6,theory,0.15988636016845703,0.038338009268045425
direct_2d_historical_params,45,7,decision theory,0.1573706567287445,0.6757404804229736
direct_2d_historical_params,45,8,judgment aggregation,0.15201252698898315,0.8670318126678467
direct_2d_historical_params,45,9,risk,0.1517987698316574,0.19936226308345795
direct_2d_historical_params,45,10,utility,0.14706221222877502,0.38470450043678284
direct_2d_historical_params,45,11,action,0.13521216809749603,0.10097043961286545
direct_2d_historical_params,45,12,preferences,0.13450948894023895,0.37140607833862305
direct_2d_historical_params,46,1,moral,0.5585082173347473,0.19494351744651794
direct_2d_historical_params,46,2,ethics,0.17458301782608032,0.07459419965744019
direct_2d_historical_params,46,3,reasons,0.15175363421440125,0.09841717034578323
direct_2d_historical_params,46,4,morality,0.13865239918231964,0.17556096613407135
direct_2d_historical_params,46,5,normative,0.12204679101705551,0.1141943484544754
direct_2d_historical_params,46,6,free,0.11573664098978043,0.1313241720199585
direct_2d_historical_params,46,7,responsibility,0.11418398469686508,0.1257256269454956
direct_2d_historical_params,46,8,kant,0.11181243509054184,0.09522438794374466
direct_2d_historical_params,46,9,argue,0.10966726392507553,0.03307479992508888
direct_2d_historical_params,46,10,virtue,0.10736318677663803,0.1261765956878662
direct_2d_historical_params,46,11,theory,0.1000814214348793,0.02399780973792076
direct_2d_historical_params,46,12,good,0.0962684378027916,0.06299756467342377
direct_2d_historical_params,47,1,ontology,0.372589647769928,0.23329401016235352
direct_2d_historical_params,47,2,ontological,0.27460217475891113,0.25579777359962463
direct_2d_historical_params,47,3,properties,0.19340531527996063,0.15402120351791382
direct_2d_historical_params,47,4,dispositions,0.1712503284215927,0.41830477118492126
direct_2d_historical_params,47,5,kinds,0.161406010389328,0.15890969336032867
direct_2d_historical_params,47,6,natural kinds,0.1471385806798935,0.6468328237533569
direct_2d_historical_params,47,7,natural,0.14208906888961792,0.09180984646081924
direct_2d_historical_params,47,8,metaphysics,0.13690632581710815,0.10639447718858719
direct_2d_historical_params,47,9,existence,0.13398942351341248,0.10727210342884064
direct_2d_historical_params,47,10,categories,0.13133428990840912,0.24449555575847626
direct_2d_historical_params,47,11,universals,0.12051523476839066,0.46207794547080994
direct_2d_historical_params,47,12,laws,0.11186783760786057,0.15451252460479736
direct_2d_historical_params,48,1,economics,0.37609657645225525,0.5870879888534546
direct_2d_historical_params,48,2,economic,0.31634145975112915,0.34385737776756287
direct_2d_historical_params,48,3,market,0.23857051134109497,0.5399564504623413
direct_2d_historical_params,48,4,social,0.16801542043685913,0.060857679694890976
direct_2d_historical_params,48,5,markets,0.1310616135597229,0.6718713045120239
direct_2d_historical_params,48,6,trade,0.12526468932628632,0.43981078267097473
direct_2d_historical_params,48,7,theory,0.12007394433021545,0.028791675344109535
direct_2d_historical_params,48,8,economy,0.09987184405326843,0.271493524312973
direct_2d_historical_params,48,9,review,0.08686713874340057,0.035573333501815796
direct_2d_historical_params,48,10,justice,0.08608166873455048,0.07876494526863098
direct_2d_historical_params,48,11,austrian,0.08498701453208923,0.6692779064178467
direct_2d_historical_params,48,12,business,0.08350322395563126,0.12155439704656601
direct_2d_historical_params,49,1,race,0.3677437901496887,0.6391737461090088
direct_2d_historical_params,49,2,feminist,0.3034151494503021,0.442157119512558
direct_2d_historical_params,49,3,racial,0.21620595455169678,0.6999529600143433
direct_2d_historical_params,49,4,social,0.1743146926164627,0.06313936412334442
direct_2d_historical_params,49,5,racism,0.15112294256687164,0.5759230256080627
direct_2d_historical_params,49,6,feminism,0.15083736181259155,0.5244166851043701
direct_2d_historical_params,49,7,epistemic,0.1470220386981964,0.06861835718154907
direct_2d_historical_params,49,8,injustice,0.1425359845161438,0.3133683204650879
direct_2d_historical_params,49,9,black,0.12774775922298431,0.3883119225502014
direct_2d_historical_params,49,10,white,0.12422352284193039,0.41607362031936646
direct_2d_historical_params,49,11,women,0.11936203390359879,0.15781491994857788
direct_2d_historical_params,49,12,oppression,0.11340806633234024,0.420703649520874
direct_2d_historical_params,50,1,gender,0.5482290387153625,0.5809125900268555
direct_2d_historical_params,50,2,women,0.28118079900741577,0.3717641532421112
direct_2d_historical_params,50,3,sex,0.24629530310630798,0.45127514004707336
direct_2d_historical_params,50,4,sexual,0.2310938537120819,0.5605652928352356
direct_2d_historical_params,50,5,feminist,0.15772099792957306,0.22984172403812408
direct_2d_historical_params,50,6,trans,0.1444430947303772,0.6759604811668396
direct_2d_historical_params,50,7,woman,0.1146191880106926,0.4890393316745758
direct_2d_historical_params,50,8,sexuality,0.11176042258739471,0.6223682165145874
direct_2d_historical_params,50,9,marriage,0.10332471877336502,0.6109233498573303
direct_2d_historical_params,50,10,sexual orientation,0.10169626772403717,0.9121713638305664
direct_2d_historical_params,50,11,social,0.09849831461906433,0.035677552223205566
direct_2d_historical_params,50,12,identity,0.0936289131641388,0.05165335163474083
direct_2d_historical_params,51,1,assertion,0.4413260817527771,0.6712039709091187
direct_2d_historical_params,51,2,knowledge,0.30496224761009216,0.11481787264347076
direct_2d_historical_params,51,3,pragmatic,0.2411831170320511,0.3470332622528076
direct_2d_historical_params,51,4,pragmatic encroachment,0.21028687059879303,0.962094247341156
direct_2d_historical_params,51,5,encroachment,0.20176416635513306,0.8955615162849426
direct_2d_historical_params,51,6,norm,0.17216302454471588,0.44207608699798584
direct_2d_historical_params,51,7,epistemic,0.1637006253004074,0.07640261203050613
direct_2d_historical_params,51,8,arguments,0.16281281411647797,0.09189292788505554
direct_2d_historical_params,51,9,belief,0.13696350157260895,0.09226609766483307
direct_2d_historical_params,51,10,norm assertion,0.13101617991924286,0.976883053779602
direct_2d_historical_params,51,11,argumentation,0.12599042057991028,0.3501184284687042
direct_2d_historical_params,51,12,assertions,0.1257621794939041,0.5475844740867615
direct_2d_historical_params,52,1,law,0.4470324218273163,0.34997034072875977
direct_2d_historical_params,52,2,legal,0.4108079969882965,0.452464759349823
direct_2d_historical_params,52,3,punishment,0.25588110089302063,0.6537608504295349
direct_2d_historical_params,52,4,criminal,0.17797009646892548,0.5923594236373901
direct_2d_historical_params,52,5,rights,0.13522446155548096,0.13423825800418854
direct_2d_historical_params,52,6,justice,0.13373339176177979,0.12236639857292175
direct_2d_historical_params,52,7,theory,0.09593366086483002,0.023003248497843742
direct_2d_historical_params,52,8,moral,0.0919925719499588,0.03210938721895218
direct_2d_historical_params,52,9,evidence,0.07584238052368164,0.048641834408044815
direct_2d_historical_params,52,10,crime,0.07583075761795044,0.500982403755188
direct_2d_historical_params,52,11,criminal law,0.07241234183311462,0.7339497804641724
direct_2d_historical_params,52,12,proof,0.0716538056731224,0.11329948157072067
direct_2d_historical_params,53,1,mathematical,0.3291580379009247,0.3010265827178955
direct_2d_historical_params,53,2,mathematics,0.29701149463653564,0.21672427654266357
direct_2d_historical_params,53,3,set,0.2458815574645996,0.17736053466796875
direct_2d_historical_params,53,4,logic,0.23932567238807678,0.11654138565063477
direct_2d_historical_params,53,5,set theory,0.19210362434387207,0.5962272882461548
direct_2d_historical_params,53,6,proof,0.17718280851840973,0.28016266226768494
direct_2d_historical_params,53,7,theorem,0.1742224097251892,0.3282719552516937
direct_2d_historical_params,53,8,theory,0.15668554604053497,0.03757051005959511
direct_2d_historical_params,53,9,proofs,0.13846157491207123,0.44694846868515015
direct_2d_historical_params,53,10,axioms,0.10054526478052139,0.3826409578323364
direct_2d_historical_params,53,11,formal,0.09986688196659088,0.11115370690822601
direct_2d_historical_params,53,12,theoretic,0.09439437836408615,0.24669621884822845
direct_2d_historical_params,54,1,mathematics,0.6414758563041687,0.46807411313056946
direct_2d_historical_params,54,2,mathematical,0.3361213803291321,0.307394802570343
direct_2d_historical_params,54,3,philosophy mathematics,0.1970583200454712,0.7819707989692688
direct_2d_historical_params,54,4,philosophy,0.1549428105354309,0.03880653157830238
direct_2d_historical_params,54,5,numbers,0.13013014197349548,0.3458058834075928
direct_2d_historical_params,54,6,geometry,0.12088648974895477,0.40764883160591125
direct_2d_historical_params,54,7,arithmetic,0.10553422570228577,0.387365460395813
direct_2d_historical_params,54,8,theory,0.09599396586418152,0.023017708212137222
direct_2d_historical_params,54,9,frege,0.09317876398563385,0.17689236998558044
direct_2d_historical_params,54,10,hilbert,0.09201782941818237,0.4823172688484192
direct_2d_historical_params,54,11,mathematicians,0.07670815289020538,0.4641225039958954
direct_2d_historical_params,54,12,number,0.07629111409187317,0.0712493434548378
direct_2d_historical_params,55,1,semantics,0.2798907458782196,0.3004786968231201
direct_2d_historical_params,55,2,language,0.24414266645908356,0.13518835604190826
direct_2d_historical_params,55,3,semantic,0.23514719307422638,0.2766348123550415
direct_2d_historical_params,55,4,meaning,0.23398740589618683,0.14319750666618347
direct_2d_historical_params,55,5,reference,0.21606343984603882,0.2459413707256317
direct_2d_historical_params,55,6,linguistic,0.18139781057834625,0.2632082402706146
direct_2d_historical_params,55,7,names,0.15048155188560486,0.4379040002822876
direct_2d_historical_params,55,8,truth,0.13726508617401123,0.07140614837408066
direct_2d_historical_params,55,9,theory,0.1169438287615776,0.02804112620651722
direct_2d_historical_params,55,10,paper,0.10435640066862106,0.025302549824118614
direct_2d_historical_params,55,11,sentences,0.10394390672445297,0.2647780776023865
direct_2d_historical_params,55,12,logical,0.09488167613744736,0.08412140607833862
direct_2d_historical_params,56,1,language,0.5524613261222839,0.30591270327568054
direct_2d_historical_params,56,2,linguistic,0.18116486072540283,0.2628702223300934
direct_2d_historical_params,56,3,sign,0.13661734759807587,0.554322361946106
direct_2d_historical_params,56,4,meaning,0.13632100820541382,0.08342684060335159
direct_2d_historical_params,56,5,semiotic,0.13607196509838104,0.6033009886741638
direct_2d_historical_params,56,6,semiotics,0.13059623539447784,0.5886349678039551
direct_2d_historical_params,56,7,signs,0.12192095071077347,0.4679417610168457
direct_2d_historical_params,56,8,linguistics,0.11867107450962067,0.44007182121276855
direct_2d_historical_params,56,9,philosophy,0.1134309470653534,0.02840959094464779
direct_2d_historical_params,56,10,speech,0.10246351361274719,0.22449776530265808
direct_2d_historical_params,56,11,peirce,0.10155675560235977,0.25379279255867004
direct_2d_historical_params,56,12,communication,0.1007770374417305,0.16025255620479584
direct_2d_historical_params,57,1,knowledge,0.35349908471107483,0.13309192657470703
direct_2d_historical_params,57,2,epistemic,0.3451389968395233,0.16108381748199463
direct_2d_historical_params,57,3,belief,0.33231112360954285,0.2238629162311554
direct_2d_historical_params,57,4,justification,0.1693023443222046,0.19776268303394318
direct_2d_historical_params,57,5,evidence,0.16774320602416992,0.10758282244205475
direct_2d_historical_params,57,6,beliefs,0.15052756667137146,0.1496317833662033
direct_2d_historical_params,57,7,epistemology,0.1476832926273346,0.1067049577832222
direct_2d_historical_params,57,8,doxastic,0.11119052767753601,0.40100616216659546
direct_2d_historical_params,57,9,argue,0.10716936737298965,0.03232145309448242
direct_2d_historical_params,57,10,reasons,0.10711424052715302,0.06946706771850586
direct_2d_historical_params,57,11,rational,0.10695129632949829,0.11837462335824966
direct_2d_historical_params,57,12,believe,0.10039746016263962,0.11572228372097015
direct_2d_historical_params,58,1,probability,0.36371561884880066,0.4606746435165405
direct_2d_historical_params,58,2,confirmation,0.312383234500885,0.7411237955093384
direct_2d_historical_params,58,3,bayesian,0.2712922990322113,0.5046406388282776
direct_2d_historical_params,58,4,belief,0.2578708827495575,0.17371590435504913
direct_2d_historical_params,58,5,probabilistic,0.15328200161457062,0.4422701597213745
direct_2d_historical_params,58,6,probabilities,0.14698244631290436,0.41207653284072876
direct_2d_historical_params,58,7,lottery,0.13351139426231384,0.7280659675598145
direct_2d_historical_params,58,8,coherence,0.13059201836585999,0.33725616335868835
direct_2d_historical_params,58,9,evidence,0.11800118535757065,0.07568056136369705
direct_2d_historical_params,58,10,imprecise,0.11362418532371521,0.6267322301864624
direct_2d_historical_params,58,11,theory,0.10496502369642258,0.02516881376504898
direct_2d_historical_params,58,12,belief revision,0.10480739921331406,0.8601468205451965
direct_2d_historical_params,59,1,logic,0.5019448399543762,0.2444257140159607
direct_2d_historical_params,59,2,logics,0.30365920066833496,0.6641517281532288
direct_2d_historical_params,59,3,truth,0.1957457959651947,0.10182817280292511
direct_2d_historical_params,59,4,modal,0.16107772290706635,0.17495842278003693
direct_2d_historical_params,59,5,logical,0.15757238864898682,0.13970252871513367
direct_2d_historical_params,59,6,semantics,0.14375737309455872,0.1543317586183548
direct_2d_historical_params,59,7,proof,0.13169978559017181,0.20824459195137024
direct_2d_historical_params,59,8,classical,0.11517573148012161,0.16076283156871796
direct_2d_historical_params,59,9,theory,0.1123739555478096,0.02694534882903099
direct_2d_historical_params,59,10,paradox,0.102818563580513,0.1215783879160881
direct_2d_historical_params,59,11,valued,0.09658648818731308,0.3504349887371063
direct_2d_historical_params,59,12,paper,0.09252887964248657,0.022434813901782036
direct_2d_historical_params,60,1,modal,0.4089891016483307,0.4442332983016968
direct_2d_historical_params,60,2,grounding,0.29626715183258057,0.5449612140655518
direct_2d_historical_params,60,3,modality,0.267807275056839,0.5989413261413574
direct_2d_historical_params,60,4,truth,0.23053553700447083,0.11992600560188293
direct_2d_historical_params,60,5,necessity,0.16815181076526642,0.28759855031967163
direct_2d_historical_params,60,6,essence,0.15689606964588165,0.35426610708236694
direct_2d_historical_params,60,7,metaphysical,0.15185381472110748,0.16076621413230896
direct_2d_historical_params,60,8,worlds,0.12380810081958771,0.18904747068881989
direct_2d_historical_params,60,9,possible,0.11401770263910294,0.07400058209896088
direct_2d_historical_params,60,10,theory,0.11214107275009155,0.026889508590102196
direct_2d_historical_params,60,11,truthmaker,0.10995391756296158,0.706648051738739
direct_2d_historical_params,60,12,ground,0.10193278640508652,0.1776452213525772
direct_2d_historical_params,61,1,political,0.47823643684387207,0.2890382409095764
direct_2d_historical_params,61,2,democracy,0.2563852369785309,0.4922298192977905
direct_2d_historical_params,61,3,democratic,0.169485405087471,0.31327319145202637
direct_2d_historical_params,61,4,politics,0.15911154448986053,0.23858605325222015
direct_2d_historical_params,61,5,liberalism,0.12624526023864746,0.44750186800956726
direct_2d_historical_params,61,6,state,0.12603022158145905,0.10668818652629852
direct_2d_historical_params,61,7,liberal,0.11363101005554199,0.2818070352077484
direct_2d_historical_params,61,8,justice,0.11185890436172485,0.10235118120908737
direct_2d_historical_params,61,9,theory,0.10897640883922577,0.02613067626953125
direct_2d_historical_params,61,10,public,0.1056206002831459,0.08580335974693298
direct_2d_historical_params,61,11,social,0.10020993649959564,0.036297526210546494
direct_2d_historical_params,61,12,philosophy,0.09253720194101334,0.02317660301923752
direct_2d_historical_params,62,1,war,0.48444804549217224,0.6834605932235718
direct_2d_historical_params,62,2,military,0.2171059250831604,0.6537002921104431
direct_2d_historical_params,62,3,just war,0.21657130122184753,0.9652298092842102
direct_2d_historical_params,62,4,just,0.18422020971775055,0.1539105772972107
direct_2d_historical_params,62,5,moral,0.17696313560009003,0.061767786741256714
direct_2d_historical_params,62,6,rights,0.15791264176368713,0.15676097571849823
direct_2d_historical_params,62,7,war theory,0.1403031051158905,0.983882486820221
direct_2d_historical_params,62,8,terrorism,0.13389995694160461,0.7020863890647888
direct_2d_historical_params,62,9,wars,0.12198507785797119,0.606209397315979
direct_2d_historical_params,62,10,ethics,0.11369295418262482,0.04857766255736351
direct_2d_historical_params,62,11,human rights,0.11129318922758102,0.3053801953792572
direct_2d_historical_params,62,12,ethics war,0.10118687152862549,0.996070384979248
historical_display_2d_104,0,1,disability,0.6744513511657715,0.7379400730133057
historical_display_2d_104,0,2,children,0.18776237964630127,0.14319060742855072
historical_display_2d_104,0,3,disabilities,0.1570664495229721,0.706926703453064
historical_display_2d_104,0,4,care,0.1355988085269928,0.09007137268781662
historical_display_2d_104,0,5,disabled,0.11217764765024185,0.6405128836631775
historical_display_2d_104,0,6,health,0.10160015523433685,0.0461130253970623
historical_display_2d_104,0,7,philosophy disability,0.09886705130338669,0.8534262776374817
historical_display_2d_104,0,8,people,0.09850640594959259,0.032711952924728394
historical_display_2d_104,0,9,child,0.09415417909622192,0.12520430982112885
historical_display_2d_104,0,10,theory,0.08658695220947266,0.012973549775779247
historical_display_2d_104,0,11,childhood,0.08258061856031418,0.33188414573669434
historical_display_2d_104,0,12,fuzzy,0.08204871416091919,0.24914535880088806
historical_display_2d_104,1,1,games,0.3416970670223236,0.4212381839752197
historical_display_2d_104,1,2,game,0.22711901366710663,0.2687886655330658
historical_display_2d_104,1,3,cloud,0.2038092464208603,0.782509982585907
historical_display_2d_104,1,4,children,0.1940649449825287,0.14799703657627106
historical_display_2d_104,1,5,child,0.17398536205291748,0.23136219382286072
historical_display_2d_104,1,6,computing,0.1651007980108261,0.4229850471019745
historical_display_2d_104,1,7,paternalism,0.1542104333639145,0.3853340148925781
historical_display_2d_104,1,8,parents,0.14956142008304596,0.2922254204750061
historical_display_2d_104,1,9,cloud computing,0.13909722864627838,0.9299942851066589
historical_display_2d_104,1,10,parental,0.13152660429477692,0.4738675355911255
historical_display_2d_104,1,11,data,0.11441974341869354,0.050735268741846085
historical_display_2d_104,1,12,parent,0.09139944612979889,0.3266768753528595
historical_display_2d_104,2,1,emotions,0.6639761924743652,0.34496164321899414
historical_display_2d_104,2,2,emotion,0.4501994848251343,0.319820761680603
historical_display_2d_104,2,3,emotional,0.253765344619751,0.22458115220069885
historical_display_2d_104,2,4,feeling,0.10110115259885788,0.13516278564929962
historical_display_2d_104,2,5,affective,0.09978234767913818,0.11505510658025742
historical_display_2d_104,2,6,theory,0.07919573783874512,0.011866104789078236
historical_display_2d_104,2,7,account,0.07494243234395981,0.017178144305944443
historical_display_2d_104,2,8,feelings,0.07268448919057846,0.13518507778644562
historical_display_2d_104,2,9,evaluative,0.07064744085073471,0.13934825360774994
historical_display_2d_104,2,10,experience,0.0687675029039383,0.02741871401667595
historical_display_2d_104,2,11,theory emotions,0.06746794283390045,0.6534033417701721
historical_display_2d_104,2,12,action,0.06165333092212677,0.022908974438905716
historical_display_2d_104,3,1,intelligence,0.40351831912994385,0.23427923023700714
historical_display_2d_104,3,2,artificial,0.25689399242401123,0.17234593629837036
historical_display_2d_104,3,3,depiction,0.2544453740119934,0.772783637046814
historical_display_2d_104,3,4,ai,0.22403088212013245,0.13017132878303528
historical_display_2d_104,3,5,artificial intelligence,0.20854030549526215,0.20360127091407776
historical_display_2d_104,3,6,pictures,0.1994727998971939,0.5359262824058533
historical_display_2d_104,3,7,human,0.1373867690563202,0.02647632360458374
historical_display_2d_104,3,8,machine,0.13568107783794403,0.16834253072738647
historical_display_2d_104,3,9,resemblance,0.12703311443328857,0.4294407069683075
historical_display_2d_104,3,10,machines,0.1161072850227356,0.22719620168209076
historical_display_2d_104,3,11,intelligent,0.1125526875257492,0.20425571501255035
historical_display_2d_104,3,12,depictive,0.0976729467511177,0.9578154683113098
historical_display_2d_104,4,1,social,0.3258354961872101,0.06709785759449005
historical_display_2d_104,4,2,controllers,0.2742096483707428,0.9756409525871277
historical_display_2d_104,4,3,controller,0.23075468838214874,0.9773776531219482
historical_display_2d_104,4,4,control,0.21098491549491882,0.12455190718173981
historical_display_2d_104,4,5,using,0.17373734712600708,0.07966195791959763
historical_display_2d_104,4,6,social ontology,0.1565358191728592,0.6243197917938232
historical_display_2d_104,4,7,simulation,0.13929319381713867,0.2360820323228836
historical_display_2d_104,4,8,optimal,0.12136280536651611,0.3536900281906128
historical_display_2d_104,4,9,comparison,0.11380402743816376,0.178839772939682
historical_display_2d_104,4,10,matlab,0.11135710775852203,0.9079573154449463
historical_display_2d_104,4,11,ontology,0.10929542779922485,0.04073818400502205
historical_display_2d_104,4,12,performance,0.10926124453544617,0.10796666145324707
historical_display_2d_104,5,1,vagueness,0.6705508232116699,0.6986813545227051
historical_display_2d_104,5,2,vague,0.27327853441238403,0.5701960921287537
historical_display_2d_104,5,3,chemistry,0.12003185600042343,0.552675724029541
historical_display_2d_104,5,4,indeterminacy,0.11973298341035843,0.25556641817092896
historical_display_2d_104,5,5,order vagueness,0.11577575653791428,0.9364418387413025
historical_display_2d_104,5,6,chemical,0.112383171916008,0.3084059953689575
historical_display_2d_104,5,7,sorites,0.10603739321231842,0.5646992325782776
historical_display_2d_104,5,8,sorites paradox,0.09595664590597153,0.7801910042762756
historical_display_2d_104,5,9,light,0.09579502791166306,0.05935614928603172
historical_display_2d_104,5,10,logic,0.09394717961549759,0.03524087741971016
historical_display_2d_104,5,11,philosophy,0.09249967336654663,0.01426033303141594
historical_display_2d_104,5,12,supervaluationism,0.08859029412269592,0.821597695350647
historical_display_2d_104,6,1,brain,0.1685153990983963,0.1710200160741806
historical_display_2d_104,6,2,enhancement,0.16202302277088165,0.23316150903701782
historical_display_2d_104,6,3,warfare,0.1480405181646347,0.6274577379226685
historical_display_2d_104,6,4,self,0.11550629884004593,0.028964605182409286
historical_display_2d_104,6,5,authenticity,0.11469049751758575,0.2898353040218353
historical_display_2d_104,6,6,control,0.11021536588668823,0.06506405025720596
historical_display_2d_104,6,7,brain stimulation,0.11005488783121109,0.745670735836029
historical_display_2d_104,6,8,neuroethics,0.10680019855499268,0.7164787650108337
historical_display_2d_104,6,9,stimulation,0.1063011884689331,0.545653760433197
historical_display_2d_104,6,10,aws,0.10107354819774628,0.7661892771720886
historical_display_2d_104,6,11,deep brain,0.09949790686368942,0.7886841297149658
historical_display_2d_104,6,12,study,0.09203547239303589,0.02661341056227684
historical_display_2d_104,7,1,animal,0.5379660725593567,0.38562697172164917
historical_display_2d_104,7,2,animals,0.5259064435958862,0.39664843678474426
historical_display_2d_104,7,3,animal rights,0.16729559004306793,0.8331502676010132
historical_display_2d_104,7,4,moral,0.16620242595672607,0.030998507514595985
historical_display_2d_104,7,5,rights,0.16504432260990143,0.09287312626838684
historical_display_2d_104,7,6,ethics,0.1357879340648651,0.03513249754905701
historical_display_2d_104,7,7,human,0.12964871525764465,0.024985093623399734
historical_display_2d_104,7,8,animal ethics,0.1142721176147461,0.890498161315918
historical_display_2d_104,7,9,welfare,0.11051221191883087,0.13145482540130615
historical_display_2d_104,7,10,humans,0.09893174469470978,0.07995814830064774
historical_display_2d_104,7,11,speciesism,0.08782342821359634,0.7878162860870361
historical_display_2d_104,7,12,non human,0.08614896237850189,0.30234795808792114
historical_display_2d_104,8,1,science,0.5293920040130615,0.11087010055780411
historical_display_2d_104,8,2,scientific,0.30761682987213135,0.09678056836128235
historical_display_2d_104,8,3,philosophy science,0.2011771947145462,0.21274912357330322
historical_display_2d_104,8,4,philosophy,0.19632352888584137,0.030266473069787025
historical_display_2d_104,8,5,scientism,0.1564342975616455,0.7694215178489685
historical_display_2d_104,8,6,kuhn,0.14503327012062073,0.4795989394187927
historical_display_2d_104,8,7,simulation,0.1058887243270874,0.17946623265743256
historical_display_2d_104,8,8,feyerabend,0.09492151439189911,0.5004147887229919
historical_display_2d_104,8,9,sciences,0.09179050475358963,0.06747579574584961
historical_display_2d_104,8,10,knowledge,0.08814021199941635,0.020882397890090942
historical_display_2d_104,8,11,simulations,0.08349690586328506,0.38539016246795654
historical_display_2d_104,8,12,epistemic,0.08304891735315323,0.025733232498168945
historical_display_2d_104,9,1,war,0.32637912034988403,0.3231945037841797
historical_display_2d_104,9,2,fairness,0.19773094356060028,0.2857367992401123
historical_display_2d_104,9,3,algorithmic,0.1606750190258026,0.40563711524009705
historical_display_2d_104,9,4,reasoning,0.14498959481716156,0.08186332881450653
historical_display_2d_104,9,5,algorithmic fairness,0.12924019992351532,0.9727391600608826
historical_display_2d_104,9,6,models,0.1288454681634903,0.06686551123857498
historical_display_2d_104,9,7,just,0.12746426463127136,0.06485413759946823
historical_display_2d_104,9,8,wars,0.12615899741649628,0.47173675894737244
historical_display_2d_104,9,9,cognitive,0.1257043480873108,0.046683162450790405
historical_display_2d_104,9,10,unjust,0.12065964192152023,0.2951100170612335
historical_display_2d_104,9,11,typicality,0.11681633442640305,0.8040274381637573
historical_display_2d_104,9,12,liability,0.11041982471942902,0.353025883436203
historical_display_2d_104,10,1,economics,0.5125464797019958,0.48002517223358154
historical_display_2d_104,10,2,economic,0.1979922205209732,0.12215849757194519
historical_display_2d_104,10,3,austrian,0.13071881234645844,0.5963078737258911
historical_display_2d_104,10,4,social,0.12100227177143097,0.024917462840676308
historical_display_2d_104,10,5,methodological,0.113956518471241,0.11390096694231033
historical_display_2d_104,10,6,theory,0.11380936205387115,0.01705235429108143
historical_display_2d_104,10,7,ricardo,0.1112300455570221,0.8468667268753052
historical_display_2d_104,10,8,utilitarianism,0.10696832090616226,0.213180810213089
historical_display_2d_104,10,9,population,0.09332006424665451,0.11758976429700851
historical_display_2d_104,10,10,science,0.09052103012800217,0.01895773969590664
historical_display_2d_104,10,11,philosophy,0.07972493767738342,0.012290898710489273
historical_display_2d_104,10,12,paper,0.07760594040155411,0.011842409148812294
historical_display_2d_104,11,1,patients,0.21606038510799408,0.24356785416603088
historical_display_2d_104,11,2,study,0.17963464558124542,0.05194399878382683
historical_display_2d_104,11,3,disease,0.12751330435276031,0.18052010238170624
historical_display_2d_104,11,4,results,0.12365300208330154,0.06248525157570839
historical_display_2d_104,11,5,sound,0.12070586532354355,0.20462706685066223
historical_display_2d_104,11,6,treatment,0.11913293600082397,0.10897725075483322
historical_display_2d_104,11,7,quotation,0.11771941930055618,0.734618067741394
historical_display_2d_104,11,8,clinical,0.11274543404579163,0.13315504789352417
historical_display_2d_104,11,9,methods,0.10056166350841522,0.07340431213378906
historical_display_2d_104,11,10,group,0.09643232822418213,0.06113746389746666
historical_display_2d_104,11,11,sounds,0.09312435239553452,0.3838353753089905
historical_display_2d_104,11,12,health,0.08466961979866028,0.03842880204319954
historical_display_2d_104,12,1,abortion,0.43581944704055786,0.7479121088981628
historical_display_2d_104,12,2,genetic,0.24364513158798218,0.4035799205303192
historical_display_2d_104,12,3,human,0.19681964814662933,0.03792985901236534
historical_display_2d_104,12,4,reproductive,0.16138941049575806,0.4890996217727661
historical_display_2d_104,12,5,pregnancy,0.1336715668439865,0.6315032839775085
historical_display_2d_104,12,6,fetus,0.13220416009426117,0.9248977899551392
historical_display_2d_104,12,7,moral,0.13050010800361633,0.024339647963643074
historical_display_2d_104,12,8,eugenics,0.12603440880775452,0.6161302924156189
historical_display_2d_104,12,9,ethics,0.11882835626602173,0.030744535848498344
historical_display_2d_104,12,10,enhancement,0.11592573672533035,0.1668245643377304
historical_display_2d_104,12,11,argument,0.10808359831571579,0.025579417124390602
historical_display_2d_104,12,12,editing,0.1064598560333252,0.6230770349502563
historical_display_2d_104,13,1,sport,0.4771057665348053,0.9333126544952393
historical_display_2d_104,13,2,sports,0.28848013281822205,0.844102144241333
historical_display_2d_104,13,3,game,0.16977572441101074,0.2009245753288269
historical_display_2d_104,13,4,sporting,0.15572068095207214,0.9446806907653809
historical_display_2d_104,13,5,athletes,0.1554647535085678,0.8594767451286316
historical_display_2d_104,13,6,games,0.1348864734172821,0.1662856936454773
historical_display_2d_104,13,7,performance,0.11622004956007004,0.11484301835298538
historical_display_2d_104,13,8,play,0.10039129853248596,0.07715686410665512
historical_display_2d_104,13,9,athlete,0.10015623271465302,0.8713086843490601
historical_display_2d_104,13,10,research,0.09781362861394882,0.024666737765073776
historical_display_2d_104,13,11,running,0.0764060989022255,0.3542132079601288
historical_display_2d_104,13,12,players,0.06953094154596329,0.3409681022167206
historical_display_2d_104,14,1,conditionals,0.5717259645462036,0.7151662111282349
historical_display_2d_104,14,2,counterfactuals,0.42359715700149536,0.5811678171157837
historical_display_2d_104,14,3,conditional,0.30837759375572205,0.41649797558784485
historical_display_2d_104,14,4,indicative,0.1680937111377716,0.7020571231842041
historical_display_2d_104,14,5,indicative conditionals,0.15003526210784912,0.906409502029419
historical_display_2d_104,14,6,counterfactual,0.13962231576442719,0.22828464210033417
historical_display_2d_104,14,7,lying,0.11863692104816437,0.3526421785354614
historical_display_2d_104,14,8,counterpossibles,0.11028306186199188,0.8235974311828613
historical_display_2d_104,14,9,semantics,0.10634193569421768,0.08238103985786438
historical_display_2d_104,14,10,antecedent,0.09842003136873245,0.5514693260192871
historical_display_2d_104,14,11,truth,0.09823692589998245,0.03227047249674797
historical_display_2d_104,14,12,logic,0.08407570421695709,0.03153795376420021
historical_display_2d_104,15,1,sexual,0.560458779335022,0.5895013809204102
historical_display_2d_104,15,2,sex,0.3021050691604614,0.3830340802669525
historical_display_2d_104,15,3,marriage,0.23768436908721924,0.6261886954307556
historical_display_2d_104,15,4,consent,0.18397250771522522,0.2448316365480423
historical_display_2d_104,15,5,rape,0.14722904562950134,0.6675414443016052
historical_display_2d_104,15,6,women,0.1091037467122078,0.08611460775136948
historical_display_2d_104,15,7,sexuality,0.10909133404493332,0.47105544805526733
historical_display_2d_104,15,8,gender,0.10257093608379364,0.07838613539934158
historical_display_2d_104,15,9,social,0.10033419728279114,0.020661376416683197
historical_display_2d_104,15,10,prostitution,0.08826650679111481,0.8047189712524414
historical_display_2d_104,15,11,sexual assault,0.08758853375911713,0.6089527606964111
historical_display_2d_104,15,12,assault,0.08672566711902618,0.5324299335479736
historical_display_2d_104,16,1,democracy,0.44581764936447144,0.36448848247528076
historical_display_2d_104,16,2,democratic,0.2768144905567169,0.2632486820220947
historical_display_2d_104,16,3,design,0.2424800992012024,0.14897000789642334
historical_display_2d_104,16,4,political,0.2380063235759735,0.08074008673429489
historical_display_2d_104,16,5,voting,0.21402576565742493,0.7926362156867981
historical_display_2d_104,16,6,vote,0.17736543715000153,0.8365168571472168
historical_display_2d_104,16,7,voters,0.15244464576244354,0.8665323853492737
historical_display_2d_104,16,8,epistemic,0.1507229506969452,0.046702463179826736
historical_display_2d_104,16,9,intelligent design,0.14284227788448334,0.9515059590339661
historical_display_2d_104,16,10,citizens,0.10620889812707901,0.19033746421337128
historical_display_2d_104,16,11,argument,0.10225020349025726,0.02419886738061905
historical_display_2d_104,16,12,intelligent,0.10184043645858765,0.18481558561325073
historical_display_2d_104,17,1,study,0.23932650685310364,0.06920477747917175
historical_display_2d_104,17,2,employees,0.22031773626804352,0.7195428609848022
historical_display_2d_104,17,3,leadership,0.20560413599014282,0.6171666383743286
historical_display_2d_104,17,4,organizational,0.20328201353549957,0.5596357583999634
historical_display_2d_104,17,5,management,0.19734671711921692,0.20036853849887848
historical_display_2d_104,17,6,performance,0.12132430821657181,0.11988680064678192
historical_display_2d_104,17,7,job,0.10892362892627716,0.3214697241783142
historical_display_2d_104,17,8,research,0.10872337967157364,0.027417968958616257
historical_display_2d_104,17,9,sample,0.10589354485273361,0.26095330715179443
historical_display_2d_104,17,10,results,0.1041686087846756,0.052639253437519073
historical_display_2d_104,17,11,gaza,0.10251902788877487,0.8982884287834167
historical_display_2d_104,17,12,employee,0.09671244770288467,0.6915494799613953
historical_display_2d_104,18,1,memory,0.7066991925239563,0.4451003670692444
historical_display_2d_104,18,2,episodic,0.28564056754112244,0.738587498664856
historical_display_2d_104,18,3,remembering,0.22027818858623505,0.6185387969017029
historical_display_2d_104,18,4,episodic memory,0.21664707362651825,0.8237963914871216
historical_display_2d_104,18,5,past,0.14982832968235016,0.11278463900089264
historical_display_2d_104,18,6,memories,0.12080150097608566,0.2934398949146271
historical_display_2d_104,18,7,mental time,0.11633066087961197,0.8831773996353149
historical_display_2d_104,18,8,mental,0.10468943417072296,0.05168067291378975
historical_display_2d_104,18,9,time travel,0.10336571931838989,0.3995242714881897
historical_display_2d_104,18,10,travel,0.09295771270990372,0.22263891994953156
historical_display_2d_104,18,11,philosophy memory,0.08583823591470718,0.6913986206054688
historical_display_2d_104,18,12,forgetting,0.07941936701536179,0.5107288360595703
historical_display_2d_104,19,1,virtual,0.345581591129303,0.5130732655525208
historical_display_2d_104,19,2,reality,0.1880587637424469,0.09882372617721558
historical_display_2d_104,19,3,technological,0.1686096489429474,0.18696221709251404
historical_display_2d_104,19,4,design,0.1658049076795578,0.10186386108398438
historical_display_2d_104,19,5,technology,0.16275779902935028,0.09442116320133209
historical_display_2d_104,19,6,human,0.1510755717754364,0.029114345088601112
historical_display_2d_104,19,7,digital,0.15031437575817108,0.14796705543994904
historical_display_2d_104,19,8,virtual reality,0.14486370980739594,0.738873302936554
historical_display_2d_104,19,9,autonomous,0.1446099877357483,0.23501965403556824
historical_display_2d_104,19,10,technologies,0.12687471508979797,0.11894117295742035
historical_display_2d_104,19,11,ethical,0.11144942045211792,0.04078361764550209
historical_display_2d_104,19,12,self,0.10283457487821579,0.02578701637685299
historical_display_2d_104,20,1,skill,0.2564256191253662,0.48801180720329285
historical_display_2d_104,20,2,cognitive,0.2151218056678772,0.07989036291837692
historical_display_2d_104,20,3,cognition,0.20575132966041565,0.13784876465797424
historical_display_2d_104,20,4,aristotle,0.16190427541732788,0.07264840602874756
historical_display_2d_104,20,5,distributed cognition,0.15661533176898956,0.7308658361434937
historical_display_2d_104,20,6,skills,0.15083979070186615,0.2577575445175171
historical_display_2d_104,20,7,distributed,0.12406718730926514,0.23665204644203186
historical_display_2d_104,20,8,science,0.11502886563539505,0.024090394377708435
historical_display_2d_104,20,9,evolutionary,0.11475789546966553,0.07207801938056946
historical_display_2d_104,20,10,skilled,0.11449823528528214,0.6099894642829895
historical_display_2d_104,20,11,religious,0.1121596172451973,0.07495629042387009
historical_display_2d_104,20,12,action,0.10411778837442398,0.038687799125909805
historical_display_2d_104,21,1,forgiveness,0.5231376886367798,0.8230698108673096
historical_display_2d_104,21,2,moral,0.15346333384513855,0.02862253226339817
historical_display_2d_104,21,3,forgive,0.13544578850269318,0.8706990480422974
historical_display_2d_104,21,4,argue,0.0945897176861763,0.016332002356648445
historical_display_2d_104,21,5,nietzsche,0.09445089101791382,0.10263480991125107
historical_display_2d_104,21,6,problem,0.09072521328926086,0.021434659138321877
historical_display_2d_104,21,7,philosophy,0.08675441145896912,0.01337460707873106
historical_display_2d_104,21,8,theory,0.08485458046197891,0.012713983654975891
historical_display_2d_104,21,9,paper,0.08304773271083832,0.012672808952629566
historical_display_2d_104,21,10,self,0.07710950821638107,0.019336143508553505
historical_display_2d_104,21,11,free,0.07178422808647156,0.033199746161699295
historical_display_2d_104,21,12,human,0.0713944062590599,0.013758685439825058
historical_display_2d_104,22,1,neutrosophic,0.7500009536743164,0.9652303457260132
historical_display_2d_104,22,2,set,0.15225720405578613,0.09091421216726303
historical_display_2d_104,22,3,sets,0.14473164081573486,0.19251716136932373
historical_display_2d_104,22,4,fuzzy,0.12868231534957886,0.39075079560279846
historical_display_2d_104,22,5,neutrosophic set,0.12388185411691666,0.9970462322235107
historical_display_2d_104,22,6,neutrosophic sets,0.11918298900127411,0.8867191672325134
historical_display_2d_104,22,7,soft,0.09890056401491165,0.393298476934433
historical_display_2d_104,22,8,paper,0.09361250698566437,0.014284958131611347
historical_display_2d_104,22,9,valued neutrosophic,0.08984889090061188,1.0
historical_display_2d_104,22,10,valued,0.0891789123415947,0.37261849641799927
historical_display_2d_104,22,11,single valued,0.07958036661148071,1.0
historical_display_2d_104,22,12,new,0.07892289012670517,0.017237747088074684
historical_display_2d_104,23,1,decision,0.3650192320346832,0.20388160645961761
historical_display_2d_104,23,2,decision theory,0.28665849566459656,0.7097139358520508
historical_display_2d_104,23,3,choice,0.20371849834918976,0.168284609913826
historical_display_2d_104,23,4,theory,0.18971498310565948,0.028425492346286774
historical_display_2d_104,23,5,utility,0.18554118275642395,0.31803157925605774
historical_display_2d_104,23,6,preferences,0.1581001728773117,0.29249048233032227
historical_display_2d_104,23,7,rationality,0.15732158720493317,0.11206691712141037
historical_display_2d_104,23,8,rational,0.1396266669034958,0.08888696879148483
historical_display_2d_104,23,9,lottery,0.12259812653064728,0.6822392344474792
historical_display_2d_104,23,10,causal decision,0.12152966111898422,0.8926531672477722
historical_display_2d_104,23,11,expected,0.12071811407804489,0.20188018679618835
historical_display_2d_104,23,12,expected utility,0.11006885021924973,0.6662275195121765
historical_display_2d_104,24,1,philosophy,0.1608210951089859,0.024793194606900215
historical_display_2d_104,24,2,book,0.149532288312912,0.053889211267232895
historical_display_2d_104,24,3,new,0.11923475563526154,0.026042362675070763
historical_display_2d_104,24,4,world,0.10081246495246887,0.02607780508697033
historical_display_2d_104,24,5,nature,0.09151723235845566,0.024440525099635124
historical_display_2d_104,24,6,history,0.08995417505502701,0.03843388333916664
historical_display_2d_104,24,7,human,0.08732130378484726,0.0168280191719532
historical_display_2d_104,24,8,beauty,0.08577729761600494,0.15962685644626617
historical_display_2d_104,24,9,review,0.08433503657579422,0.019597379490733147
historical_display_2d_104,24,10,philosophical,0.0836055725812912,0.020419782027602196
historical_display_2d_104,24,11,life,0.08314868062734604,0.02007807418704033
historical_display_2d_104,24,12,ethics,0.07111022621393204,0.01839839294552803
historical_display_2d_104,25,1,ontology,0.29907435178756714,0.11147534102201462
historical_display_2d_104,25,2,ontologies,0.2297387272119522,0.27688413858413696
historical_display_2d_104,25,3,biomedical,0.20913918316364288,0.3317168056964874
historical_display_2d_104,25,4,data,0.19281242787837982,0.08549565076828003
historical_display_2d_104,25,5,analysis,0.10725584626197815,0.0318622812628746
historical_display_2d_104,25,6,philosophy,0.10274719446897507,0.015840156003832817
historical_display_2d_104,25,7,annotation,0.10128594934940338,0.6800566911697388
historical_display_2d_104,25,8,biological,0.10116595774888992,0.07603482902050018
historical_display_2d_104,25,9,research,0.09440061450004578,0.023806041106581688
historical_display_2d_104,25,10,entities,0.09357364475727081,0.09134405851364136
historical_display_2d_104,25,11,biomedical ontologies,0.09333813935518265,0.5712960958480835
historical_display_2d_104,25,12,protein,0.0900784432888031,0.45515209436416626
historical_display_2d_104,26,1,collective,0.3954119384288788,0.30719223618507385
historical_display_2d_104,26,2,group,0.3696806728839874,0.23437511920928955
historical_display_2d_104,26,3,groups,0.1992121785879135,0.1692456752061844
historical_display_2d_104,26,4,agency,0.19426928460597992,0.10205893963575363
historical_display_2d_104,26,5,trust,0.19114863872528076,0.182737335562706
historical_display_2d_104,26,6,action,0.16571000218391418,0.0615740641951561
historical_display_2d_104,26,7,agents,0.15033665299415588,0.10927474498748779
historical_display_2d_104,26,8,shared,0.13211248815059662,0.14438778162002563
historical_display_2d_104,26,9,joint,0.13055361807346344,0.30289149284362793
historical_display_2d_104,26,10,individual,0.12771233916282654,0.06399843096733093
historical_display_2d_104,26,11,social,0.10694016516208649,0.022021714597940445
historical_display_2d_104,26,12,group agents,0.09565741568803787,0.8534629940986633
historical_display_2d_104,27,1,names,0.3428213596343994,0.5069013237953186
historical_display_2d_104,27,2,ontology,0.3346487581729889,0.12473515421152115
historical_display_2d_104,27,3,ontologies,0.2377021312713623,0.28648173809051514
historical_display_2d_104,27,4,biomedical,0.18278995156288147,0.28992414474487305
historical_display_2d_104,27,5,reference,0.18157218396663666,0.12247248739004135
historical_display_2d_104,27,6,proper names,0.16780637204647064,0.7326721549034119
historical_display_2d_104,27,7,proper,0.12688346207141876,0.14396533370018005
historical_display_2d_104,27,8,causal,0.10012313723564148,0.04862850159406662
historical_display_2d_104,27,9,information,0.09940898418426514,0.04335518181324005
historical_display_2d_104,27,10,foreknowledge,0.09921801835298538,0.6297357678413391
historical_display_2d_104,27,11,data,0.09729974716901779,0.04314402863383293
historical_display_2d_104,27,12,medical,0.09674911201000214,0.06984560936689377
historical_display_2d_104,28,1,ai,0.31906816363334656,0.18539196252822876
historical_display_2d_104,28,2,artificial,0.3114296495914459,0.2089330106973648
historical_display_2d_104,28,3,intelligence,0.28376322984695435,0.16475047171115875
historical_display_2d_104,28,4,robots,0.2796706557273865,0.6841765642166138
historical_display_2d_104,28,5,artificial intelligence,0.2105575054883957,0.20557069778442383
historical_display_2d_104,28,6,robot,0.21048203110694885,0.5742506980895996
historical_display_2d_104,28,7,human,0.20893928408622742,0.04026547819375992
historical_display_2d_104,28,8,machine,0.13812287151813507,0.17137211561203003
historical_display_2d_104,28,9,moral,0.1115201860666275,0.02079969272017479
historical_display_2d_104,28,10,machines,0.1028384268283844,0.20123198628425598
historical_display_2d_104,28,11,ethical,0.09509048610925674,0.03479725867509842
historical_display_2d_104,28,12,systems,0.09395822137594223,0.0412619449198246
historical_display_2d_104,29,1,action,0.48000749945640564,0.17835986614227295
historical_display_2d_104,29,2,intention,0.261308491230011,0.3381524384021759
historical_display_2d_104,29,3,actions,0.20577169954776764,0.14125068485736847
historical_display_2d_104,29,4,intentions,0.2009836882352829,0.23184645175933838
historical_display_2d_104,29,5,agency,0.19740019738674164,0.10370375961065292
historical_display_2d_104,29,6,agent,0.15964502096176147,0.10507508367300034
historical_display_2d_104,29,7,intentional,0.14981257915496826,0.15924416482448578
historical_display_2d_104,29,8,practical,0.14041419327259064,0.07905744761228561
historical_display_2d_104,29,9,knowledge,0.13181085884571075,0.03122895583510399
historical_display_2d_104,29,10,reasons,0.13166843354701996,0.04439658299088478
historical_display_2d_104,29,11,rational,0.11764024943113327,0.07489031553268433
historical_display_2d_104,29,12,anscombe,0.11636926978826523,0.49327969551086426
historical_display_2d_104,30,1,composition,0.5125451683998108,0.6397646069526672
historical_display_2d_104,30,2,identity,0.27900180220603943,0.1073010116815567
historical_display_2d_104,30,3,composition identity,0.25824663043022156,0.9954334497451782
historical_display_2d_104,30,4,mereological,0.23463407158851624,0.6905149817466736
historical_display_2d_104,30,5,parts,0.20224158465862274,0.18353912234306335
historical_display_2d_104,30,6,objects,0.18445561826229095,0.10462535917758942
historical_display_2d_104,30,7,mereology,0.17042498290538788,0.6518281102180481
historical_display_2d_104,30,8,material,0.1378844827413559,0.12394503504037857
historical_display_2d_104,30,9,simples,0.12539485096931458,0.8248819708824158
historical_display_2d_104,30,10,bundle,0.09699031710624695,0.667894184589386
historical_display_2d_104,30,11,hylomorphism,0.0943918451666832,0.5787431597709656
historical_display_2d_104,30,12,bundle theory,0.09378604590892792,0.8551923632621765
historical_display_2d_104,31,1,education,0.3718622326850891,0.3479363024234772
historical_display_2d_104,31,2,students,0.26019957661628723,0.27203598618507385
historical_display_2d_104,31,3,learning,0.20065739750862122,0.1741083562374115
historical_display_2d_104,31,4,study,0.19718149304389954,0.05701792985200882
historical_display_2d_104,31,5,teaching,0.16139744222164154,0.3262630105018616
historical_display_2d_104,31,6,educational,0.15887238085269928,0.36129793524742126
historical_display_2d_104,31,7,teachers,0.14850497245788574,0.5957657694816589
historical_display_2d_104,31,8,school,0.14230218529701233,0.2700859010219574
historical_display_2d_104,31,9,research,0.12306742370128632,0.03103526495397091
historical_display_2d_104,31,10,academic,0.10499093681573868,0.11628182232379913
historical_display_2d_104,31,11,philosophy,0.10276797413825989,0.015843359753489494
historical_display_2d_104,31,12,schools,0.09579840302467346,0.3211844861507416
historical_display_2d_104,32,1,fiction,0.2944146394729614,0.24479222297668457
historical_display_2d_104,32,2,conspiracy,0.2766219973564148,0.6912141442298889
historical_display_2d_104,32,3,fictional,0.2574487328529358,0.4319477677345276
historical_display_2d_104,32,4,error,0.25571808218955994,0.37138307094573975
historical_display_2d_104,32,5,moral,0.23021039366722107,0.042936671525239944
historical_display_2d_104,32,6,error theory,0.21969717741012573,0.74068284034729
historical_display_2d_104,32,7,conspiracy theories,0.19171084463596344,0.7463265657424927
historical_display_2d_104,32,8,fictionalism,0.18116647005081177,0.6589718461036682
historical_display_2d_104,32,9,expressivism,0.17721198499202728,0.35190972685813904
historical_display_2d_104,32,10,theory,0.15115538239479065,0.022648006677627563
historical_display_2d_104,32,11,theories,0.1396975815296173,0.04613038897514343
historical_display_2d_104,32,12,moral error,0.13939186930656433,0.8392077088356018
historical_display_2d_104,33,1,evolutionary,0.38832223415374756,0.24390041828155518
historical_display_2d_104,33,2,evolution,0.3786447048187256,0.22128334641456604
historical_display_2d_104,33,3,biology,0.2640630602836609,0.20955421030521393
historical_display_2d_104,33,4,selection,0.18201172351837158,0.22148863971233368
historical_display_2d_104,33,5,species,0.1599835604429245,0.18425020575523376
historical_display_2d_104,33,6,biological,0.15549808740615845,0.11687005311250687
historical_display_2d_104,33,7,darwin,0.14987151324748993,0.4548628330230713
historical_display_2d_104,33,8,theory,0.1353849172592163,0.020285075530409813
historical_display_2d_104,33,9,natural,0.13073571026325226,0.049627527594566345
historical_display_2d_104,33,10,natural selection,0.12165437638759613,0.4340721368789673
historical_display_2d_104,33,11,science,0.10981746017932892,0.022998973727226257
historical_display_2d_104,33,12,evolutionary biology,0.09428561478853226,0.4090721607208252
historical_display_2d_104,34,1,induction,0.42995673418045044,0.5692541599273682
historical_display_2d_104,34,2,emotions,0.29853346943855286,0.15509983897209167
historical_display_2d_104,34,3,emotion,0.22440750896930695,0.15941861271858215
historical_display_2d_104,34,4,affective,0.22070057690143585,0.25448116660118103
historical_display_2d_104,34,5,moods,0.1813458353281021,0.7713041305541992
historical_display_2d_104,34,6,emotional,0.1501973271369934,0.1329239308834076
historical_display_2d_104,34,7,inductive,0.13307097554206848,0.4023812711238861
historical_display_2d_104,34,8,problem induction,0.12805020809173584,0.8605987429618835
historical_display_2d_104,34,9,boredom,0.12633869051933289,0.6212782263755798
historical_display_2d_104,34,10,feeling,0.11652697622776031,0.1557856649160385
historical_display_2d_104,34,11,problem,0.1055348739027977,0.024933576583862305
historical_display_2d_104,34,12,affectivity,0.0995955765247345,0.6092312335968018
historical_display_2d_104,35,1,free,0.6478495597839355,0.29962626099586487
historical_display_2d_104,35,2,determinism,0.21249669790267944,0.4053552448749542
historical_display_2d_104,35,3,freedom,0.19909712672233582,0.11177049577236176
historical_display_2d_104,35,4,compatibilism,0.18247494101524353,0.7448596954345703
historical_display_2d_104,35,5,responsibility,0.16644971072673798,0.09586883336305618
historical_display_2d_104,35,6,moral responsibility,0.14897404611110687,0.27511027455329895
historical_display_2d_104,35,7,argument,0.13730204105377197,0.03249434754252434
historical_display_2d_104,35,8,moral,0.1173478215932846,0.021886607632040977
historical_display_2d_104,35,9,agent,0.11349046230316162,0.0746970996260643
historical_display_2d_104,35,10,frankfurt,0.10113555192947388,0.3435799777507782
historical_display_2d_104,35,11,compatibilist,0.09724738448858261,0.6383183598518372
historical_display_2d_104,35,12,incompatibilism,0.09123407304286957,0.6478084325790405
historical_display_2d_104,36,1,biology,0.40311679244041443,0.3199039697647095
historical_display_2d_104,36,2,biological,0.2487509399652481,0.18695750832557678
historical_display_2d_104,36,3,life,0.21306583285331726,0.05144942179322243
historical_display_2d_104,36,4,emergence,0.18817229568958282,0.25787749886512756
historical_display_2d_104,36,5,systems,0.16515852510929108,0.07252970337867737
historical_display_2d_104,36,6,synthetic,0.15323206782341003,0.39670196175575256
historical_display_2d_104,36,7,synthetic biology,0.11703527718782425,0.9319645762443542
historical_display_2d_104,36,8,science,0.10968790203332901,0.02297184057533741
historical_display_2d_104,36,9,natural,0.0986577719449997,0.037450678646564484
historical_display_2d_104,36,10,organisms,0.09752180427312851,0.229806050658226
historical_display_2d_104,36,11,living,0.0957881361246109,0.0818159207701683
historical_display_2d_104,36,12,causal,0.08914629369974136,0.043297190219163895
historical_display_2d_104,37,1,god,0.3871477246284485,0.15407970547676086
historical_display_2d_104,37,2,religious,0.3595731258392334,0.24030278623104095
historical_display_2d_104,37,3,belief,0.3395691215991974,0.13790884613990784
historical_display_2d_104,37,4,faith,0.22306132316589355,0.29520803689956665
historical_display_2d_104,37,5,theism,0.1734830141067505,0.24519167840480804
historical_display_2d_104,37,6,religious belief,0.16373860836029053,0.5832160115242004
historical_display_2d_104,37,7,beliefs,0.1545378565788269,0.09639664739370346
historical_display_2d_104,37,8,atheism,0.1434832364320755,0.45303618907928467
historical_display_2d_104,37,9,evidence,0.13331973552703857,0.05486622825264931
historical_display_2d_104,37,10,argument,0.12379953265190125,0.029298800975084305
historical_display_2d_104,37,11,epistemology,0.1175721138715744,0.055070050060749054
historical_display_2d_104,37,12,religious beliefs,0.11492960155010223,0.5442546606063843
historical_display_2d_104,38,1,research,0.30613192915916443,0.07720065116882324
historical_display_2d_104,38,2,science,0.28066936135292053,0.05878033861517906
historical_display_2d_104,38,3,scientific,0.2085420936346054,0.06561026722192764
historical_display_2d_104,38,4,publishing,0.1606888771057129,0.4641266167163849
historical_display_2d_104,38,5,academic,0.14651499688625336,0.1622714400291443
historical_display_2d_104,38,6,interdisciplinarity,0.12358513474464417,0.7611172795295715
historical_display_2d_104,38,7,peer review,0.1216311901807785,0.7906778454780579
historical_display_2d_104,38,8,peer,0.11700226366519928,0.3180157542228699
historical_display_2d_104,38,9,plagiarism,0.11560679972171783,0.8874702453613281
historical_display_2d_104,38,10,researchers,0.1137324646115303,0.13846324384212494
historical_display_2d_104,38,11,review,0.10869763046503067,0.02525864541530609
historical_display_2d_104,38,12,social,0.10487363487482071,0.021596163511276245
historical_display_2d_104,39,1,analytic,0.33807113766670227,0.2960978150367737
historical_display_2d_104,39,2,philosophy,0.3132036328315735,0.04828544706106186
historical_display_2d_104,39,3,analytic philosophy,0.2799339294433594,0.48180660605430603
historical_display_2d_104,39,4,wittgenstein,0.2668469548225403,0.1912437379360199
historical_display_2d_104,39,5,quine,0.1975071132183075,0.30130696296691895
historical_display_2d_104,39,6,logic,0.1321033239364624,0.049553774297237396
historical_display_2d_104,39,7,carnap,0.12829461693763733,0.2940385043621063
historical_display_2d_104,39,8,russell,0.12449768930673599,0.19451746344566345
historical_display_2d_104,39,9,davidson,0.12071776390075684,0.3059544861316681
historical_display_2d_104,39,10,frege,0.11098329722881317,0.16883835196495056
historical_display_2d_104,39,11,logical,0.10986485332250595,0.05913316085934639
historical_display_2d_104,39,12,philosophical,0.10260408371686935,0.02505996823310852
historical_display_2d_104,40,1,language,0.569324791431427,0.20856158435344696
historical_display_2d_104,40,2,meaning,0.17017275094985962,0.06515675783157349
historical_display_2d_104,40,3,linguistic,0.16459910571575165,0.15918990969657898
historical_display_2d_104,40,4,philosophy,0.13759349286556244,0.021212279796600342
historical_display_2d_104,40,5,wittgenstein,0.11110951006412506,0.07962990552186966
historical_display_2d_104,40,6,semiotics,0.11096149682998657,0.4123553931713104
historical_display_2d_104,40,7,sign,0.10243038088083267,0.3426332175731659
historical_display_2d_104,40,8,peirce,0.09876812249422073,0.21223220229148865
historical_display_2d_104,40,9,semiotic,0.09636734426021576,0.36603057384490967
historical_display_2d_104,40,10,communication,0.09575077146291733,0.08471345901489258
historical_display_2d_104,40,11,signs,0.09473671764135361,0.2867739498615265
historical_display_2d_104,40,12,translation,0.09197403490543365,0.14977315068244934
historical_display_2d_104,41,1,disagreement,0.42094001173973083,0.3731646239757538
historical_display_2d_104,41,2,ontology,0.31211888790130615,0.11633749306201935
historical_display_2d_104,41,3,ontologies,0.18800601363182068,0.22658732533454895
historical_display_2d_104,41,4,trust,0.13312958180904388,0.1272713541984558
historical_display_2d_104,41,5,epistemic,0.12439688295125961,0.038545161485672
historical_display_2d_104,41,6,information,0.12347982078790665,0.05385318025946617
historical_display_2d_104,41,7,data,0.11758258193731308,0.05213771387934685
historical_display_2d_104,41,8,formal,0.0966215655207634,0.07936058938503265
historical_display_2d_104,41,9,formal ontology,0.09213616698980331,0.3465857207775116
historical_display_2d_104,41,10,epistemology,0.0870908573269844,0.04079281911253929
historical_display_2d_104,41,11,philosophical,0.08661982417106628,0.021155981346964836
historical_display_2d_104,41,12,paper,0.08655206114053726,0.013207557611167431
historical_display_2d_104,42,1,scientific,0.4641444981098175,0.1460263729095459
historical_display_2d_104,42,2,science,0.4260511100292206,0.08922751247882843
historical_display_2d_104,42,3,realism,0.2871740758419037,0.15990184247493744
historical_display_2d_104,42,4,scientific realism,0.22002500295639038,0.717348039150238
historical_display_2d_104,42,5,naturalism,0.16143175959587097,0.19045348465442657
historical_display_2d_104,42,6,theories,0.15264980494976044,0.050407420843839645
historical_display_2d_104,42,7,progress,0.1438939869403839,0.14452111721038818
historical_display_2d_104,42,8,philosophy,0.13129207491874695,0.020240813493728638
historical_display_2d_104,42,9,philosophy science,0.12073966860771179,0.12768474221229553
historical_display_2d_104,42,10,scientific progress,0.11375754326581955,0.5658171772956848
historical_display_2d_104,42,11,popper,0.09018876403570175,0.36373794078826904
historical_display_2d_104,42,12,truth,0.08433957397937775,0.027705242857336998
historical_display_2d_104,43,1,health,0.22554202377796173,0.10236623138189316
historical_display_2d_104,43,2,research,0.21547409892082214,0.054338470101356506
historical_display_2d_104,43,3,medical,0.20176900923252106,0.1456621140241623
historical_display_2d_104,43,4,medicine,0.2009817212820053,0.23905758559703827
historical_display_2d_104,43,5,clinical,0.17324420809745789,0.20460554957389832
historical_display_2d_104,43,6,covid,0.1719588339328766,0.14877772331237793
historical_display_2d_104,43,7,ethical,0.1700606793165207,0.062231726944446564
historical_display_2d_104,43,8,covid 19,0.16894184052944183,0.15644554793834686
historical_display_2d_104,43,9,vaccine,0.1647723913192749,0.6835153102874756
historical_display_2d_104,43,10,19,0.16473156213760376,0.13521136343479156
historical_display_2d_104,43,11,evidence,0.1386958360671997,0.05707870423793793
historical_display_2d_104,43,12,vaccination,0.13468950986862183,0.7392736673355103
historical_display_2d_104,44,1,ai,0.5771873593330383,0.3353700339794159
historical_display_2d_104,44,2,intelligence,0.28916364908218384,0.1678858995437622
historical_display_2d_104,44,3,artificial,0.25031644105911255,0.1679331660270691
historical_display_2d_104,44,4,artificial intelligence,0.2310428023338318,0.22557082772254944
historical_display_2d_104,44,5,systems,0.13270553946495056,0.0582779124379158
historical_display_2d_104,44,6,ethics,0.10290930420160294,0.02662578970193863
historical_display_2d_104,44,7,human,0.10138552635908127,0.019538387656211853
historical_display_2d_104,44,8,algorithmic,0.09809355437755585,0.24764513969421387
historical_display_2d_104,44,9,ethical,0.09662090986967087,0.03535729646682739
historical_display_2d_104,44,10,ai systems,0.08709542453289032,0.38190150260925293
historical_display_2d_104,44,11,ai ethics,0.0847863182425499,0.7416929602622986
historical_display_2d_104,44,12,risk,0.07903861999511719,0.06757820397615433
historical_display_2d_104,45,1,music,0.712189793586731,0.7092611193656921
historical_display_2d_104,45,2,musical,0.462615430355072,0.8267278671264648
historical_display_2d_104,45,3,improvisation,0.09466248005628586,0.7615164518356323
historical_display_2d_104,45,4,listening,0.07808966934680939,0.5137587785720825
historical_display_2d_104,45,5,emotions,0.07643380761146545,0.039710357785224915
historical_display_2d_104,45,6,art,0.07273898273706436,0.04681296646595001
historical_display_2d_104,45,7,sound,0.07148590683937073,0.1211867481470108
historical_display_2d_104,45,8,rhythm,0.06703048944473267,0.6910461783409119
historical_display_2d_104,45,9,musical experience,0.06324850767850876,0.9422339797019958
historical_display_2d_104,45,10,meaning,0.06285665929317474,0.024066932499408722
historical_display_2d_104,45,11,experience,0.06028973311185837,0.024038489907979965
historical_display_2d_104,45,12,musical works,0.05796774849295616,0.9582362771034241
historical_display_2d_104,46,1,intuitions,0.3658781349658966,0.31084316968917847
historical_display_2d_104,46,2,experimental philosophy,0.33200803399086,0.6513969898223877
historical_display_2d_104,46,3,experimental,0.2868121266365051,0.27350759506225586
historical_display_2d_104,46,4,philosophy,0.22807016968727112,0.03516073524951935
historical_display_2d_104,46,5,virtue,0.19646960496902466,0.12025966495275497
historical_display_2d_104,46,6,intuition,0.16713197529315948,0.21527308225631714
historical_display_2d_104,46,7,luck,0.16278015077114105,0.26442044973373413
historical_display_2d_104,46,8,epistemic,0.16250748932361603,0.05035397410392761
historical_display_2d_104,46,9,virtue epistemology,0.14557066559791565,0.7429159283638
historical_display_2d_104,46,10,knowledge,0.14407582581043243,0.03413480147719383
historical_display_2d_104,46,11,epistemology,0.14046001434326172,0.06579060107469559
historical_display_2d_104,46,12,philosophical,0.1280830204486847,0.0312829315662384
historical_display_2d_104,47,1,explanation,0.41144272685050964,0.19399988651275635
historical_display_2d_104,47,2,causal,0.32847678661346436,0.15953688323497772
historical_display_2d_104,47,3,causation,0.2864324748516083,0.19781139492988586
historical_display_2d_104,47,4,explanations,0.22195017337799072,0.19528809189796448
historical_display_2d_104,47,5,explanatory,0.21739280223846436,0.19515784084796906
historical_display_2d_104,47,6,scientific,0.14290942251682281,0.04496131092309952
historical_display_2d_104,47,7,theory,0.11568009853363037,0.0173326525837183
historical_display_2d_104,47,8,scientific explanation,0.11196716129779816,0.6918591856956482
historical_display_2d_104,47,9,science,0.10964740067720413,0.022963358089327812
historical_display_2d_104,47,10,mathematical,0.10210937261581421,0.09758710861206055
historical_display_2d_104,47,11,models,0.09726350009441376,0.05047576129436493
historical_display_2d_104,47,12,account,0.09373316168785095,0.021485313773155212
historical_display_2d_104,48,1,contextualism,0.43253570795059204,0.635004997253418
historical_display_2d_104,48,2,knowledge,0.35941094160079956,0.0851525291800499
historical_display_2d_104,48,3,pragmatic,0.3053129315376282,0.3074285387992859
historical_display_2d_104,48,4,pragmatic encroachment,0.26512977480888367,0.9655643105506897
historical_display_2d_104,48,5,epistemic,0.25968608260154724,0.08046537637710571
historical_display_2d_104,48,6,encroachment,0.25698909163475037,0.8815616369247437
historical_display_2d_104,48,7,epistemic contextualism,0.15809254348278046,0.8897769451141357
historical_display_2d_104,48,8,invariantism,0.15201866626739502,0.7743104696273804
historical_display_2d_104,48,9,knowledge ascriptions,0.13972431421279907,0.7614871859550476
historical_display_2d_104,48,10,ascriptions,0.12480060011148453,0.34443768858909607
historical_display_2d_104,48,11,stakes,0.09994968771934509,0.4715963900089264
historical_display_2d_104,48,12,knows,0.08406002074480057,0.21197742223739624
historical_display_2d_104,49,1,health,0.5905044078826904,0.26801085472106934
historical_display_2d_104,49,2,public,0.20318539440631866,0.09867975115776062
historical_display_2d_104,49,3,healthcare,0.1718602478504181,0.299069344997406
historical_display_2d_104,49,4,care,0.16989964246749878,0.11285566538572311
historical_display_2d_104,49,5,public health,0.16258063912391663,0.32968491315841675
historical_display_2d_104,49,6,justice,0.13660675287246704,0.06090368703007698
historical_display_2d_104,49,7,health care,0.13173609972000122,0.3045182228088379
historical_display_2d_104,49,8,medical,0.12883983552455902,0.09301271289587021
historical_display_2d_104,49,9,policy,0.1129332184791565,0.08934515714645386
historical_display_2d_104,49,10,social,0.10828378051519394,0.022298399358987808
historical_display_2d_104,49,11,responsibility,0.10062582790851593,0.05795672908425331
historical_display_2d_104,49,12,insurance,0.07898759841918945,0.4739777743816376
historical_display_2d_104,50,1,covid,0.3951844871044159,0.3419111967086792
historical_display_2d_104,50,2,covid 19,0.3901114761829376,0.3612557053565979
historical_display_2d_104,50,3,pandemic,0.3800707161426544,0.39776337146759033
historical_display_2d_104,50,4,19,0.3751976788043976,0.3079615533351898
historical_display_2d_104,50,5,19 pandemic,0.18918655812740326,0.42146626114845276
historical_display_2d_104,50,6,health,0.1353384256362915,0.06142573431134224
historical_display_2d_104,50,7,public,0.10620623826980591,0.05158050358295441
historical_display_2d_104,50,8,virus,0.08532199263572693,0.3336919844150543
historical_display_2d_104,50,9,pandemics,0.08308511972427368,0.6591918468475342
historical_display_2d_104,50,10,coronavirus,0.08220188319683075,0.46073001623153687
historical_display_2d_104,50,11,public health,0.07721173018217087,0.15657179057598114
historical_display_2d_104,50,12,crisis,0.07697241753339767,0.10096816718578339
historical_display_2d_104,51,1,modal,0.5742791891098022,0.4332493543624878
historical_display_2d_104,51,2,modality,0.3174806535243988,0.48363056778907776
historical_display_2d_104,51,3,worlds,0.18777784705162048,0.20051676034927368
historical_display_2d_104,51,4,possibility,0.18398964405059814,0.11391105502843857
historical_display_2d_104,51,5,necessity,0.18194715678691864,0.1893671751022339
historical_display_2d_104,51,6,possible,0.16420704126358032,0.06335833668708801
historical_display_2d_104,51,7,possible worlds,0.1381881833076477,0.3682096004486084
historical_display_2d_104,51,8,modal realism,0.12879377603530884,0.7192028164863586
historical_display_2d_104,51,9,metaphysical,0.10741589218378067,0.06401665508747101
historical_display_2d_104,51,10,logic,0.10360462218523026,0.038863517343997955
historical_display_2d_104,51,11,conceivability,0.09981432557106018,0.6989919543266296
historical_display_2d_104,51,12,realism,0.09937724471092224,0.05533440038561821
historical_display_2d_104,52,1,causation,0.5150623917579651,0.355704128742218
historical_display_2d_104,52,2,causal,0.38042977452278137,0.18476977944374084
historical_display_2d_104,52,3,cause,0.18025778234004974,0.16210325062274933
historical_display_2d_104,52,4,causes,0.11626039445400238,0.11954010277986526
historical_display_2d_104,52,5,hume,0.11544343084096909,0.10311678051948547
historical_display_2d_104,52,6,events,0.11005690693855286,0.11071993410587311
historical_display_2d_104,52,7,event,0.1086130142211914,0.14288818836212158
historical_display_2d_104,52,8,argument,0.10136368125677109,0.023989059031009674
historical_display_2d_104,52,9,causality,0.09561097621917725,0.23261144757270813
historical_display_2d_104,52,10,translation,0.08709642291069031,0.14183031022548676
historical_display_2d_104,52,11,necessity,0.0787087082862854,0.08191853761672974
historical_display_2d_104,52,12,powers,0.07600531727075577,0.1313018500804901
historical_display_2d_104,53,1,technology,0.542174220085144,0.3145331144332886
historical_display_2d_104,53,2,technological,0.26652196049690247,0.2955319583415985
historical_display_2d_104,53,3,technologies,0.17020563781261444,0.1595625877380371
historical_display_2d_104,53,4,philosophy technology,0.14037778973579407,0.7931391596794128
historical_display_2d_104,53,5,human,0.13959085941314697,0.026901081204414368
historical_display_2d_104,53,6,ethics,0.12376513332128525,0.03202183172106743
historical_display_2d_104,53,7,philosophy,0.11797312647104263,0.01818748190999031
historical_display_2d_104,53,8,design,0.11278329789638519,0.06928952038288116
historical_display_2d_104,53,9,innovation,0.11071300506591797,0.17600563168525696
historical_display_2d_104,53,10,social,0.09165734797716141,0.01887459121644497
historical_display_2d_104,53,11,new,0.0915757343173027,0.020001286640763283
historical_display_2d_104,53,12,heidegger,0.0906253382563591,0.08136679232120514
historical_display_2d_104,54,1,media,0.284943163394928,0.3389682173728943
historical_display_2d_104,54,2,digital,0.2700772285461426,0.2658596932888031
historical_display_2d_104,54,3,privacy,0.23201708495616913,0.47261014580726624
historical_display_2d_104,54,4,social,0.20810076594352722,0.04285326972603798
historical_display_2d_104,54,5,information,0.20459342002868652,0.08922920376062393
historical_display_2d_104,54,6,internet,0.1847245842218399,0.41838204860687256
historical_display_2d_104,54,7,online,0.17895694077014923,0.27610310912132263
historical_display_2d_104,54,8,social media,0.1679932028055191,0.5295346975326538
historical_display_2d_104,54,9,data,0.13189460337162018,0.05848385766148567
historical_display_2d_104,54,10,ethics,0.12199386209249496,0.03156355023384094
historical_display_2d_104,54,11,technologies,0.11471917480230331,0.10754572600126266
historical_display_2d_104,54,12,technology,0.11231334507465363,0.06515666842460632
historical_display_2d_104,55,1,evil,0.5234946012496948,0.4248593747615814
historical_display_2d_104,55,2,god,0.3515682518482208,0.13991954922676086
historical_display_2d_104,55,3,problem evil,0.27796870470046997,0.6167518496513367
historical_display_2d_104,55,4,theism,0.22043421864509583,0.3115500211715698
historical_display_2d_104,55,5,divine,0.1925058513879776,0.2012077122926712
historical_display_2d_104,55,6,problem,0.19013682007789612,0.04492155835032463
historical_display_2d_104,55,7,skeptical,0.13890665769577026,0.18963123857975006
historical_display_2d_104,55,8,skeptical theism,0.13681387901306152,0.6608806252479553
historical_display_2d_104,55,9,free,0.13146959245204926,0.0608038455247879
historical_display_2d_104,55,10,freedom,0.10733373463153839,0.0602557398378849
historical_display_2d_104,55,11,sufficient reason,0.10554713010787964,0.4353218376636505
historical_display_2d_104,55,12,argument,0.09529215097427368,0.02255215123295784
historical_display_2d_104,56,1,memory,0.35635867714881897,0.2244454026222229
historical_display_2d_104,56,2,altruism,0.18785177171230316,0.38243532180786133
historical_display_2d_104,56,3,dreaming,0.1851513534784317,0.8753076195716858
historical_display_2d_104,56,4,effective altruism,0.16822637617588043,0.7140340805053711
historical_display_2d_104,56,5,effective,0.1572706401348114,0.18427665531635284
historical_display_2d_104,56,6,self,0.14324772357940674,0.03592110425233841
historical_display_2d_104,56,7,dreams,0.13594675064086914,0.5536388158798218
historical_display_2d_104,56,8,memories,0.13304495811462402,0.32318055629730225
historical_display_2d_104,56,9,autobiographical,0.11197347939014435,0.6765334606170654
historical_display_2d_104,56,10,psychology,0.10719283670186996,0.054157357662916183
historical_display_2d_104,56,11,identity,0.10326510667800903,0.039714619517326355
historical_display_2d_104,56,12,personal,0.10068299621343613,0.05765911191701889
historical_display_2d_104,57,1,aristotle,0.384491890668869,0.17252616584300995
historical_display_2d_104,57,2,probability,0.2831794321537018,0.3042088747024536
historical_display_2d_104,57,3,analytics,0.23683567345142365,0.5860788822174072
historical_display_2d_104,57,4,posterior analytics,0.20532570779323578,0.8665329813957214
historical_display_2d_104,57,5,logic,0.20322564244270325,0.07623273134231567
historical_display_2d_104,57,6,posterior,0.1984378695487976,0.8060741424560547
historical_display_2d_104,57,7,syllogisms,0.18493478000164032,0.9395462870597839
historical_display_2d_104,57,8,syllogistic,0.17556139826774597,0.9162052273750305
historical_display_2d_104,57,9,probabilistic,0.13340134918689728,0.29830512404441833
historical_display_2d_104,57,10,aristotle logic,0.11075907945632935,0.7274585962295532
historical_display_2d_104,57,11,logical,0.10094013065099716,0.054329559206962585
historical_display_2d_104,57,12,demonstration,0.0972217321395874,0.4131237864494324
historical_display_2d_104,58,1,perception,0.3961256444454193,0.2811739444732666
historical_display_2d_104,58,2,perceptual,0.3682999610900879,0.41903188824653625
historical_display_2d_104,58,3,visual,0.24990586936473846,0.38746869564056396
historical_display_2d_104,58,4,experience,0.2101021409034729,0.08377111703157425
historical_display_2d_104,58,5,color,0.1533147692680359,0.4979119598865509
historical_display_2d_104,58,6,phenomenal,0.12689995765686035,0.1890440136194229
historical_display_2d_104,58,7,sensory,0.12132424861192703,0.2615334093570709
historical_display_2d_104,58,8,content,0.1198621541261673,0.07236027717590332
historical_display_2d_104,58,9,vision,0.10252329707145691,0.16339677572250366
historical_display_2d_104,58,10,objects,0.10124467313289642,0.05742714926600456
historical_display_2d_104,58,11,seeing,0.0949021428823471,0.19307568669319153
historical_display_2d_104,58,12,perceptual experience,0.09482274949550629,0.7045549750328064
historical_display_2d_104,59,1,medical,0.24535700678825378,0.17712938785552979
historical_display_2d_104,59,2,euthanasia,0.21877117455005646,0.7260758280754089
historical_display_2d_104,59,3,care,0.19474279880523682,0.12935771048069
historical_display_2d_104,59,4,ethics,0.1847744733095169,0.047806814312934875
historical_display_2d_104,59,5,autonomy,0.16891393065452576,0.12483733147382736
historical_display_2d_104,59,6,patients,0.15826569497585297,0.17841510474681854
historical_display_2d_104,59,7,medicine,0.15403103828430176,0.18321213126182556
historical_display_2d_104,59,8,patient,0.14785024523735046,0.21279668807983398
historical_display_2d_104,59,9,health,0.1400313824415207,0.06355571746826172
historical_display_2d_104,59,10,life,0.12290717661380768,0.02967863529920578
historical_display_2d_104,59,11,bioethics,0.12221947312355042,0.22559121251106262
historical_display_2d_104,59,12,moral,0.11325521022081375,0.021123293787240982
historical_display_2d_104,60,1,identity,0.44104334712028503,0.16962039470672607
historical_display_2d_104,60,2,personal identity,0.4405452013015747,0.6029845476150513
historical_display_2d_104,60,3,personal,0.3693154454231262,0.21149946749210358
historical_display_2d_104,60,4,self,0.16118276119232178,0.040418531745672226
historical_display_2d_104,60,5,person,0.14610415697097778,0.075746551156044
historical_display_2d_104,60,6,persons,0.14385156333446503,0.13943491876125336
historical_display_2d_104,60,7,psychological,0.10617859661579132,0.06374207139015198
historical_display_2d_104,60,8,psychological continuity,0.10594595968723297,0.8224129676818848
historical_display_2d_104,60,9,animalism,0.09317365288734436,0.8095542192459106
historical_display_2d_104,60,10,continuity,0.08843638002872467,0.1762722283601761
historical_display_2d_104,60,11,narrative,0.07840689271688461,0.06463326513767242
historical_display_2d_104,60,12,philosophy,0.07623889297246933,0.01175346877425909
historical_display_2d_104,61,1,environmental,0.3826774060726166,0.38064733147621155
historical_display_2d_104,61,2,ecological,0.22304892539978027,0.398180216550827
historical_display_2d_104,61,3,nature,0.1440393477678299,0.03846704214811325
historical_display_2d_104,61,4,innovation,0.14042699337005615,0.2232433408498764
historical_display_2d_104,61,5,ethics,0.13287611305713654,0.03437912091612816
historical_display_2d_104,61,6,human,0.125069260597229,0.024102570489048958
historical_display_2d_104,61,7,conservation,0.11971275508403778,0.3920518159866333
historical_display_2d_104,61,8,ecology,0.11954974383115768,0.37466859817504883
historical_display_2d_104,61,9,environment,0.1172531247138977,0.10340012609958649
historical_display_2d_104,61,10,climate,0.10727397352457047,0.09634224325418472
historical_display_2d_104,61,11,sustainability,0.10373754799365997,0.30467671155929565
historical_display_2d_104,61,12,social,0.09822659939527512,0.02022736892104149
historical_display_2d_104,62,1,food,0.5202289819717407,0.6502239108085632
historical_display_2d_104,62,2,agriculture,0.20778799057006836,0.7673320770263672
historical_display_2d_104,62,3,meat,0.20584824681282043,0.6706380248069763
historical_display_2d_104,62,4,agricultural,0.17328716814517975,0.7287898659706116
historical_display_2d_104,62,5,animals,0.13673248887062073,0.10312619060277939
historical_display_2d_104,62,6,ethical,0.13473254442214966,0.0493038073182106
historical_display_2d_104,62,7,animal,0.13268578052520752,0.09511234611272812
historical_display_2d_104,62,8,veganism,0.12912219762802124,0.696311891078949
historical_display_2d_104,62,9,production,0.1289830207824707,0.16378618776798248
historical_display_2d_104,62,10,farming,0.11872905492782593,0.7096958756446838
historical_display_2d_104,62,11,ethics,0.10795710235834122,0.027931809425354004
historical_display_2d_104,62,12,farmers,0.0993049368262291,0.8406997323036194
historical_display_2d_104,63,1,consciousness,0.4469148516654968,0.24793875217437744
historical_display_2d_104,63,2,mind,0.2867740988731384,0.11448777467012405
historical_display_2d_104,63,3,self,0.14405646920204163,0.03612390533089638
historical_display_2d_104,63,4,cognitive,0.14344556629657745,0.05327176675200462
historical_display_2d_104,63,5,brain,0.14222761988639832,0.14434152841567993
historical_display_2d_104,63,6,conscious,0.14000539481639862,0.17972853779792786
historical_display_2d_104,63,7,mental,0.12995770573616028,0.06415453553199768
historical_display_2d_104,63,8,problem,0.11336960643529892,0.026784604415297508
historical_display_2d_104,63,9,phenomenal,0.11279503256082535,0.16803178191184998
historical_display_2d_104,63,10,theory,0.10861040651798248,0.01627338118851185
historical_display_2d_104,63,11,experience,0.10858462005853653,0.04329444095492363
historical_display_2d_104,63,12,body,0.1068074181675911,0.07170823216438293
historical_display_2d_104,64,1,consciousness,0.35674068331718445,0.1979120522737503
historical_display_2d_104,64,2,animal,0.19788330793380737,0.14184749126434326
historical_display_2d_104,64,3,evolution,0.1699129343032837,0.0992986336350441
historical_display_2d_104,64,4,animals,0.1539565473794937,0.11611689627170563
historical_display_2d_104,64,5,mind,0.1440633088350296,0.05751387029886246
historical_display_2d_104,64,6,evolutionary,0.13354074954986572,0.08387529850006104
historical_display_2d_104,64,7,human,0.12783858180046082,0.02463625557720661
historical_display_2d_104,64,8,minds,0.11544298380613327,0.1576966494321823
historical_display_2d_104,64,9,animal consciousness,0.10982610285282135,0.9082396626472473
historical_display_2d_104,64,10,psychology,0.10508731007575989,0.053093574941158295
historical_display_2d_104,64,11,conscious,0.09522315859794617,0.12224042415618896
historical_display_2d_104,64,12,cognitive,0.09298627078533173,0.034532561898231506
historical_display_2d_104,65,1,truth,0.4927343726158142,0.16186144948005676
historical_display_2d_104,65,2,grounding,0.40062686800956726,0.4753677546977997
historical_display_2d_104,65,3,truthmaker,0.19005702435970306,0.6286231875419617
historical_display_2d_104,65,4,truthmaking,0.18865330517292023,0.7850315570831299
historical_display_2d_104,65,5,pluralism,0.17042134702205658,0.17909133434295654
historical_display_2d_104,65,6,truthmakers,0.1680656224489212,0.6788346767425537
historical_display_2d_104,65,7,ground,0.15814462304115295,0.16115736961364746
historical_display_2d_104,65,8,facts,0.15071026980876923,0.12352912873029709
historical_display_2d_104,65,9,logic,0.11904151737689972,0.044654108583927155
historical_display_2d_104,65,10,theory,0.10497216880321503,0.01572825387120247
historical_display_2d_104,65,11,metaphysical,0.10404568910598755,0.06200811266899109
historical_display_2d_104,65,12,true,0.10346938669681549,0.058203767985105515
historical_display_2d_104,66,1,quantum,0.4560624659061432,0.6019525527954102
historical_display_2d_104,66,2,mechanics,0.243000328540802,0.549663245677948
historical_display_2d_104,66,3,physics,0.21722695231437683,0.22061745822429657
historical_display_2d_104,66,4,quantum mechanics,0.20526956021785736,0.66281658411026
historical_display_2d_104,66,5,theory,0.17248676717281342,0.025844143703579903
historical_display_2d_104,66,6,relativity,0.16187602281570435,0.390536904335022
historical_display_2d_104,66,7,time,0.14201828837394714,0.04330363869667053
historical_display_2d_104,66,8,space,0.13748781383037567,0.09987974166870117
historical_display_2d_104,66,9,universe,0.12662044167518616,0.16157861053943634
historical_display_2d_104,66,10,physical,0.12221398204565048,0.08801186084747314
historical_display_2d_104,66,11,gravity,0.09471282362937927,0.5453338623046875
historical_display_2d_104,66,12,laws,0.09465622156858444,0.08869800716638565
historical_display_2d_104,67,1,climate,0.653958261013031,0.5873167514801025
historical_display_2d_104,67,2,climate change,0.40010035037994385,0.56472247838974
historical_display_2d_104,67,3,change,0.3001305162906647,0.1488734632730484
historical_display_2d_104,67,4,carbon,0.13228371739387512,0.6559886932373047
historical_display_2d_104,67,5,emissions,0.1275262087583542,0.7446771860122681
historical_display_2d_104,67,6,geoengineering,0.11872723698616028,0.9647232294082642
historical_display_2d_104,67,7,global,0.07790111005306244,0.0445903018116951
historical_display_2d_104,67,8,justice,0.07532908022403717,0.03358412906527519
historical_display_2d_104,67,9,climate science,0.06826642900705338,0.9295684099197388
historical_display_2d_104,67,10,ethics,0.06505245715379715,0.016831062734127045
historical_display_2d_104,67,11,moral,0.06492171436548233,0.01210858579725027
historical_display_2d_104,67,12,environmental,0.06398584693670273,0.06364640593528748
historical_display_2d_104,68,1,epistemic,0.34631362557411194,0.10730747133493423
historical_display_2d_104,68,2,belief,0.34395673871040344,0.13969078660011292
historical_display_2d_104,68,3,knowledge,0.3245784640312195,0.0768999308347702
historical_display_2d_104,68,4,epistemology,0.16485388576984406,0.07721653580665588
historical_display_2d_104,68,5,beliefs,0.1554606556892395,0.0969722643494606
historical_display_2d_104,68,6,justification,0.1447528600692749,0.12296593934297562
historical_display_2d_104,68,7,evidence,0.14316190779209137,0.058916665613651276
historical_display_2d_104,68,8,argue,0.11134368181228638,0.01922476664185524
historical_display_2d_104,68,9,paper,0.10608277469873428,0.0161878801882267
historical_display_2d_104,68,10,rational,0.09783845394849777,0.062284402549266815
historical_display_2d_104,68,11,view,0.0897531509399414,0.02053436078131199
historical_display_2d_104,68,12,argument,0.08868954330682755,0.02098955772817135
historical_display_2d_104,69,1,evolutionary,0.5045889019966125,0.31692609190940857
historical_display_2d_104,69,2,evolution,0.29294708371162415,0.17120088636875153
historical_display_2d_104,69,3,debunking,0.20771397650241852,0.5512675046920776
historical_display_2d_104,69,4,moral,0.19525578618049622,0.036417268216609955
historical_display_2d_104,69,5,evolutionary debunking,0.15911661088466644,0.8363587260246277
historical_display_2d_104,69,6,human,0.14647537469863892,0.028227822855114937
historical_display_2d_104,69,7,psychology,0.1325046271085739,0.06694570928812027
historical_display_2d_104,69,8,evolutionary psychology,0.12465827167034149,0.5704239010810852
historical_display_2d_104,69,9,selection,0.12360931187868118,0.1504192054271698
historical_display_2d_104,69,10,debunking arguments,0.11860065162181854,0.7227720022201538
historical_display_2d_104,69,11,social,0.1170005351305008,0.024093402549624443
historical_display_2d_104,69,12,biology,0.11132800579071045,0.08834727853536606
historical_display_2d_104,70,1,metaphysics,0.32587653398513794,0.12590011954307556
historical_display_2d_104,70,2,kant,0.28755006194114685,0.11537270992994308
historical_display_2d_104,70,3,philosophy,0.20881840586662292,0.032192762941122055
historical_display_2d_104,70,4,critique,0.1712791472673416,0.1000044047832489
historical_display_2d_104,70,5,philosophical,0.14535360038280487,0.035501088947057724
historical_display_2d_104,70,6,reason,0.1443372666835785,0.056641049683094025
historical_display_2d_104,70,7,god,0.13452722132205963,0.05354006588459015
historical_display_2d_104,70,8,motor,0.12011685222387314,0.37282752990722656
historical_display_2d_104,70,9,attention,0.09713318198919296,0.05610604211688042
historical_display_2d_104,70,10,pure reason,0.09691824018955231,0.5108665227890015
historical_display_2d_104,70,11,science,0.09263613820075989,0.019400704652071
historical_display_2d_104,70,12,review,0.09100481867790222,0.021147271618247032
historical_display_2d_104,71,1,psychopathy,0.34106191992759705,0.8222118616104126
historical_display_2d_104,71,2,moral,0.24497655034065247,0.045690715312957764
historical_display_2d_104,71,3,psychopaths,0.19293996691703796,0.8069208264350891
historical_display_2d_104,71,4,personality,0.1907886266708374,0.4095456600189209
historical_display_2d_104,71,5,psychopathic,0.16874584555625916,0.8217930197715759
historical_display_2d_104,71,6,norms,0.1362137794494629,0.10737629979848862
historical_display_2d_104,71,7,social,0.12307035177946091,0.025343332439661026
historical_display_2d_104,71,8,social norms,0.1104377955198288,0.4367956817150116
historical_display_2d_104,71,9,antisocial,0.1068904846906662,0.8364087343215942
historical_display_2d_104,71,10,traits,0.10673090815544128,0.22369162738323212
historical_display_2d_104,71,11,study,0.10650208592414856,0.03079664520919323
historical_display_2d_104,71,12,results,0.08612219244241714,0.04351990669965744
historical_display_2d_104,72,1,life,0.408144474029541,0.09855543822050095
historical_display_2d_104,72,2,death,0.32488900423049927,0.24447934329509735
historical_display_2d_104,72,3,meaning life,0.3241020143032074,0.5502490401268005
historical_display_2d_104,72,4,meaning,0.2905997335910797,0.11126656085252762
historical_display_2d_104,72,5,creativity,0.2823156714439392,0.4273999035358429
historical_display_2d_104,72,6,meaningful,0.12441474944353104,0.223658487200737
historical_display_2d_104,72,7,lives,0.10789135098457336,0.09174951910972595
historical_display_2d_104,72,8,imagination,0.10567589104175568,0.10806930065155029
historical_display_2d_104,72,9,value,0.09711671620607376,0.030580507591366768
historical_display_2d_104,72,10,suffering,0.0874895304441452,0.12071250379085541
historical_display_2d_104,72,11,immortality,0.08332142233848572,0.3769521415233612
historical_display_2d_104,72,12,human,0.08272568136453629,0.015942377969622612
historical_display_2d_104,73,1,love,0.6778721213340759,0.4596729874610901
historical_display_2d_104,73,2,moral,0.1760541945695877,0.03283596783876419
historical_display_2d_104,73,3,self,0.16263717412948608,0.040783245116472244
historical_display_2d_104,73,4,happiness,0.12730401754379272,0.16319119930267334
historical_display_2d_104,73,5,passions,0.10389646887779236,0.4275309145450592
historical_display_2d_104,73,6,sympathy,0.09418543428182602,0.45612871646881104
historical_display_2d_104,73,7,life,0.09370673447847366,0.02262754738330841
historical_display_2d_104,73,8,compassion,0.08796023577451706,0.3706691265106201
historical_display_2d_104,73,9,good,0.08719505369663239,0.03005659393966198
historical_display_2d_104,73,10,account,0.08447718620300293,0.019363678991794586
historical_display_2d_104,73,11,loving,0.08433765918016434,0.337169349193573
historical_display_2d_104,73,12,virtue,0.07953987270593643,0.04868660494685173
historical_display_2d_104,74,1,happiness,0.3835960924625397,0.4917323589324951
historical_display_2d_104,74,2,life,0.24693317711353302,0.059627436101436615
historical_display_2d_104,74,3,hedonism,0.21479815244674683,0.819049060344696
historical_display_2d_104,74,4,good,0.17825807631015778,0.06144649535417557
historical_display_2d_104,74,5,desire,0.1740700900554657,0.16032008826732635
historical_display_2d_104,74,6,value,0.17124883830547333,0.053923532366752625
historical_display_2d_104,74,7,theories,0.15906696021556854,0.05252647027373314
historical_display_2d_104,74,8,welfare,0.15637248754501343,0.1860058456659317
historical_display_2d_104,74,9,theory,0.13008305430412292,0.019490685313940048
historical_display_2d_104,74,10,satisfaction,0.11552617698907852,0.25900015234947205
historical_display_2d_104,74,11,pleasure,0.110638327896595,0.2732384204864502
historical_display_2d_104,74,12,lives,0.10398562997579575,0.08842813968658447
historical_display_2d_104,75,1,time,0.5842631459236145,0.17815114557743073
historical_display_2d_104,75,2,temporal,0.2712351381778717,0.34570756554603577
historical_display_2d_104,75,3,kant,0.14936983585357666,0.059931136667728424
historical_display_2d_104,75,4,presentism,0.14094547927379608,0.8606123924255371
historical_display_2d_104,75,5,space,0.13927018642425537,0.10117457062005997
historical_display_2d_104,75,6,past,0.11853255331516266,0.08922645449638367
historical_display_2d_104,75,7,theory,0.11367436498403549,0.01703212782740593
historical_display_2d_104,75,8,present,0.11182240396738052,0.04180493578314781
historical_display_2d_104,75,9,future,0.10423675179481506,0.04805966839194298
historical_display_2d_104,75,10,passage,0.09579788148403168,0.2818848192691803
historical_display_2d_104,75,11,view,0.08807257562875748,0.020149866119027138
historical_display_2d_104,75,12,metaphysics,0.0873451754450798,0.03374519944190979
historical_display_2d_104,76,1,metaphysics,0.521162211894989,0.20134738087654114
historical_display_2d_104,76,2,aristotle,0.4795493185520172,0.21517957746982574
historical_display_2d_104,76,3,philosophy,0.15754765272140503,0.024288538843393326
historical_display_2d_104,76,4,science,0.11814702302217484,0.024743426591157913
historical_display_2d_104,76,5,ontology,0.11304718255996704,0.04213659092783928
historical_display_2d_104,76,6,metaphysical,0.08922619372606277,0.053176138550043106
historical_display_2d_104,76,7,ontological,0.08715176582336426,0.04912453517317772
historical_display_2d_104,76,8,aristotle metaphysics,0.08076570928096771,0.6411295533180237
historical_display_2d_104,76,9,analytic metaphysics,0.07676292210817337,0.7259584665298462
historical_display_2d_104,76,10,categories,0.07454550266265869,0.07990549504756927
historical_display_2d_104,76,11,aristotelian,0.07313034683465958,0.10413197427988052
historical_display_2d_104,76,12,things,0.06922345608472824,0.036735258996486664
historical_display_2d_104,77,1,ontology,0.4021661877632141,0.14990122616291046
historical_display_2d_104,77,2,ontological,0.31277912855148315,0.17630313336849213
historical_display_2d_104,77,3,essence,0.17277663946151733,0.2288443148136139
historical_display_2d_104,77,4,properties,0.1420833170413971,0.09067551046609879
historical_display_2d_104,77,5,existence,0.1386571228504181,0.06487680226564407
historical_display_2d_104,77,6,metaphysics,0.137889564037323,0.05327267199754715
historical_display_2d_104,77,7,kinds,0.1322064995765686,0.08012646436691284
historical_display_2d_104,77,8,natural,0.11925473809242249,0.045269329100847244
historical_display_2d_104,77,9,natural kinds,0.10795494168996811,0.35116681456565857
historical_display_2d_104,77,10,theory,0.10651004314422607,0.015958677977323532
historical_display_2d_104,77,11,relations,0.10632795840501785,0.06821924448013306
historical_display_2d_104,77,12,metaphysical,0.10385772585868835,0.06189609318971634
historical_display_2d_104,78,1,kant,0.24188965559005737,0.09705254435539246
historical_display_2d_104,78,2,intentionality,0.23363083600997925,0.2654193639755249
historical_display_2d_104,78,3,substance,0.14183439314365387,0.1842426210641861
historical_display_2d_104,78,4,thoughts,0.13117378950119019,0.17553894221782684
historical_display_2d_104,78,5,intentional,0.12886850535869598,0.1369815468788147
historical_display_2d_104,78,6,content,0.12324000149965286,0.07439947128295898
historical_display_2d_104,78,7,theory,0.12282634526491165,0.018403392285108566
historical_display_2d_104,78,8,mind,0.12112314254045486,0.048355549573898315
historical_display_2d_104,78,9,thought,0.12060702592134476,0.04657070338726044
historical_display_2d_104,78,10,gender,0.11898820847272873,0.0909324437379837
historical_display_2d_104,78,11,objects,0.11167992651462555,0.06334614753723145
historical_display_2d_104,78,12,argue,0.10763763636350632,0.018584875389933586
historical_display_2d_104,79,1,moral,0.420486718416214,0.07842521369457245
historical_display_2d_104,79,2,ethics,0.32783961296081543,0.0848221480846405
historical_display_2d_104,79,3,kant,0.27323809266090393,0.10963036864995956
historical_display_2d_104,79,4,virtue,0.21646951138973236,0.13250167667865753
historical_display_2d_104,79,5,morality,0.18261690437793732,0.13261157274246216
historical_display_2d_104,79,6,ethical,0.12964050471782684,0.047440435737371445
historical_display_2d_104,79,7,good,0.12474047392606735,0.042998697608709335
historical_display_2d_104,79,8,philosophy,0.10101848840713501,0.015573646873235703
historical_display_2d_104,79,9,aristotle,0.09780202060937881,0.04388494789600372
historical_display_2d_104,79,10,virtue ethics,0.09467975050210953,0.3509308993816376
historical_display_2d_104,79,11,argue,0.0932624340057373,0.016102831810712814
historical_display_2d_104,79,12,theory,0.09288050979375839,0.013916529715061188
historical_display_2d_104,80,1,mental,0.21546314656734467,0.1063648909330368
historical_display_2d_104,80,2,psychiatric,0.19048412144184113,0.530217707157135
historical_display_2d_104,80,3,disorder,0.17175304889678955,0.3980812728404999
historical_display_2d_104,80,4,psychiatry,0.1710701435804367,0.5329237580299377
historical_display_2d_104,80,5,disorders,0.15224818885326385,0.3976266384124756
historical_display_2d_104,80,6,self,0.13736353814601898,0.03444557264447212
historical_display_2d_104,80,7,depression,0.12914790213108063,0.5159352421760559
historical_display_2d_104,80,8,psychoanalysis,0.12588787078857422,0.47366127371788025
historical_display_2d_104,80,9,schizophrenia,0.11426259577274323,0.5247973203659058
historical_display_2d_104,80,10,experience,0.11157620698213577,0.04448723420500755
historical_display_2d_104,80,11,illness,0.10202129185199738,0.28127679228782654
historical_display_2d_104,80,12,mental health,0.09972277283668518,0.3043224811553955
historical_display_2d_104,81,1,art,0.18125401437282562,0.11665049940347672
historical_display_2d_104,81,2,life,0.14823870360851288,0.035795487463474274
historical_display_2d_104,81,3,body,0.128234401345253,0.08609385043382645
historical_display_2d_104,81,4,place,0.10866578668355942,0.06900671869516373
historical_display_2d_104,81,5,philosophy,0.10154268145561218,0.015654459595680237
historical_display_2d_104,81,6,world,0.09197372198104858,0.02379143051803112
historical_display_2d_104,81,7,new,0.08600933104753494,0.018785513937473297
historical_display_2d_104,81,8,earth,0.0841687023639679,0.1450599730014801
historical_display_2d_104,81,9,feeling,0.08310879021883011,0.1111086755990982
historical_display_2d_104,81,10,review,0.08068569004535675,0.018749361857771873
historical_display_2d_104,81,11,social,0.08066572993993759,0.016611136496067047
historical_display_2d_104,81,12,history,0.07771237194538116,0.03320344164967537
historical_display_2d_104,82,1,urban,0.32152214646339417,0.5772367715835571
historical_display_2d_104,82,2,city,0.2339383363723755,0.42892739176750183
historical_display_2d_104,82,3,tourism,0.18812401592731476,0.7543511390686035
historical_display_2d_104,82,4,architecture,0.1814403235912323,0.3638508915901184
historical_display_2d_104,82,5,cities,0.159061998128891,0.537567675113678
historical_display_2d_104,82,6,heritage,0.13618819415569305,0.36237436532974243
historical_display_2d_104,82,7,design,0.12274888157844543,0.07541196793317795
historical_display_2d_104,82,8,cultural,0.1165890172123909,0.06722219288349152
historical_display_2d_104,82,9,study,0.10019974410533905,0.028974229469895363
historical_display_2d_104,82,10,new,0.09634120017290115,0.021042123436927795
historical_display_2d_104,82,11,social,0.09499479085206985,0.019561856985092163
historical_display_2d_104,82,12,space,0.093165822327137,0.06768147647380829
historical_display_2d_104,83,1,logic,0.4255429208278656,0.1596270054578781
historical_display_2d_104,83,2,mathematics,0.2650214731693268,0.29489949345588684
historical_display_2d_104,83,3,mathematical,0.19853082299232483,0.1897381991147995
historical_display_2d_104,83,4,logics,0.17158342897891998,0.40898922085762024
historical_display_2d_104,83,5,theory,0.1580028384923935,0.023673979565501213
historical_display_2d_104,83,6,logical,0.15585365891456604,0.08388596773147583
historical_display_2d_104,83,7,truth,0.1390281766653061,0.04567025229334831
historical_display_2d_104,83,8,proof,0.1146392822265625,0.19228509068489075
historical_display_2d_104,83,9,set,0.11136545240879059,0.06649736315011978
historical_display_2d_104,83,10,theorem,0.10439329594373703,0.24661403894424438
historical_display_2d_104,83,11,modal,0.09727264195680618,0.07338470220565796
historical_display_2d_104,83,12,philosophy,0.09656774997711182,0.0148874931037426
historical_display_2d_104,84,1,emotions,0.4182605445384979,0.21730273962020874
historical_display_2d_104,84,2,anger,0.288086861371994,0.7050750255584717
historical_display_2d_104,84,3,moral,0.27310001850128174,0.05093603953719139
historical_display_2d_104,84,4,emotion,0.26345881819725037,0.18716058135032654
historical_display_2d_104,84,5,empathy,0.24958473443984985,0.31701233983039856
historical_display_2d_104,84,6,envy,0.20664973556995392,0.7318518757820129
historical_display_2d_104,84,7,sentimentalism,0.16669949889183044,0.9272193312644958
historical_display_2d_104,84,8,emotional,0.12803450226783752,0.11330993473529816
historical_display_2d_104,84,9,sentimental,0.08598682284355164,0.8514569997787476
historical_display_2d_104,84,10,argue,0.0849086344242096,0.01466045156121254
historical_display_2d_104,84,11,role,0.08049989491701126,0.02581677958369255
historical_display_2d_104,84,12,value,0.07112139463424683,0.022394994273781776
historical_display_2d_104,85,1,moral,0.5920780301094055,0.1104288101196289
historical_display_2d_104,85,2,normative,0.13301050662994385,0.05793655663728714
historical_display_2d_104,85,3,responsibility,0.1288391500711441,0.07420655339956284
historical_display_2d_104,85,4,morality,0.11403331160545349,0.0828079804778099
historical_display_2d_104,85,5,reasons,0.10514362156391144,0.03545282036066055
historical_display_2d_104,85,6,value,0.10218670219182968,0.03217696398496628
historical_display_2d_104,85,7,argue,0.10092964768409729,0.017426664009690285
historical_display_2d_104,85,8,ethics,0.09838823229074478,0.025456048548221588
historical_display_2d_104,85,9,paper,0.09357129037380219,0.014278668910264969
historical_display_2d_104,85,10,consequentialism,0.08981379121541977,0.28277072310447693
historical_display_2d_104,85,11,agent,0.08609704673290253,0.05666731297969818
historical_display_2d_104,85,12,theory,0.0857170820236206,0.01284321490675211
historical_display_2d_104,86,1,reasons,0.7060746550559998,0.2380775809288025
historical_display_2d_104,86,2,normative,0.2171722650527954,0.09459563344717026
historical_display_2d_104,86,3,reason,0.2126229703426361,0.08343783020973206
historical_display_2d_104,86,4,normative reasons,0.1407415270805359,0.6799675822257996
historical_display_2d_104,86,5,practical,0.12516580522060394,0.07047213613986969
historical_display_2d_104,86,6,desires,0.1171274408698082,0.17685438692569733
historical_display_2d_104,86,7,normativity,0.11166820675134659,0.1395145058631897
historical_display_2d_104,86,8,ought,0.10398552566766739,0.09595910459756851
historical_display_2d_104,86,9,action,0.10232560336589813,0.038021866232156754
historical_display_2d_104,86,10,reasoning,0.09970171749591827,0.05629310384392738
historical_display_2d_104,86,11,desire,0.09247656911611557,0.08517173677682877
historical_display_2d_104,86,12,rational,0.08369281142950058,0.053279224783182144
historical_display_2d_104,87,1,punishment,0.3491586446762085,0.5207697153091431
historical_display_2d_104,87,2,law,0.29985305666923523,0.16167861223220825
historical_display_2d_104,87,3,legal,0.25089240074157715,0.20881736278533936
historical_display_2d_104,87,4,criminal,0.23866870999336243,0.4680016040802002
historical_display_2d_104,87,5,justice,0.15312528610229492,0.06826817989349365
historical_display_2d_104,87,6,moral,0.1279020756483078,0.023855088278651237
historical_display_2d_104,87,7,police,0.11284167319536209,0.40955954790115356
historical_display_2d_104,87,8,crime,0.11062240600585938,0.3845110535621643
historical_display_2d_104,87,9,harm,0.10846199095249176,0.10673779249191284
historical_display_2d_104,87,10,rights,0.10348664224147797,0.05823361873626709
historical_display_2d_104,87,11,theory,0.09315279126167297,0.013957326300442219
historical_display_2d_104,87,12,responsibility,0.08628662675619125,0.0496978834271431
historical_display_2d_104,88,1,semantics,0.2854423224925995,0.22112664580345154
historical_display_2d_104,88,2,language,0.2515760064125061,0.09216020256280899
historical_display_2d_104,88,3,semantic,0.23799224197864532,0.17811664938926697
historical_display_2d_104,88,4,meaning,0.22004106640815735,0.08425063639879227
historical_display_2d_104,88,5,truth,0.1645415723323822,0.05405130982398987
historical_display_2d_104,88,6,linguistic,0.16402849555015564,0.15863804519176483
historical_display_2d_104,88,7,reference,0.1553528606891632,0.10478725284337997
historical_display_2d_104,88,8,theory,0.127707377076149,0.019134730100631714
historical_display_2d_104,88,9,sentences,0.11114794760942459,0.18458829820156097
historical_display_2d_104,88,10,paper,0.11029457300901413,0.01683058589696884
historical_display_2d_104,88,11,frege,0.10790491849184036,0.16415522992610931
historical_display_2d_104,88,12,logical,0.10780410468578339,0.05802399292588234
historical_display_2d_104,89,1,speech,0.3776342272758484,0.37537917494773865
historical_display_2d_104,89,2,conversational,0.18768078088760376,0.5174447298049927
historical_display_2d_104,89,3,communication,0.18504706025123596,0.16371645033359528
historical_display_2d_104,89,4,slurs,0.1618424355983734,0.8014703392982483
historical_display_2d_104,89,5,speaker,0.1611844152212143,0.406663179397583
historical_display_2d_104,89,6,acts,0.15638305246829987,0.18218082189559937
historical_display_2d_104,89,7,speech acts,0.14407216012477875,0.5962331295013428
historical_display_2d_104,89,8,linguistic,0.14364197850227356,0.13892148435115814
historical_display_2d_104,89,9,meaning,0.1306314766407013,0.05001695826649666
historical_display_2d_104,89,10,speech act,0.12971995770931244,0.6355217695236206
historical_display_2d_104,89,11,act,0.12426881492137909,0.08490806818008423
historical_display_2d_104,89,12,communicative,0.12265114486217499,0.4045310318470001
historical_display_2d_104,90,1,fiction,0.4209584891796112,0.3500075936317444
historical_display_2d_104,90,2,narrative,0.30330950021743774,0.25002753734588623
historical_display_2d_104,90,3,literary,0.1850781887769699,0.32951533794403076
historical_display_2d_104,90,4,literature,0.17539353668689728,0.08569592982530594
historical_display_2d_104,90,5,stories,0.14688146114349365,0.35769087076187134
historical_display_2d_104,90,6,imagination,0.13558782637119293,0.13865870237350464
historical_display_2d_104,90,7,empathy,0.12068115174770355,0.15328426659107208
historical_display_2d_104,90,8,fictions,0.11054876446723938,0.29751095175743103
historical_display_2d_104,90,9,narratives,0.11009350419044495,0.22476604580879211
historical_display_2d_104,90,10,story,0.10642265528440475,0.1377648413181305
historical_display_2d_104,90,11,cognitive,0.09914741665124893,0.03682064265012741
historical_display_2d_104,90,12,reading,0.0971565917134285,0.07083866000175476
historical_display_2d_104,91,1,belief,0.2487764209508896,0.10103530436754227
historical_display_2d_104,91,2,attitudes,0.23295919597148895,0.1929483264684677
historical_display_2d_104,91,3,propositional,0.2082553505897522,0.2878479063510895
historical_display_2d_104,91,4,expressivism,0.17818763852119446,0.3538472056388855
historical_display_2d_104,91,5,attitude,0.17085283994674683,0.18395574390888214
historical_display_2d_104,91,6,relativism,0.17012490332126617,0.30681052803993225
historical_display_2d_104,91,7,disagreement,0.16549935936927795,0.1467156857252121
historical_display_2d_104,91,8,truth,0.14548249542713165,0.04779047146439552
historical_display_2d_104,91,9,semantics,0.12900720536708832,0.09993939101696014
historical_display_2d_104,91,10,reports,0.1282946616411209,0.22892701625823975
historical_display_2d_104,91,11,problem,0.12644712626934052,0.029874287545681
historical_display_2d_104,91,12,semantic,0.12625658512115479,0.09449215233325958
historical_display_2d_104,92,1,film,0.5984243154525757,0.6967772245407104
historical_display_2d_104,92,2,films,0.25984740257263184,0.7489701509475708
historical_display_2d_104,92,3,cinema,0.23890678584575653,0.8473944664001465
historical_display_2d_104,92,4,cinematic,0.12426898628473282,0.882925808429718
historical_display_2d_104,92,5,art,0.11887256801128387,0.07650337368249893
historical_display_2d_104,92,6,philosophy,0.09754938632249832,0.015038828365504742
historical_display_2d_104,92,7,movie,0.07818830013275146,0.503264844417572
historical_display_2d_104,92,8,narrative,0.07805517315864563,0.06434332579374313
historical_display_2d_104,92,9,review,0.07797393202781677,0.018119215965270996
historical_display_2d_104,92,10,book,0.07671712338924408,0.027647709473967552
historical_display_2d_104,92,11,horror,0.07621774077415466,0.5912922620773315
historical_display_2d_104,92,12,movies,0.07107877731323242,0.6628682017326355
historical_display_2d_104,93,1,art,0.5321571826934814,0.34248289465904236
historical_display_2d_104,93,2,aesthetic,0.4712790250778198,0.5099993348121643
historical_display_2d_104,93,3,aesthetics,0.28887665271759033,0.39802417159080505
historical_display_2d_104,93,4,beauty,0.18568873405456543,0.3455565571784973
historical_display_2d_104,93,5,artworks,0.10203351825475693,0.6240965723991394
historical_display_2d_104,93,6,experience,0.07994427531957626,0.03187507390975952
historical_display_2d_104,93,7,kant,0.07890824973583221,0.031660083681344986
historical_display_2d_104,93,8,taste,0.07639636099338531,0.3207685649394989
historical_display_2d_104,93,9,theory,0.07637383043766022,0.01144329085946083
historical_display_2d_104,93,10,artistic,0.07605809718370438,0.24178306758403778
historical_display_2d_104,93,11,work,0.06990572810173035,0.0197740588337183
historical_display_2d_104,93,12,philosophy,0.0673513188958168,0.010383304208517075
historical_display_2d_104,94,1,phenomenology,0.4108941853046417,0.27121853828430176
historical_display_2d_104,94,2,husserl,0.2797797620296478,0.3772920072078705
historical_display_2d_104,94,3,phenomenological,0.17646116018295288,0.17444775998592377
historical_display_2d_104,94,4,heidegger,0.1746237426996231,0.15678367018699646
historical_display_2d_104,94,5,paper focuses,0.16894826292991638,0.5147002935409546
historical_display_2d_104,94,6,merleau ponty,0.1519905924797058,0.30914589762687683
historical_display_2d_104,94,7,merleau,0.15183833241462708,0.29902029037475586
historical_display_2d_104,94,8,ponty,0.1517629474401474,0.3080582618713379
historical_display_2d_104,94,9,awareness,0.14863282442092896,0.16464883089065552
historical_display_2d_104,94,10,focuses,0.14322315156459808,0.16140106320381165
historical_display_2d_104,94,11,paper,0.14259400963783264,0.02175937406718731
historical_display_2d_104,94,12,philosophy,0.13144350051879883,0.02026415802538395
historical_display_2d_104,95,1,economic,0.31372591853141785,0.19356460869312286
historical_display_2d_104,95,2,development,0.19179649651050568,0.08070017397403717
historical_display_2d_104,95,3,financial,0.1782795637845993,0.38356417417526245
historical_display_2d_104,95,4,poverty,0.1764998883008957,0.37877410650253296
historical_display_2d_104,95,5,vietnam,0.13502860069274902,0.2988496720790863
historical_display_2d_104,95,6,economy,0.1335524320602417,0.20462824404239655
historical_display_2d_104,95,7,market,0.13336730003356934,0.1871020644903183
historical_display_2d_104,95,8,social,0.1164250448346138,0.023974893614649773
historical_display_2d_104,95,9,political,0.11563576012849808,0.03922770172357559
historical_display_2d_104,95,10,global,0.11210496723651886,0.06416846066713333
historical_display_2d_104,95,11,justice,0.09072040021419525,0.040446072816848755
historical_display_2d_104,95,12,capitalism,0.09067125618457794,0.27702856063842773
historical_display_2d_104,96,1,business,0.34535321593284607,0.41562095284461975
historical_display_2d_104,96,2,market,0.2924651801586151,0.41030174493789673
historical_display_2d_104,96,3,corporate,0.24593371152877808,0.5048129558563232
historical_display_2d_104,96,4,ethics,0.17096740007400513,0.0442345030605793
historical_display_2d_104,96,5,business ethics,0.16284799575805664,0.7759385108947754
historical_display_2d_104,96,6,markets,0.1454622447490692,0.3904331624507904
historical_display_2d_104,96,7,workplace,0.11344460397958755,0.5210835933685303
historical_display_2d_104,96,8,corporations,0.11167102307081223,0.5154222249984741
historical_display_2d_104,96,9,economic,0.11146212369203568,0.06877060979604721
historical_display_2d_104,96,10,work,0.10140777379274368,0.028684962540864944
historical_display_2d_104,96,11,social,0.09279913455247879,0.019109714776277542
historical_display_2d_104,96,12,law,0.09263987839221954,0.04995075613260269
historical_display_2d_104,97,1,gender,0.4666363000869751,0.35660994052886963
historical_display_2d_104,97,2,women,0.37373343110084534,0.29498445987701416
historical_display_2d_104,97,3,feminist,0.34489795565605164,0.4099200963973999
historical_display_2d_104,97,4,feminism,0.23583495616912842,0.5381070375442505
historical_display_2d_104,97,5,woman,0.12732499837875366,0.3974776566028595
historical_display_2d_104,97,6,philosophy,0.12393847107887268,0.019107136875391006
historical_display_2d_104,97,7,review,0.09208569675683975,0.02139844186604023
historical_display_2d_104,97,8,trans,0.08866043388843536,0.2210119664669037
historical_display_2d_104,97,9,oppression,0.08695336431264877,0.201143279671669
historical_display_2d_104,97,10,social,0.08371742069721222,0.017239557579159737
historical_display_2d_104,97,11,gendered,0.08205457031726837,0.4697019159793854
historical_display_2d_104,97,12,identity,0.08011356741189957,0.03081079199910164
historical_display_2d_104,98,1,cultural,0.29290151596069336,0.1688794046640396
historical_display_2d_104,98,2,african,0.1517595797777176,0.20748290419578552
historical_display_2d_104,98,3,culture,0.13097679615020752,0.10673601180315018
historical_display_2d_104,98,4,identity,0.12904667854309082,0.049629926681518555
historical_display_2d_104,98,5,social,0.10084554553031921,0.02076667733490467
historical_display_2d_104,98,6,new,0.10047749429941177,0.021945541724562645
historical_display_2d_104,98,7,world,0.09787775576114655,0.02531866542994976
historical_display_2d_104,98,8,political,0.08832041919231415,0.02996138110756874
historical_display_2d_104,98,9,religious,0.0837399810552597,0.05596344545483589
historical_display_2d_104,98,10,people,0.08339188992977142,0.027692733332514763
historical_display_2d_104,98,11,religion,0.0833132266998291,0.06706910580396652
historical_display_2d_104,98,12,paper,0.08297384530305862,0.012661534361541271
historical_display_2d_104,99,1,philosophy,0.33399590849876404,0.051490914076566696
historical_display_2d_104,99,2,god,0.18015460669994354,0.07169916480779648
historical_display_2d_104,99,3,religion,0.16243751347064972,0.13076601922512054
historical_display_2d_104,99,4,philosophical,0.15675309300422668,0.03828529268503189
historical_display_2d_104,99,5,religious,0.13258008658885956,0.08860329538583755
historical_display_2d_104,99,6,plato,0.11845625936985016,0.11820155382156372
historical_display_2d_104,99,7,history,0.11805428564548492,0.05043995380401611
historical_display_2d_104,99,8,review,0.11719697713851929,0.027233682572841644
historical_display_2d_104,99,9,life,0.10088440030813217,0.02436075359582901
historical_display_2d_104,99,10,divine,0.09877482056617737,0.1032397523522377
historical_display_2d_104,99,11,book,0.09187856316566467,0.03311166539788246
historical_display_2d_104,99,12,paper,0.09183605015277863,0.014013877138495445
historical_display_2d_104,100,1,political,0.4567582607269287,0.1549483984708786
historical_display_2d_104,100,2,politics,0.177326500415802,0.14995859563350677
historical_display_2d_104,100,3,democracy,0.1698082834482193,0.13883066177368164
historical_display_2d_104,100,4,liberalism,0.11813686043024063,0.24298882484436035
historical_display_2d_104,100,5,social,0.11706651002168655,0.024106988683342934
historical_display_2d_104,100,6,democratic,0.11635901033878326,0.11065662652254105
historical_display_2d_104,100,7,philosophy,0.1104593575000763,0.017029110342264175
historical_display_2d_104,100,8,theory,0.10726095736026764,0.01607118919491768
historical_display_2d_104,100,9,public,0.10448842495679855,0.05074622482061386
historical_display_2d_104,100,10,state,0.10085854679346085,0.044215600937604904
historical_display_2d_104,100,11,race,0.10074153542518616,0.20057913661003113
historical_display_2d_104,100,12,liberal,0.09648584574460983,0.11681969463825226
historical_display_2d_104,101,1,global,0.23418016731739044,0.1340438425540924
historical_display_2d_104,101,2,political,0.2273985892534256,0.07714156806468964
historical_display_2d_104,101,3,justice,0.19102530181407928,0.08516522496938705
historical_display_2d_104,101,4,sovereignty,0.17715097963809967,0.43258944153785706
historical_display_2d_104,101,5,democracy,0.1709408313035965,0.13975660502910614
historical_display_2d_104,101,6,international,0.14840629696846008,0.13757996261119843
historical_display_2d_104,101,7,global justice,0.14820514619350433,0.6540418267250061
historical_display_2d_104,101,8,state,0.1436217576265335,0.06296265870332718
historical_display_2d_104,101,9,power,0.1241217851638794,0.0693361908197403
historical_display_2d_104,101,10,democratic,0.11850842088460922,0.1127007007598877
historical_display_2d_104,101,11,government,0.11029871553182602,0.1362425982952118
historical_display_2d_104,101,12,peace,0.10452799499034882,0.3499326705932617
historical_display_2d_104,102,1,immigration,0.4769055247306824,0.839571475982666
historical_display_2d_104,102,2,borders,0.2598477602005005,0.6297459006309509
historical_display_2d_104,102,3,migration,0.19147691130638123,0.5081371068954468
historical_display_2d_104,102,4,rights,0.1627940684556961,0.09160687029361725
historical_display_2d_104,102,5,justice,0.1608874797821045,0.07172881811857224
historical_display_2d_104,102,6,freedom,0.1579374372959137,0.0886639878153801
historical_display_2d_104,102,7,open borders,0.13951289653778076,0.9904558062553406
historical_display_2d_104,102,8,right,0.1380283385515213,0.06740350276231766
historical_display_2d_104,102,9,immigrants,0.1328662633895874,0.68172287940979
historical_display_2d_104,102,10,human rights,0.11776163429021835,0.1820240169763565
historical_display_2d_104,102,11,political,0.11553151905536652,0.03919233754277229
historical_display_2d_104,102,12,law,0.10995562374591827,0.05928727984428406
historical_display_2d_104,103,1,justice,0.3090008497238159,0.13776251673698425
historical_display_2d_104,103,2,rights,0.2745765149593353,0.15450868010520935
historical_display_2d_104,103,3,liberty,0.17109829187393188,0.33319324254989624
historical_display_2d_104,103,4,libertarianism,0.1704867035150528,0.4471057951450348
historical_display_2d_104,103,5,law,0.16936993598937988,0.09132304787635803
historical_display_2d_104,103,6,rawls,0.14675475656986237,0.2650344967842102
historical_display_2d_104,103,7,equality,0.13439901173114777,0.15957710146903992
historical_display_2d_104,103,8,property,0.13208571076393127,0.12986887991428375
historical_display_2d_104,103,9,theory,0.12624849379062653,0.018916143104434013
historical_display_2d_104,103,10,political,0.12135061621665955,0.04116638004779816
historical_display_2d_104,103,11,right,0.114857979118824,0.05608870089054108
historical_display_2d_104,103,12,libertarian,0.11473958194255829,0.28964120149612427
